tod_sin,tod_cos,dow_sin,dow_cos,is_weekend,event_flag,event_countdown,t
1.0,-4.371139e-08,0.9749279,-0.22252095,0.0,1.0,1.0,2023-03-01 06:00:00
0.99904823,-0.043619424,0.9749279,-0.22252095,0.0,1.0,1.0,2023-03-01 06:10:00
0.99619466,-0.087155886,0.9749279,-0.22252095,0.0,1.0,1.0,2023-03-01 06:20:00
0.9914448,-0.13052633,0.9749279,-0.22252095,0.0,1.0,1.0,2023-03-01 06:30:00
0.9848077,-0.1736483,0.9749279,-0.22252095,0.0,1.0,1.0,2023-03-01 06:40:00
0.976296,-0.21643962,0.9749279,-0.22252095,0.0,1.0,1.0,2023-03-01 06:50:00
0.9659258,-0.258819,0.9749279,-0.22252095,0.0,1.0,1.0,2023-03-01 07:00:00
0.95371693,-0.30070576,0.9749279,-0.22252095,0.0,1.0,1.0,2023-03-01 07:10:00
0.9396926,-0.3420201,0.9749279,-0.22252095,0.0,1.0,1.0,2023-03-01 07:20:00
0.9238795,-0.3826835,0.9749279,-0.22252095,0.0,1.0,1.0,2023-03-01 07:30:00
0.90630776,-0.42261833,0.9749279,-0.22252095,0.0,1.0,1.0,2023-03-01 07:40:00
0.8870108,-0.46174866,0.9749279,-0.22252095,0.0,1.0,1.0,2023-03-01 07:50:00
0.8660254,-0.50000006,0.9749279,-0.22252095,0.0,1.0,1.0,2023-03-01 08:00:00
0.8433914,-0.5372997,0.9749279,-0.22252095,0.0,1.0,1.0,2023-03-01 08:10:00
0.819152,-0.5735765,0.9749279,-0.22252095,0.0,1.0,1.0,2023-03-01 08:20:00
0.7933533,-0.6087615,0.9749279,-0.22252095,0.0,1.0,1.0,2023-03-01 08:30:00
0.76604444,-0.64278764,0.9749279,-0.22252095,0.0,1.0,1.0,2023-03-01 08:40:00
0.7372773,-0.6755902,0.9749279,-0.22252095,0.0,1.0,1.0,2023-03-01 08:50:00
0.70710677,-0.70710677,0.9749279,-0.22252095,0.0,1.0,1.0,2023-03-01 09:00:00
0.6755902,-0.7372773,0.9749279,-0.22252095,0.0,1.0,1.0,2023-03-01 09:10:00
0.64278746,-0.76604456,0.9749279,-0.22252095,0.0,1.0,1.0,2023-03-01 09:20:00
0.60876125,-0.79335344,0.9749279,-0.22252095,0.0,1.0,1.0,2023-03-01 09:30:00
0.5735763,-0.8191521,0.9749279,-0.22252095,0.0,1.0,1.0,2023-03-01 09:40:00
0.5372997,-0.8433914,0.9749279,-0.22252095,0.0,1.0,1.0,2023-03-01 09:50:00
0.50000006,-0.8660254,0.9749279,-0.22252095,0.0,1.0,1.0,2023-03-01 10:00:00
0.46174866,-0.8870108,0.9749279,-0.22252095,0.0,1.0,1.0,2023-03-01 10:10:00
0.42261833,-0.90630776,0.9749279,-0.22252095,0.0,1.0,1.0,2023-03-01 10:20:00
0.38268328,-0.9238796,0.9749279,-0.22252095,0.0,1.0,1.0,2023-03-01 10:30:00
0.34202,-0.9396927,0.9749279,-0.22252095,0.0,1.0,1.0,2023-03-01 10:40:00
0.30070564,-0.953717,0.9749279,-0.22252095,0.0,1.0,1.0,2023-03-01 10:50:00
0.2588189,-0.9659259,0.9749279,-0.22252095,0.0,1.0,1.0,2023-03-01 11:00:00
0.21643949,-0.976296,0.9749279,-0.22252095,0.0,1.0,1.0,2023-03-01 11:10:00
0.17364828,-0.9848077,0.9749279,-0.22252095,0.0,1.0,1.0,2023-03-01 11:20:00
0.13052608,-0.9914449,0.9749279,-0.22252095,0.0,1.0,1.0,2023-03-01 11:30:00
0.08715563,-0.9961947,0.9749279,-0.22252095,0.0,1.0,1.0,2023-03-01 11:40:00
0.043619294,-0.99904823,0.9749279,-0.22252095,0.0,1.0,1.0,2023-03-01 11:50:00
-8.742278e-08,-1.0,0.9749279,-0.22252095,0.0,1.0,1.0,2023-03-01 12:00:00
-0.043619227,-0.99904823,0.9749279,-0.22252095,0.0,1.0,0.9722222,2023-03-01 12:10:00
-0.08715581,-0.9961947,0.9749279,-0.22252095,0.0,1.0,0.9444444,2023-03-01 12:20:00
-0.13052626,-0.9914448,0.9749279,-0.22252095,0.0,1.0,0.9166667,2023-03-01 12:30:00
-0.17364846,-0.9848077,0.9749279,-0.22252095,0.0,1.0,0.8888889,2023-03-01 12:40:00
-0.21643966,-0.976296,0.9749279,-0.22252095,0.0,1.0,0.8611111,2023-03-01 12:50:00
-0.2588193,-0.96592575,0.9749279,-0.22252095,0.0,1.0,0.8333333,2023-03-01 13:00:00
-0.30070582,-0.95371693,0.9749279,-0.22252095,0.0,1.0,0.8055556,2023-03-01 13:10:00
-0.3420204,-0.93969256,0.9749279,-0.22252095,0.0,1.0,0.7777778,2023-03-01 13:20:00
-0.38268346,-0.9238795,0.9749279,-0.22252095,0.0,1.0,0.75,2023-03-01 13:30:00
-0.42261827,-0.90630776,0.9749279,-0.22252095,0.0,1.0,0.7222222,2023-03-01 13:40:00
-0.4617488,-0.88701075,0.9749279,-0.22252095,0.0,1.0,0.6944444,2023-03-01 13:50:00
-0.49999997,-0.86602545,0.9749279,-0.22252095,0.0,1.0,0.6666667,2023-03-01 14:00:00
-0.53729975,-0.84339136,0.9749279,-0.22252095,0.0,1.0,0.6388889,2023-03-01 14:10:00
-0.5735764,-0.81915206,0.9749279,-0.22252095,0.0,1.0,0.6111111,2023-03-01 14:20:00
-0.60876155,-0.79335326,0.9749279,-0.22252095,0.0,1.0,0.5833333,2023-03-01 14:30:00
-0.6427876,-0.7660445,0.9749279,-0.22252095,0.0,1.0,0.5555556,2023-03-01 14:40:00
-0.67559034,-0.73727727,0.9749279,-0.22252095,0.0,1.0,0.5277778,2023-03-01 14:50:00
-0.7071069,-0.7071067,0.9749279,-0.22252095,0.0,1.0,0.5,2023-03-01 15:00:00
-0.73727727,-0.6755903,0.9749279,-0.22252095,0.0,1.0,0.4722222,2023-03-01 15:10:00
-0.76604456,-0.6427875,0.9749279,-0.22252095,0.0,1.0,0.44444445,2023-03-01 15:20:00
-0.79335326,-0.6087615,0.9749279,-0.22252095,0.0,1.0,0.41666666,2023-03-01 15:30:00
-0.8191521,-0.57357633,0.9749279,-0.22252095,0.0,1.0,0.3888889,2023-03-01 15:40:00
-0.84339136,-0.5372997,0.9749279,-0.22252095,0.0,1.0,0.3611111,2023-03-01 15:50:00
-0.86602545,-0.4999999,0.9749279,-0.22252095,0.0,1.0,0.33333334,2023-03-01 16:00:00
-0.88701075,-0.46174875,0.9749279,-0.22252095,0.0,1.0,0.30555555,2023-03-01 16:10:00
-0.9063078,-0.42261818,0.9749279,-0.22252095,0.0,1.0,0.2777778,2023-03-01 16:20:00
-0.9238796,-0.38268313,0.9749279,-0.22252095,0.0,1.0,0.25,2023-03-01 16:30:00
-0.9396926,-0.34202006,0.9749279,-0.22252095,0.0,1.0,0.22222222,2023-03-01 16:40:00
-0.95371705,-0.30070552,0.9749279,-0.22252095,0.0,1.0,0.19444445,2023-03-01 16:50:00
-0.9659258,-0.25881898,0.9749279,-0.22252095,0.0,1.0,0.16666667,2023-03-01 17:00:00
-0.97629607,-0.21643932,0.9749279,-0.22252095,0.0,1.0,0.1388889,2023-03-01 17:10:00
-0.9848078,-0.17364813,0.9749279,-0.22252095,0.0,1.0,0.11111111,2023-03-01 17:20:00
-0.9914449,-0.13052592,0.9749279,-0.22252095,0.0,1.0,0.083333336,2023-03-01 17:30:00
-0.9961947,-0.08715571,0.9749279,-0.22252095,0.0,1.0,0.055555556,2023-03-01 17:40:00
-0.99904823,-0.04361913,0.9749279,-0.22252095,0.0,1.0,0.027777778,2023-03-01 17:50:00
-1.0,1.1924881e-08,0.9749279,-0.22252095,0.0,1.0,0.0,2023-03-01 18:00:00
-0.99904823,0.043619152,0.9749279,-0.22252095,0.0,1.0,0.027777778,2023-03-01 18:10:00
-0.9961947,0.08715574,0.9749279,-0.22252095,0.0,1.0,0.055555556,2023-03-01 18:20:00
-0.9914448,0.13052642,0.9749279,-0.22252095,0.0,1.0,0.083333336,2023-03-01 18:30:00
-0.98480767,0.17364863,0.9749279,-0.22252095,0.0,1.0,0.11111111,2023-03-01 18:40:00
-0.97629595,0.21643981,0.9749279,-0.22252095,0.0,1.0,0.1388889,2023-03-01 18:50:00
-0.9659257,0.25881946,0.9749279,-0.22252095,0.0,1.0,0.16666667,2023-03-01 19:00:00
-0.9537169,0.30070597,0.9749279,-0.22252095,0.0,1.0,0.19444445,2023-03-01 19:10:00
-0.9396925,0.3420205,0.9749279,-0.22252095,0.0,1.0,0.22222222,2023-03-01 19:20:00
-0.92387944,0.38268358,0.9749279,-0.22252095,0.0,1.0,0.25,2023-03-01 19:30:00
-0.9063078,0.42261818,0.9749279,-0.22252095,0.0,1.0,0.2777778,2023-03-01 19:40:00
-0.88701075,0.46174875,0.9749279,-0.22252095,0.0,1.0,0.30555555,2023-03-01 19:50:00
-0.86602545,0.4999999,0.9749279,-0.22252095,0.0,1.0,0.33333334,2023-03-01 20:00:00
-0.84339136,0.5372997,0.9749279,-0.22252095,0.0,1.0,0.3611111,2023-03-01 20:10:00
-0.8191521,0.57357633,0.9749279,-0.22252095,0.0,1.0,0.3888889,2023-03-01 20:20:00
-0.79335326,0.6087615,0.9749279,-0.22252095,0.0,1.0,0.41666666,2023-03-01 20:30:00
-0.76604456,0.6427875,0.9749279,-0.22252095,0.0,1.0,0.44444445,2023-03-01 20:40:00
-0.73727727,0.6755903,0.9749279,-0.22252095,0.0,1.0,0.4722222,2023-03-01 20:50:00
-0.70710653,0.707107,0.9749279,-0.22252095,0.0,1.0,0.5,2023-03-01 21:00:00
-0.67559016,0.7372774,0.9749279,-0.22252095,0.0,1.0,0.5277778,2023-03-01 21:10:00
-0.6427874,0.7660446,0.9749279,-0.22252095,0.0,1.0,0.5555556,2023-03-01 21:20:00
-0.60876137,0.7933534,0.9749279,-0.22252095,0.0,1.0,0.5833333,2023-03-01 21:30:00
-0.5735762,0.81915224,0.9749279,-0.22252095,0.0,1.0,0.6111111,2023-03-01 21:40:00
-0.5372996,0.8433915,0.9749279,-0.22252095,0.0,1.0,0.6388889,2023-03-01 21:50:00
-0.49999976,0.86602557,0.9749279,-0.22252095,0.0,1.0,0.6666667,2023-03-01 22:00:00
-0.46174857,0.8870109,0.9749279,-0.22252095,0.0,1.0,0.6944444,2023-03-01 22:10:00
-0.42261803,0.9063079,0.9749279,-0.22252095,0.0,1.0,0.7222222,2023-03-01 22:20:00
-0.38268343,0.92387956,0.9749279,-0.22252095,0.0,1.0,0.75,2023-03-01 22:30:00
-0.34202036,0.93969256,0.9749279,-0.22252095,0.0,1.0,0.7777778,2023-03-01 22:40:00
-0.3007058,0.95371693,0.9749279,-0.22252095,0.0,1.0,0.8055556,2023-03-01 22:50:00
-0.25881884,0.9659259,0.9749279,-0.22252095,0.0,1.0,0.8333333,2023-03-01 23:00:00
-0.21643916,0.9762961,0.9749279,-0.22252095,0.0,1.0,0.8611111,2023-03-01 23:10:00
-0.17364797,0.9848078,0.9749279,-0.22252095,0.0,1.0,0.8888889,2023-03-01 23:20:00
-0.13052575,0.99144495,0.9749279,-0.22252095,0.0,1.0,0.9166667,2023-03-01 23:30:00
-0.08715556,0.9961947,0.9749279,-0.22252095,0.0,1.0,0.9444444,2023-03-01 23:40:00
-0.043618966,0.99904823,0.9749279,-0.22252095,0.0,1.0,0.9722222,2023-03-01 23:50:00
1.0,-4.371139e-08,0.43388382,-0.90096885,0.0,0.0,1.0,2023-03-02 06:00:00
0.99904823,-0.043619424,0.43388382,-0.90096885,0.0,0.0,1.0,2023-03-02 06:10:00
0.99619466,-0.087155886,0.43388382,-0.90096885,0.0,0.0,1.0,2023-03-02 06:20:00
0.9914448,-0.13052633,0.43388382,-0.90096885,0.0,0.0,1.0,2023-03-02 06:30:00
0.9848077,-0.1736483,0.43388382,-0.90096885,0.0,0.0,1.0,2023-03-02 06:40:00
0.976296,-0.21643962,0.43388382,-0.90096885,0.0,0.0,1.0,2023-03-02 06:50:00
0.9659258,-0.258819,0.43388382,-0.90096885,0.0,0.0,1.0,2023-03-02 07:00:00
0.95371693,-0.30070576,0.43388382,-0.90096885,0.0,0.0,1.0,2023-03-02 07:10:00
0.9396926,-0.3420201,0.43388382,-0.90096885,0.0,0.0,1.0,2023-03-02 07:20:00
0.9238795,-0.3826835,0.43388382,-0.90096885,0.0,0.0,1.0,2023-03-02 07:30:00
0.90630776,-0.42261833,0.43388382,-0.90096885,0.0,0.0,1.0,2023-03-02 07:40:00
0.8870108,-0.46174866,0.43388382,-0.90096885,0.0,0.0,1.0,2023-03-02 07:50:00
0.8660254,-0.50000006,0.43388382,-0.90096885,0.0,0.0,1.0,2023-03-02 08:00:00
0.8433914,-0.5372997,0.43388382,-0.90096885,0.0,0.0,1.0,2023-03-02 08:10:00
0.819152,-0.5735765,0.43388382,-0.90096885,0.0,0.0,1.0,2023-03-02 08:20:00
0.7933533,-0.6087615,0.43388382,-0.90096885,0.0,0.0,1.0,2023-03-02 08:30:00
0.76604444,-0.64278764,0.43388382,-0.90096885,0.0,0.0,1.0,2023-03-02 08:40:00
0.7372773,-0.6755902,0.43388382,-0.90096885,0.0,0.0,1.0,2023-03-02 08:50:00
0.70710677,-0.70710677,0.43388382,-0.90096885,0.0,0.0,1.0,2023-03-02 09:00:00
0.6755902,-0.7372773,0.43388382,-0.90096885,0.0,0.0,1.0,2023-03-02 09:10:00
0.64278746,-0.76604456,0.43388382,-0.90096885,0.0,0.0,1.0,2023-03-02 09:20:00
0.60876125,-0.79335344,0.43388382,-0.90096885,0.0,0.0,1.0,2023-03-02 09:30:00
0.5735763,-0.8191521,0.43388382,-0.90096885,0.0,0.0,1.0,2023-03-02 09:40:00
0.5372997,-0.8433914,0.43388382,-0.90096885,0.0,0.0,1.0,2023-03-02 09:50:00
0.50000006,-0.8660254,0.43388382,-0.90096885,0.0,0.0,1.0,2023-03-02 10:00:00
0.46174866,-0.8870108,0.43388382,-0.90096885,0.0,0.0,1.0,2023-03-02 10:10:00
0.42261833,-0.90630776,0.43388382,-0.90096885,0.0,0.0,1.0,2023-03-02 10:20:00
0.38268328,-0.9238796,0.43388382,-0.90096885,0.0,0.0,1.0,2023-03-02 10:30:00
0.34202,-0.9396927,0.43388382,-0.90096885,0.0,0.0,1.0,2023-03-02 10:40:00
0.30070564,-0.953717,0.43388382,-0.90096885,0.0,0.0,1.0,2023-03-02 10:50:00
0.2588189,-0.9659259,0.43388382,-0.90096885,0.0,0.0,1.0,2023-03-02 11:00:00
0.21643949,-0.976296,0.43388382,-0.90096885,0.0,0.0,1.0,2023-03-02 11:10:00
0.17364828,-0.9848077,0.43388382,-0.90096885,0.0,0.0,1.0,2023-03-02 11:20:00
0.13052608,-0.9914449,0.43388382,-0.90096885,0.0,0.0,1.0,2023-03-02 11:30:00
0.08715563,-0.9961947,0.43388382,-0.90096885,0.0,0.0,1.0,2023-03-02 11:40:00
0.043619294,-0.99904823,0.43388382,-0.90096885,0.0,0.0,1.0,2023-03-02 11:50:00
-8.742278e-08,-1.0,0.43388382,-0.90096885,0.0,0.0,1.0,2023-03-02 12:00:00
-0.043619227,-0.99904823,0.43388382,-0.90096885,0.0,0.0,1.0,2023-03-02 12:10:00
-0.08715581,-0.9961947,0.43388382,-0.90096885,0.0,0.0,1.0,2023-03-02 12:20:00
-0.13052626,-0.9914448,0.43388382,-0.90096885,0.0,0.0,1.0,2023-03-02 12:30:00
-0.17364846,-0.9848077,0.43388382,-0.90096885,0.0,0.0,1.0,2023-03-02 12:40:00
-0.21643966,-0.976296,0.43388382,-0.90096885,0.0,0.0,1.0,2023-03-02 12:50:00
-0.2588193,-0.96592575,0.43388382,-0.90096885,0.0,0.0,1.0,2023-03-02 13:00:00
-0.30070582,-0.95371693,0.43388382,-0.90096885,0.0,0.0,1.0,2023-03-02 13:10:00
-0.3420204,-0.93969256,0.43388382,-0.90096885,0.0,0.0,1.0,2023-03-02 13:20:00
-0.38268346,-0.9238795,0.43388382,-0.90096885,0.0,0.0,1.0,2023-03-02 13:30:00
-0.42261827,-0.90630776,0.43388382,-0.90096885,0.0,0.0,1.0,2023-03-02 13:40:00
-0.4617488,-0.88701075,0.43388382,-0.90096885,0.0,0.0,1.0,2023-03-02 13:50:00
-0.49999997,-0.86602545,0.43388382,-0.90096885,0.0,0.0,1.0,2023-03-02 14:00:00
-0.53729975,-0.84339136,0.43388382,-0.90096885,0.0,0.0,1.0,2023-03-02 14:10:00
-0.5735764,-0.81915206,0.43388382,-0.90096885,0.0,0.0,1.0,2023-03-02 14:20:00
-0.60876155,-0.79335326,0.43388382,-0.90096885,0.0,0.0,1.0,2023-03-02 14:30:00
-0.6427876,-0.7660445,0.43388382,-0.90096885,0.0,0.0,1.0,2023-03-02 14:40:00
-0.67559034,-0.73727727,0.43388382,-0.90096885,0.0,0.0,1.0,2023-03-02 14:50:00
-0.7071069,-0.7071067,0.43388382,-0.90096885,0.0,0.0,1.0,2023-03-02 15:00:00
-0.73727727,-0.6755903,0.43388382,-0.90096885,0.0,0.0,1.0,2023-03-02 15:10:00
-0.76604456,-0.6427875,0.43388382,-0.90096885,0.0,0.0,1.0,2023-03-02 15:20:00
-0.79335326,-0.6087615,0.43388382,-0.90096885,0.0,0.0,1.0,2023-03-02 15:30:00
-0.8191521,-0.57357633,0.43388382,-0.90096885,0.0,0.0,1.0,2023-03-02 15:40:00
-0.84339136,-0.5372997,0.43388382,-0.90096885,0.0,0.0,1.0,2023-03-02 15:50:00
-0.86602545,-0.4999999,0.43388382,-0.90096885,0.0,0.0,1.0,2023-03-02 16:00:00
-0.88701075,-0.46174875,0.43388382,-0.90096885,0.0,0.0,1.0,2023-03-02 16:10:00
-0.9063078,-0.42261818,0.43388382,-0.90096885,0.0,0.0,1.0,2023-03-02 16:20:00
-0.9238796,-0.38268313,0.43388382,-0.90096885,0.0,0.0,1.0,2023-03-02 16:30:00
-0.9396926,-0.34202006,0.43388382,-0.90096885,0.0,0.0,1.0,2023-03-02 16:40:00
-0.95371705,-0.30070552,0.43388382,-0.90096885,0.0,0.0,1.0,2023-03-02 16:50:00
-0.9659258,-0.25881898,0.43388382,-0.90096885,0.0,0.0,1.0,2023-03-02 17:00:00
-0.97629607,-0.21643932,0.43388382,-0.90096885,0.0,0.0,1.0,2023-03-02 17:10:00
-0.9848078,-0.17364813,0.43388382,-0.90096885,0.0,0.0,1.0,2023-03-02 17:20:00
-0.9914449,-0.13052592,0.43388382,-0.90096885,0.0,0.0,1.0,2023-03-02 17:30:00
-0.9961947,-0.08715571,0.43388382,-0.90096885,0.0,0.0,1.0,2023-03-02 17:40:00
-0.99904823,-0.04361913,0.43388382,-0.90096885,0.0,0.0,1.0,2023-03-02 17:50:00
-1.0,1.1924881e-08,0.43388382,-0.90096885,0.0,0.0,1.0,2023-03-02 18:00:00
-0.99904823,0.043619152,0.43388382,-0.90096885,0.0,0.0,1.0,2023-03-02 18:10:00
-0.9961947,0.08715574,0.43388382,-0.90096885,0.0,0.0,1.0,2023-03-02 18:20:00
-0.9914448,0.13052642,0.43388382,-0.90096885,0.0,0.0,1.0,2023-03-02 18:30:00
-0.98480767,0.17364863,0.43388382,-0.90096885,0.0,0.0,1.0,2023-03-02 18:40:00
-0.97629595,0.21643981,0.43388382,-0.90096885,0.0,0.0,1.0,2023-03-02 18:50:00
-0.9659257,0.25881946,0.43388382,-0.90096885,0.0,0.0,1.0,2023-03-02 19:00:00
-0.9537169,0.30070597,0.43388382,-0.90096885,0.0,0.0,1.0,2023-03-02 19:10:00
-0.9396925,0.3420205,0.43388382,-0.90096885,0.0,0.0,1.0,2023-03-02 19:20:00
-0.92387944,0.38268358,0.43388382,-0.90096885,0.0,0.0,1.0,2023-03-02 19:30:00
-0.9063078,0.42261818,0.43388382,-0.90096885,0.0,0.0,1.0,2023-03-02 19:40:00
-0.88701075,0.46174875,0.43388382,-0.90096885,0.0,0.0,1.0,2023-03-02 19:50:00
-0.86602545,0.4999999,0.43388382,-0.90096885,0.0,0.0,1.0,2023-03-02 20:00:00
-0.84339136,0.5372997,0.43388382,-0.90096885,0.0,0.0,1.0,2023-03-02 20:10:00
-0.8191521,0.57357633,0.43388382,-0.90096885,0.0,0.0,1.0,2023-03-02 20:20:00
-0.79335326,0.6087615,0.43388382,-0.90096885,0.0,0.0,1.0,2023-03-02 20:30:00
-0.76604456,0.6427875,0.43388382,-0.90096885,0.0,0.0,1.0,2023-03-02 20:40:00
-0.73727727,0.6755903,0.43388382,-0.90096885,0.0,0.0,1.0,2023-03-02 20:50:00
-0.70710653,0.707107,0.43388382,-0.90096885,0.0,0.0,1.0,2023-03-02 21:00:00
-0.67559016,0.7372774,0.43388382,-0.90096885,0.0,0.0,1.0,2023-03-02 21:10:00
-0.6427874,0.7660446,0.43388382,-0.90096885,0.0,0.0,1.0,2023-03-02 21:20:00
-0.60876137,0.7933534,0.43388382,-0.90096885,0.0,0.0,1.0,2023-03-02 21:30:00
-0.5735762,0.81915224,0.43388382,-0.90096885,0.0,0.0,1.0,2023-03-02 21:40:00
-0.5372996,0.8433915,0.43388382,-0.90096885,0.0,0.0,1.0,2023-03-02 21:50:00
-0.49999976,0.86602557,0.43388382,-0.90096885,0.0,0.0,1.0,2023-03-02 22:00:00
-0.46174857,0.8870109,0.43388382,-0.90096885,0.0,0.0,1.0,2023-03-02 22:10:00
-0.42261803,0.9063079,0.43388382,-0.90096885,0.0,0.0,1.0,2023-03-02 22:20:00
-0.38268343,0.92387956,0.43388382,-0.90096885,0.0,0.0,1.0,2023-03-02 22:30:00
-0.34202036,0.93969256,0.43388382,-0.90096885,0.0,0.0,1.0,2023-03-02 22:40:00
-0.3007058,0.95371693,0.43388382,-0.90096885,0.0,0.0,1.0,2023-03-02 22:50:00
-0.25881884,0.9659259,0.43388382,-0.90096885,0.0,0.0,1.0,2023-03-02 23:00:00
-0.21643916,0.9762961,0.43388382,-0.90096885,0.0,0.0,1.0,2023-03-02 23:10:00
-0.17364797,0.9848078,0.43388382,-0.90096885,0.0,0.0,1.0,2023-03-02 23:20:00
-0.13052575,0.99144495,0.43388382,-0.90096885,0.0,0.0,1.0,2023-03-02 23:30:00
-0.08715556,0.9961947,0.43388382,-0.90096885,0.0,0.0,1.0,2023-03-02 23:40:00
-0.043618966,0.99904823,0.43388382,-0.90096885,0.0,0.0,1.0,2023-03-02 23:50:00
1.0,-4.371139e-08,-0.43388376,-0.90096885,0.0,0.0,1.0,2023-03-03 06:00:00
0.99904823,-0.043619424,-0.43388376,-0.90096885,0.0,0.0,1.0,2023-03-03 06:10:00
0.99619466,-0.087155886,-0.43388376,-0.90096885,0.0,0.0,1.0,2023-03-03 06:20:00
0.9914448,-0.13052633,-0.43388376,-0.90096885,0.0,0.0,1.0,2023-03-03 06:30:00
0.9848077,-0.1736483,-0.43388376,-0.90096885,0.0,0.0,1.0,2023-03-03 06:40:00
0.976296,-0.21643962,-0.43388376,-0.90096885,0.0,0.0,1.0,2023-03-03 06:50:00
0.9659258,-0.258819,-0.43388376,-0.90096885,0.0,0.0,1.0,2023-03-03 07:00:00
0.95371693,-0.30070576,-0.43388376,-0.90096885,0.0,0.0,1.0,2023-03-03 07:10:00
0.9396926,-0.3420201,-0.43388376,-0.90096885,0.0,0.0,1.0,2023-03-03 07:20:00
0.9238795,-0.3826835,-0.43388376,-0.90096885,0.0,0.0,1.0,2023-03-03 07:30:00
0.90630776,-0.42261833,-0.43388376,-0.90096885,0.0,0.0,1.0,2023-03-03 07:40:00
0.8870108,-0.46174866,-0.43388376,-0.90096885,0.0,0.0,1.0,2023-03-03 07:50:00
0.8660254,-0.50000006,-0.43388376,-0.90096885,0.0,0.0,1.0,2023-03-03 08:00:00
0.8433914,-0.5372997,-0.43388376,-0.90096885,0.0,0.0,1.0,2023-03-03 08:10:00
0.819152,-0.5735765,-0.43388376,-0.90096885,0.0,0.0,1.0,2023-03-03 08:20:00
0.7933533,-0.6087615,-0.43388376,-0.90096885,0.0,0.0,1.0,2023-03-03 08:30:00
0.76604444,-0.64278764,-0.43388376,-0.90096885,0.0,0.0,1.0,2023-03-03 08:40:00
0.7372773,-0.6755902,-0.43388376,-0.90096885,0.0,0.0,1.0,2023-03-03 08:50:00
0.70710677,-0.70710677,-0.43388376,-0.90096885,0.0,0.0,1.0,2023-03-03 09:00:00
0.6755902,-0.7372773,-0.43388376,-0.90096885,0.0,0.0,1.0,2023-03-03 09:10:00
0.64278746,-0.76604456,-0.43388376,-0.90096885,0.0,0.0,1.0,2023-03-03 09:20:00
0.60876125,-0.79335344,-0.43388376,-0.90096885,0.0,0.0,1.0,2023-03-03 09:30:00
0.5735763,-0.8191521,-0.43388376,-0.90096885,0.0,0.0,1.0,2023-03-03 09:40:00
0.5372997,-0.8433914,-0.43388376,-0.90096885,0.0,0.0,1.0,2023-03-03 09:50:00
0.50000006,-0.8660254,-0.43388376,-0.90096885,0.0,0.0,1.0,2023-03-03 10:00:00
0.46174866,-0.8870108,-0.43388376,-0.90096885,0.0,0.0,1.0,2023-03-03 10:10:00
0.42261833,-0.90630776,-0.43388376,-0.90096885,0.0,0.0,1.0,2023-03-03 10:20:00
0.38268328,-0.9238796,-0.43388376,-0.90096885,0.0,0.0,1.0,2023-03-03 10:30:00
0.34202,-0.9396927,-0.43388376,-0.90096885,0.0,0.0,1.0,2023-03-03 10:40:00
0.30070564,-0.953717,-0.43388376,-0.90096885,0.0,0.0,1.0,2023-03-03 10:50:00
0.2588189,-0.9659259,-0.43388376,-0.90096885,0.0,0.0,1.0,2023-03-03 11:00:00
0.21643949,-0.976296,-0.43388376,-0.90096885,0.0,0.0,1.0,2023-03-03 11:10:00
0.17364828,-0.9848077,-0.43388376,-0.90096885,0.0,0.0,1.0,2023-03-03 11:20:00
0.13052608,-0.9914449,-0.43388376,-0.90096885,0.0,0.0,1.0,2023-03-03 11:30:00
0.08715563,-0.9961947,-0.43388376,-0.90096885,0.0,0.0,1.0,2023-03-03 11:40:00
0.043619294,-0.99904823,-0.43388376,-0.90096885,0.0,0.0,1.0,2023-03-03 11:50:00
-8.742278e-08,-1.0,-0.43388376,-0.90096885,0.0,0.0,1.0,2023-03-03 12:00:00
-0.043619227,-0.99904823,-0.43388376,-0.90096885,0.0,0.0,1.0,2023-03-03 12:10:00
-0.08715581,-0.9961947,-0.43388376,-0.90096885,0.0,0.0,1.0,2023-03-03 12:20:00
-0.13052626,-0.9914448,-0.43388376,-0.90096885,0.0,0.0,1.0,2023-03-03 12:30:00
-0.17364846,-0.9848077,-0.43388376,-0.90096885,0.0,0.0,1.0,2023-03-03 12:40:00
-0.21643966,-0.976296,-0.43388376,-0.90096885,0.0,0.0,1.0,2023-03-03 12:50:00
-0.2588193,-0.96592575,-0.43388376,-0.90096885,0.0,0.0,1.0,2023-03-03 13:00:00
-0.30070582,-0.95371693,-0.43388376,-0.90096885,0.0,0.0,1.0,2023-03-03 13:10:00
-0.3420204,-0.93969256,-0.43388376,-0.90096885,0.0,0.0,1.0,2023-03-03 13:20:00
-0.38268346,-0.9238795,-0.43388376,-0.90096885,0.0,0.0,1.0,2023-03-03 13:30:00
-0.42261827,-0.90630776,-0.43388376,-0.90096885,0.0,0.0,1.0,2023-03-03 13:40:00
-0.4617488,-0.88701075,-0.43388376,-0.90096885,0.0,0.0,1.0,2023-03-03 13:50:00
-0.49999997,-0.86602545,-0.43388376,-0.90096885,0.0,0.0,1.0,2023-03-03 14:00:00
-0.53729975,-0.84339136,-0.43388376,-0.90096885,0.0,0.0,1.0,2023-03-03 14:10:00
-0.5735764,-0.81915206,-0.43388376,-0.90096885,0.0,0.0,1.0,2023-03-03 14:20:00
-0.60876155,-0.79335326,-0.43388376,-0.90096885,0.0,0.0,1.0,2023-03-03 14:30:00
-0.6427876,-0.7660445,-0.43388376,-0.90096885,0.0,0.0,1.0,2023-03-03 14:40:00
-0.67559034,-0.73727727,-0.43388376,-0.90096885,0.0,0.0,1.0,2023-03-03 14:50:00
-0.7071069,-0.7071067,-0.43388376,-0.90096885,0.0,0.0,1.0,2023-03-03 15:00:00
-0.73727727,-0.6755903,-0.43388376,-0.90096885,0.0,0.0,1.0,2023-03-03 15:10:00
-0.76604456,-0.6427875,-0.43388376,-0.90096885,0.0,0.0,1.0,2023-03-03 15:20:00
-0.79335326,-0.6087615,-0.43388376,-0.90096885,0.0,0.0,1.0,2023-03-03 15:30:00
-0.8191521,-0.57357633,-0.43388376,-0.90096885,0.0,0.0,1.0,2023-03-03 15:40:00
-0.84339136,-0.5372997,-0.43388376,-0.90096885,0.0,0.0,1.0,2023-03-03 15:50:00
-0.86602545,-0.4999999,-0.43388376,-0.90096885,0.0,0.0,1.0,2023-03-03 16:00:00
-0.88701075,-0.46174875,-0.43388376,-0.90096885,0.0,0.0,1.0,2023-03-03 16:10:00
-0.9063078,-0.42261818,-0.43388376,-0.90096885,0.0,0.0,1.0,2023-03-03 16:20:00
-0.9238796,-0.38268313,-0.43388376,-0.90096885,0.0,0.0,1.0,2023-03-03 16:30:00
-0.9396926,-0.34202006,-0.43388376,-0.90096885,0.0,0.0,1.0,2023-03-03 16:40:00
-0.95371705,-0.30070552,-0.43388376,-0.90096885,0.0,0.0,1.0,2023-03-03 16:50:00
-0.9659258,-0.25881898,-0.43388376,-0.90096885,0.0,0.0,1.0,2023-03-03 17:00:00
-0.97629607,-0.21643932,-0.43388376,-0.90096885,0.0,0.0,1.0,2023-03-03 17:10:00
-0.9848078,-0.17364813,-0.43388376,-0.90096885,0.0,0.0,1.0,2023-03-03 17:20:00
-0.9914449,-0.13052592,-0.43388376,-0.90096885,0.0,0.0,1.0,2023-03-03 17:30:00
-0.9961947,-0.08715571,-0.43388376,-0.90096885,0.0,0.0,1.0,2023-03-03 17:40:00
-0.99904823,-0.04361913,-0.43388376,-0.90096885,0.0,0.0,1.0,2023-03-03 17:50:00
-1.0,1.1924881e-08,-0.43388376,-0.90096885,0.0,0.0,1.0,2023-03-03 18:00:00
-0.99904823,0.043619152,-0.43388376,-0.90096885,0.0,0.0,1.0,2023-03-03 18:10:00
-0.9961947,0.08715574,-0.43388376,-0.90096885,0.0,0.0,1.0,2023-03-03 18:20:00
-0.9914448,0.13052642,-0.43388376,-0.90096885,0.0,0.0,1.0,2023-03-03 18:30:00
-0.98480767,0.17364863,-0.43388376,-0.90096885,0.0,0.0,1.0,2023-03-03 18:40:00
-0.97629595,0.21643981,-0.43388376,-0.90096885,0.0,0.0,1.0,2023-03-03 18:50:00
-0.9659257,0.25881946,-0.43388376,-0.90096885,0.0,0.0,1.0,2023-03-03 19:00:00
-0.9537169,0.30070597,-0.43388376,-0.90096885,0.0,0.0,1.0,2023-03-03 19:10:00
-0.9396925,0.3420205,-0.43388376,-0.90096885,0.0,0.0,1.0,2023-03-03 19:20:00
-0.92387944,0.38268358,-0.43388376,-0.90096885,0.0,0.0,1.0,2023-03-03 19:30:00
-0.9063078,0.42261818,-0.43388376,-0.90096885,0.0,0.0,1.0,2023-03-03 19:40:00
-0.88701075,0.46174875,-0.43388376,-0.90096885,0.0,0.0,1.0,2023-03-03 19:50:00
-0.86602545,0.4999999,-0.43388376,-0.90096885,0.0,0.0,1.0,2023-03-03 20:00:00
-0.84339136,0.5372997,-0.43388376,-0.90096885,0.0,0.0,1.0,2023-03-03 20:10:00
-0.8191521,0.57357633,-0.43388376,-0.90096885,0.0,0.0,1.0,2023-03-03 20:20:00
-0.79335326,0.6087615,-0.43388376,-0.90096885,0.0,0.0,1.0,2023-03-03 20:30:00
-0.76604456,0.6427875,-0.43388376,-0.90096885,0.0,0.0,1.0,2023-03-03 20:40:00
-0.73727727,0.6755903,-0.43388376,-0.90096885,0.0,0.0,1.0,2023-03-03 20:50:00
-0.70710653,0.707107,-0.43388376,-0.90096885,0.0,0.0,1.0,2023-03-03 21:00:00
-0.67559016,0.7372774,-0.43388376,-0.90096885,0.0,0.0,1.0,2023-03-03 21:10:00
-0.6427874,0.7660446,-0.43388376,-0.90096885,0.0,0.0,1.0,2023-03-03 21:20:00
-0.60876137,0.7933534,-0.43388376,-0.90096885,0.0,0.0,1.0,2023-03-03 21:30:00
-0.5735762,0.81915224,-0.43388376,-0.90096885,0.0,0.0,1.0,2023-03-03 21:40:00
-0.5372996,0.8433915,-0.43388376,-0.90096885,0.0,0.0,1.0,2023-03-03 21:50:00
-0.49999976,0.86602557,-0.43388376,-0.90096885,0.0,0.0,1.0,2023-03-03 22:00:00
-0.46174857,0.8870109,-0.43388376,-0.90096885,0.0,0.0,1.0,2023-03-03 22:10:00
-0.42261803,0.9063079,-0.43388376,-0.90096885,0.0,0.0,1.0,2023-03-03 22:20:00
-0.38268343,0.92387956,-0.43388376,-0.90096885,0.0,0.0,1.0,2023-03-03 22:30:00
-0.34202036,0.93969256,-0.43388376,-0.90096885,0.0,0.0,1.0,2023-03-03 22:40:00
-0.3007058,0.95371693,-0.43388376,-0.90096885,0.0,0.0,1.0,2023-03-03 22:50:00
-0.25881884,0.9659259,-0.43388376,-0.90096885,0.0,0.0,1.0,2023-03-03 23:00:00
-0.21643916,0.9762961,-0.43388376,-0.90096885,0.0,0.0,1.0,2023-03-03 23:10:00
-0.17364797,0.9848078,-0.43388376,-0.90096885,0.0,0.0,1.0,2023-03-03 23:20:00
-0.13052575,0.99144495,-0.43388376,-0.90096885,0.0,0.0,1.0,2023-03-03 23:30:00
-0.08715556,0.9961947,-0.43388376,-0.90096885,0.0,0.0,1.0,2023-03-03 23:40:00
-0.043618966,0.99904823,-0.43388376,-0.90096885,0.0,0.0,1.0,2023-03-03 23:50:00
1.0,-4.371139e-08,-0.974928,-0.22252055,1.0,0.0,1.0,2023-03-04 06:00:00
0.99904823,-0.043619424,-0.974928,-0.22252055,1.0,0.0,1.0,2023-03-04 06:10:00
0.99619466,-0.087155886,-0.974928,-0.22252055,1.0,0.0,1.0,2023-03-04 06:20:00
0.9914448,-0.13052633,-0.974928,-0.22252055,1.0,0.0,1.0,2023-03-04 06:30:00
0.9848077,-0.1736483,-0.974928,-0.22252055,1.0,0.0,1.0,2023-03-04 06:40:00
0.976296,-0.21643962,-0.974928,-0.22252055,1.0,0.0,1.0,2023-03-04 06:50:00
0.9659258,-0.258819,-0.974928,-0.22252055,1.0,0.0,1.0,2023-03-04 07:00:00
0.95371693,-0.30070576,-0.974928,-0.22252055,1.0,0.0,1.0,2023-03-04 07:10:00
0.9396926,-0.3420201,-0.974928,-0.22252055,1.0,0.0,1.0,2023-03-04 07:20:00
0.9238795,-0.3826835,-0.974928,-0.22252055,1.0,0.0,1.0,2023-03-04 07:30:00
0.90630776,-0.42261833,-0.974928,-0.22252055,1.0,0.0,1.0,2023-03-04 07:40:00
0.8870108,-0.46174866,-0.974928,-0.22252055,1.0,0.0,1.0,2023-03-04 07:50:00
0.8660254,-0.50000006,-0.974928,-0.22252055,1.0,0.0,1.0,2023-03-04 08:00:00
0.8433914,-0.5372997,-0.974928,-0.22252055,1.0,0.0,1.0,2023-03-04 08:10:00
0.819152,-0.5735765,-0.974928,-0.22252055,1.0,0.0,1.0,2023-03-04 08:20:00
0.7933533,-0.6087615,-0.974928,-0.22252055,1.0,0.0,1.0,2023-03-04 08:30:00
0.76604444,-0.64278764,-0.974928,-0.22252055,1.0,0.0,1.0,2023-03-04 08:40:00
0.7372773,-0.6755902,-0.974928,-0.22252055,1.0,0.0,1.0,2023-03-04 08:50:00
0.70710677,-0.70710677,-0.974928,-0.22252055,1.0,0.0,1.0,2023-03-04 09:00:00
0.6755902,-0.7372773,-0.974928,-0.22252055,1.0,0.0,1.0,2023-03-04 09:10:00
0.64278746,-0.76604456,-0.974928,-0.22252055,1.0,0.0,1.0,2023-03-04 09:20:00
0.60876125,-0.79335344,-0.974928,-0.22252055,1.0,0.0,1.0,2023-03-04 09:30:00
0.5735763,-0.8191521,-0.974928,-0.22252055,1.0,0.0,1.0,2023-03-04 09:40:00
0.5372997,-0.8433914,-0.974928,-0.22252055,1.0,0.0,1.0,2023-03-04 09:50:00
0.50000006,-0.8660254,-0.974928,-0.22252055,1.0,0.0,1.0,2023-03-04 10:00:00
0.46174866,-0.8870108,-0.974928,-0.22252055,1.0,0.0,1.0,2023-03-04 10:10:00
0.42261833,-0.90630776,-0.974928,-0.22252055,1.0,0.0,1.0,2023-03-04 10:20:00
0.38268328,-0.9238796,-0.974928,-0.22252055,1.0,0.0,1.0,2023-03-04 10:30:00
0.34202,-0.9396927,-0.974928,-0.22252055,1.0,0.0,1.0,2023-03-04 10:40:00
0.30070564,-0.953717,-0.974928,-0.22252055,1.0,0.0,1.0,2023-03-04 10:50:00
0.2588189,-0.9659259,-0.974928,-0.22252055,1.0,0.0,1.0,2023-03-04 11:00:00
0.21643949,-0.976296,-0.974928,-0.22252055,1.0,0.0,1.0,2023-03-04 11:10:00
0.17364828,-0.9848077,-0.974928,-0.22252055,1.0,0.0,1.0,2023-03-04 11:20:00
0.13052608,-0.9914449,-0.974928,-0.22252055,1.0,0.0,1.0,2023-03-04 11:30:00
0.08715563,-0.9961947,-0.974928,-0.22252055,1.0,0.0,1.0,2023-03-04 11:40:00
0.043619294,-0.99904823,-0.974928,-0.22252055,1.0,0.0,1.0,2023-03-04 11:50:00
-8.742278e-08,-1.0,-0.974928,-0.22252055,1.0,0.0,1.0,2023-03-04 12:00:00
-0.043619227,-0.99904823,-0.974928,-0.22252055,1.0,0.0,1.0,2023-03-04 12:10:00
-0.08715581,-0.9961947,-0.974928,-0.22252055,1.0,0.0,0.9722222,2023-03-04 12:20:00
-0.13052626,-0.9914448,-0.974928,-0.22252055,1.0,0.0,0.9444444,2023-03-04 12:30:00
-0.17364846,-0.9848077,-0.974928,-0.22252055,1.0,0.0,0.9166667,2023-03-04 12:40:00
-0.21643966,-0.976296,-0.974928,-0.22252055,1.0,0.0,0.8888889,2023-03-04 12:50:00
-0.2588193,-0.96592575,-0.974928,-0.22252055,1.0,0.0,0.8611111,2023-03-04 13:00:00
-0.30070582,-0.95371693,-0.974928,-0.22252055,1.0,0.0,0.8333333,2023-03-04 13:10:00
-0.3420204,-0.93969256,-0.974928,-0.22252055,1.0,0.0,0.8055556,2023-03-04 13:20:00
-0.38268346,-0.9238795,-0.974928,-0.22252055,1.0,0.0,0.7777778,2023-03-04 13:30:00
-0.42261827,-0.90630776,-0.974928,-0.22252055,1.0,0.0,0.75,2023-03-04 13:40:00
-0.4617488,-0.88701075,-0.974928,-0.22252055,1.0,0.0,0.7222222,2023-03-04 13:50:00
-0.49999997,-0.86602545,-0.974928,-0.22252055,1.0,0.0,0.6944444,2023-03-04 14:00:00
-0.53729975,-0.84339136,-0.974928,-0.22252055,1.0,0.0,0.6666667,2023-03-04 14:10:00
-0.5735764,-0.81915206,-0.974928,-0.22252055,1.0,0.0,0.6388889,2023-03-04 14:20:00
-0.60876155,-0.79335326,-0.974928,-0.22252055,1.0,0.0,0.6111111,2023-03-04 14:30:00
-0.6427876,-0.7660445,-0.974928,-0.22252055,1.0,0.0,0.5833333,2023-03-04 14:40:00
-0.67559034,-0.73727727,-0.974928,-0.22252055,1.0,0.0,0.5555556,2023-03-04 14:50:00
-0.7071069,-0.7071067,-0.974928,-0.22252055,1.0,0.0,0.5277778,2023-03-04 15:00:00
-0.73727727,-0.6755903,-0.974928,-0.22252055,1.0,0.0,0.5,2023-03-04 15:10:00
-0.76604456,-0.6427875,-0.974928,-0.22252055,1.0,0.0,0.4722222,2023-03-04 15:20:00
-0.79335326,-0.6087615,-0.974928,-0.22252055,1.0,0.0,0.44444445,2023-03-04 15:30:00
-0.8191521,-0.57357633,-0.974928,-0.22252055,1.0,0.0,0.41666666,2023-03-04 15:40:00
-0.84339136,-0.5372997,-0.974928,-0.22252055,1.0,0.0,0.3888889,2023-03-04 15:50:00
-0.86602545,-0.4999999,-0.974928,-0.22252055,1.0,0.0,0.3611111,2023-03-04 16:00:00
-0.88701075,-0.46174875,-0.974928,-0.22252055,1.0,0.0,0.33333334,2023-03-04 16:10:00
-0.9063078,-0.42261818,-0.974928,-0.22252055,1.0,0.0,0.30555555,2023-03-04 16:20:00
-0.9238796,-0.38268313,-0.974928,-0.22252055,1.0,0.0,0.2777778,2023-03-04 16:30:00
-0.9396926,-0.34202006,-0.974928,-0.22252055,1.0,0.0,0.25,2023-03-04 16:40:00
-0.95371705,-0.30070552,-0.974928,-0.22252055,1.0,0.0,0.22222222,2023-03-04 16:50:00
-0.9659258,-0.25881898,-0.974928,-0.22252055,1.0,0.0,0.19444445,2023-03-04 17:00:00
-0.97629607,-0.21643932,-0.974928,-0.22252055,1.0,0.0,0.16666667,2023-03-04 17:10:00
-0.9848078,-0.17364813,-0.974928,-0.22252055,1.0,0.0,0.1388889,2023-03-04 17:20:00
-0.9914449,-0.13052592,-0.974928,-0.22252055,1.0,0.0,0.11111111,2023-03-04 17:30:00
-0.9961947,-0.08715571,-0.974928,-0.22252055,1.0,0.0,0.083333336,2023-03-04 17:40:00
-0.99904823,-0.04361913,-0.974928,-0.22252055,1.0,0.0,0.055555556,2023-03-04 17:50:00
-1.0,1.1924881e-08,-0.974928,-0.22252055,1.0,0.0,0.027777778,2023-03-04 18:00:00
-0.99904823,0.043619152,-0.974928,-0.22252055,1.0,0.0,0.0,2023-03-04 18:10:00
-0.9961947,0.08715574,-0.974928,-0.22252055,1.0,0.0,0.027777778,2023-03-04 18:20:00
-0.9914448,0.13052642,-0.974928,-0.22252055,1.0,0.0,0.055555556,2023-03-04 18:30:00
-0.98480767,0.17364863,-0.974928,-0.22252055,1.0,0.0,0.083333336,2023-03-04 18:40:00
-0.97629595,0.21643981,-0.974928,-0.22252055,1.0,0.0,0.11111111,2023-03-04 18:50:00
-0.9659257,0.25881946,-0.974928,-0.22252055,1.0,0.0,0.1388889,2023-03-04 19:00:00
-0.9537169,0.30070597,-0.974928,-0.22252055,1.0,0.0,0.16666667,2023-03-04 19:10:00
-0.9396925,0.3420205,-0.974928,-0.22252055,1.0,0.0,0.19444445,2023-03-04 19:20:00
-0.92387944,0.38268358,-0.974928,-0.22252055,1.0,0.0,0.22222222,2023-03-04 19:30:00
-0.9063078,0.42261818,-0.974928,-0.22252055,1.0,0.0,0.25,2023-03-04 19:40:00
-0.88701075,0.46174875,-0.974928,-0.22252055,1.0,0.0,0.2777778,2023-03-04 19:50:00
-0.86602545,0.4999999,-0.974928,-0.22252055,1.0,0.0,0.30555555,2023-03-04 20:00:00
-0.84339136,0.5372997,-0.974928,-0.22252055,1.0,0.0,0.33333334,2023-03-04 20:10:00
-0.8191521,0.57357633,-0.974928,-0.22252055,1.0,0.0,0.3611111,2023-03-04 20:20:00
-0.79335326,0.6087615,-0.974928,-0.22252055,1.0,0.0,0.3888889,2023-03-04 20:30:00
-0.76604456,0.6427875,-0.974928,-0.22252055,1.0,0.0,0.41666666,2023-03-04 20:40:00
-0.73727727,0.6755903,-0.974928,-0.22252055,1.0,0.0,0.44444445,2023-03-04 20:50:00
-0.70710653,0.707107,-0.974928,-0.22252055,1.0,0.0,0.4722222,2023-03-04 21:00:00
-0.67559016,0.7372774,-0.974928,-0.22252055,1.0,0.0,0.5,2023-03-04 21:10:00
-0.6427874,0.7660446,-0.974928,-0.22252055,1.0,0.0,0.5277778,2023-03-04 21:20:00
-0.60876137,0.7933534,-0.974928,-0.22252055,1.0,0.0,0.5555556,2023-03-04 21:30:00
-0.5735762,0.81915224,-0.974928,-0.22252055,1.0,0.0,0.5833333,2023-03-04 21:40:00
-0.5372996,0.8433915,-0.974928,-0.22252055,1.0,0.0,0.6111111,2023-03-04 21:50:00
-0.49999976,0.86602557,-0.974928,-0.22252055,1.0,0.0,0.6388889,2023-03-04 22:00:00
-0.46174857,0.8870109,-0.974928,-0.22252055,1.0,0.0,0.6666667,2023-03-04 22:10:00
-0.42261803,0.9063079,-0.974928,-0.22252055,1.0,0.0,0.6944444,2023-03-04 22:20:00
-0.38268343,0.92387956,-0.974928,-0.22252055,1.0,0.0,0.7222222,2023-03-04 22:30:00
-0.34202036,0.93969256,-0.974928,-0.22252055,1.0,0.0,0.75,2023-03-04 22:40:00
-0.3007058,0.95371693,-0.974928,-0.22252055,1.0,0.0,0.7777778,2023-03-04 22:50:00
-0.25881884,0.9659259,-0.974928,-0.22252055,1.0,0.0,0.8055556,2023-03-04 23:00:00
-0.21643916,0.9762961,-0.974928,-0.22252055,1.0,0.0,0.8333333,2023-03-04 23:10:00
-0.17364797,0.9848078,-0.974928,-0.22252055,1.0,0.0,0.8611111,2023-03-04 23:20:00
-0.13052575,0.99144495,-0.974928,-0.22252055,1.0,0.0,0.8888889,2023-03-04 23:30:00
-0.08715556,0.9961947,-0.974928,-0.22252055,1.0,0.0,0.9166667,2023-03-04 23:40:00
-0.043618966,0.99904823,-0.974928,-0.22252055,1.0,0.0,0.9444444,2023-03-04 23:50:00
1.0,-4.371139e-08,-0.7818316,0.6234896,1.0,1.0,0.9166667,2023-03-05 06:00:00
0.99904823,-0.043619424,-0.7818316,0.6234896,1.0,1.0,0.8888889,2023-03-05 06:10:00
0.99619466,-0.087155886,-0.7818316,0.6234896,1.0,1.0,0.8611111,2023-03-05 06:20:00
0.9914448,-0.13052633,-0.7818316,0.6234896,1.0,1.0,0.8333333,2023-03-05 06:30:00
0.9848077,-0.1736483,-0.7818316,0.6234896,1.0,1.0,0.8055556,2023-03-05 06:40:00
0.976296,-0.21643962,-0.7818316,0.6234896,1.0,1.0,0.7777778,2023-03-05 06:50:00
0.9659258,-0.258819,-0.7818316,0.6234896,1.0,1.0,0.75,2023-03-05 07:00:00
0.95371693,-0.30070576,-0.7818316,0.6234896,1.0,1.0,0.7222222,2023-03-05 07:10:00
0.9396926,-0.3420201,-0.7818316,0.6234896,1.0,1.0,0.6944444,2023-03-05 07:20:00
0.9238795,-0.3826835,-0.7818316,0.6234896,1.0,1.0,0.6666667,2023-03-05 07:30:00
0.90630776,-0.42261833,-0.7818316,0.6234896,1.0,1.0,0.6388889,2023-03-05 07:40:00
0.8870108,-0.46174866,-0.7818316,0.6234896,1.0,1.0,0.6111111,2023-03-05 07:50:00
0.8660254,-0.50000006,-0.7818316,0.6234896,1.0,1.0,0.5833333,2023-03-05 08:00:00
0.8433914,-0.5372997,-0.7818316,0.6234896,1.0,1.0,0.5555556,2023-03-05 08:10:00
0.819152,-0.5735765,-0.7818316,0.6234896,1.0,1.0,0.5277778,2023-03-05 08:20:00
0.7933533,-0.6087615,-0.7818316,0.6234896,1.0,1.0,0.5,2023-03-05 08:30:00
0.76604444,-0.64278764,-0.7818316,0.6234896,1.0,1.0,0.4722222,2023-03-05 08:40:00
0.7372773,-0.6755902,-0.7818316,0.6234896,1.0,1.0,0.44444445,2023-03-05 08:50:00
0.70710677,-0.70710677,-0.7818316,0.6234896,1.0,1.0,0.41666666,2023-03-05 09:00:00
0.6755902,-0.7372773,-0.7818316,0.6234896,1.0,1.0,0.3888889,2023-03-05 09:10:00
0.64278746,-0.76604456,-0.7818316,0.6234896,1.0,1.0,0.3611111,2023-03-05 09:20:00
0.60876125,-0.79335344,-0.7818316,0.6234896,1.0,1.0,0.33333334,2023-03-05 09:30:00
0.5735763,-0.8191521,-0.7818316,0.6234896,1.0,1.0,0.30555555,2023-03-05 09:40:00
0.5372997,-0.8433914,-0.7818316,0.6234896,1.0,1.0,0.2777778,2023-03-05 09:50:00
0.50000006,-0.8660254,-0.7818316,0.6234896,1.0,1.0,0.25,2023-03-05 10:00:00
0.46174866,-0.8870108,-0.7818316,0.6234896,1.0,1.0,0.22222222,2023-03-05 10:10:00
0.42261833,-0.90630776,-0.7818316,0.6234896,1.0,1.0,0.19444445,2023-03-05 10:20:00
0.38268328,-0.9238796,-0.7818316,0.6234896,1.0,1.0,0.16666667,2023-03-05 10:30:00
0.34202,-0.9396927,-0.7818316,0.6234896,1.0,1.0,0.1388889,2023-03-05 10:40:00
0.30070564,-0.953717,-0.7818316,0.6234896,1.0,1.0,0.11111111,2023-03-05 10:50:00
0.2588189,-0.9659259,-0.7818316,0.6234896,1.0,1.0,0.083333336,2023-03-05 11:00:00
0.21643949,-0.976296,-0.7818316,0.6234896,1.0,1.0,0.055555556,2023-03-05 11:10:00
0.17364828,-0.9848077,-0.7818316,0.6234896,1.0,1.0,0.027777778,2023-03-05 11:20:00
0.13052608,-0.9914449,-0.7818316,0.6234896,1.0,1.0,0.0,2023-03-05 11:30:00
0.08715563,-0.9961947,-0.7818316,0.6234896,1.0,1.0,0.027777778,2023-03-05 11:40:00
0.043619294,-0.99904823,-0.7818316,0.6234896,1.0,1.0,0.055555556,2023-03-05 11:50:00
-8.742278e-08,-1.0,-0.7818316,0.6234896,1.0,1.0,0.083333336,2023-03-05 12:00:00
-0.043619227,-0.99904823,-0.7818316,0.6234896,1.0,1.0,0.11111111,2023-03-05 12:10:00
-0.08715581,-0.9961947,-0.7818316,0.6234896,1.0,1.0,0.1388889,2023-03-05 12:20:00
-0.13052626,-0.9914448,-0.7818316,0.6234896,1.0,1.0,0.16666667,2023-03-05 12:30:00
-0.17364846,-0.9848077,-0.7818316,0.6234896,1.0,1.0,0.19444445,2023-03-05 12:40:00
-0.21643966,-0.976296,-0.7818316,0.6234896,1.0,1.0,0.22222222,2023-03-05 12:50:00
-0.2588193,-0.96592575,-0.7818316,0.6234896,1.0,1.0,0.25,2023-03-05 13:00:00
-0.30070582,-0.95371693,-0.7818316,0.6234896,1.0,1.0,0.2777778,2023-03-05 13:10:00
-0.3420204,-0.93969256,-0.7818316,0.6234896,1.0,1.0,0.30555555,2023-03-05 13:20:00
-0.38268346,-0.9238795,-0.7818316,0.6234896,1.0,1.0,0.33333334,2023-03-05 13:30:00
-0.42261827,-0.90630776,-0.7818316,0.6234896,1.0,1.0,0.3611111,2023-03-05 13:40:00
-0.4617488,-0.88701075,-0.7818316,0.6234896,1.0,1.0,0.3888889,2023-03-05 13:50:00
-0.49999997,-0.86602545,-0.7818316,0.6234896,1.0,1.0,0.41666666,2023-03-05 14:00:00
-0.53729975,-0.84339136,-0.7818316,0.6234896,1.0,1.0,0.44444445,2023-03-05 14:10:00
-0.5735764,-0.81915206,-0.7818316,0.6234896,1.0,1.0,0.4722222,2023-03-05 14:20:00
-0.60876155,-0.79335326,-0.7818316,0.6234896,1.0,1.0,0.5,2023-03-05 14:30:00
-0.6427876,-0.7660445,-0.7818316,0.6234896,1.0,1.0,0.5277778,2023-03-05 14:40:00
-0.67559034,-0.73727727,-0.7818316,0.6234896,1.0,1.0,0.5555556,2023-03-05 14:50:00
-0.7071069,-0.7071067,-0.7818316,0.6234896,1.0,1.0,0.5833333,2023-03-05 15:00:00
-0.73727727,-0.6755903,-0.7818316,0.6234896,1.0,1.0,0.6111111,2023-03-05 15:10:00
-0.76604456,-0.6427875,-0.7818316,0.6234896,1.0,1.0,0.6388889,2023-03-05 15:20:00
-0.79335326,-0.6087615,-0.7818316,0.6234896,1.0,1.0,0.6666667,2023-03-05 15:30:00
-0.8191521,-0.57357633,-0.7818316,0.6234896,1.0,1.0,0.6944444,2023-03-05 15:40:00
-0.84339136,-0.5372997,-0.7818316,0.6234896,1.0,1.0,0.7222222,2023-03-05 15:50:00
-0.86602545,-0.4999999,-0.7818316,0.6234896,1.0,1.0,0.75,2023-03-05 16:00:00
-0.88701075,-0.46174875,-0.7818316,0.6234896,1.0,1.0,0.7777778,2023-03-05 16:10:00
-0.9063078,-0.42261818,-0.7818316,0.6234896,1.0,1.0,0.8055556,2023-03-05 16:20:00
-0.9238796,-0.38268313,-0.7818316,0.6234896,1.0,1.0,0.8333333,2023-03-05 16:30:00
-0.9396926,-0.34202006,-0.7818316,0.6234896,1.0,1.0,0.8611111,2023-03-05 16:40:00
-0.95371705,-0.30070552,-0.7818316,0.6234896,1.0,1.0,0.8888889,2023-03-05 16:50:00
-0.9659258,-0.25881898,-0.7818316,0.6234896,1.0,1.0,0.9166667,2023-03-05 17:00:00
-0.97629607,-0.21643932,-0.7818316,0.6234896,1.0,1.0,0.9444444,2023-03-05 17:10:00
-0.9848078,-0.17364813,-0.7818316,0.6234896,1.0,1.0,0.9722222,2023-03-05 17:20:00
-0.9914449,-0.13052592,-0.7818316,0.6234896,1.0,1.0,1.0,2023-03-05 17:30:00
-0.9961947,-0.08715571,-0.7818316,0.6234896,1.0,1.0,1.0,2023-03-05 17:40:00
-0.99904823,-0.04361913,-0.7818316,0.6234896,1.0,1.0,1.0,2023-03-05 17:50:00
-1.0,1.1924881e-08,-0.7818316,0.6234896,1.0,1.0,1.0,2023-03-05 18:00:00
-0.99904823,0.043619152,-0.7818316,0.6234896,1.0,1.0,1.0,2023-03-05 18:10:00
-0.9961947,0.08715574,-0.7818316,0.6234896,1.0,1.0,1.0,2023-03-05 18:20:00
-0.9914448,0.13052642,-0.7818316,0.6234896,1.0,1.0,1.0,2023-03-05 18:30:00
-0.98480767,0.17364863,-0.7818316,0.6234896,1.0,1.0,1.0,2023-03-05 18:40:00
-0.97629595,0.21643981,-0.7818316,0.6234896,1.0,1.0,1.0,2023-03-05 18:50:00
-0.9659257,0.25881946,-0.7818316,0.6234896,1.0,1.0,1.0,2023-03-05 19:00:00
-0.9537169,0.30070597,-0.7818316,0.6234896,1.0,1.0,1.0,2023-03-05 19:10:00
-0.9396925,0.3420205,-0.7818316,0.6234896,1.0,1.0,1.0,2023-03-05 19:20:00
-0.92387944,0.38268358,-0.7818316,0.6234896,1.0,1.0,1.0,2023-03-05 19:30:00
-0.9063078,0.42261818,-0.7818316,0.6234896,1.0,1.0,1.0,2023-03-05 19:40:00
-0.88701075,0.46174875,-0.7818316,0.6234896,1.0,1.0,1.0,2023-03-05 19:50:00
-0.86602545,0.4999999,-0.7818316,0.6234896,1.0,1.0,1.0,2023-03-05 20:00:00
-0.84339136,0.5372997,-0.7818316,0.6234896,1.0,1.0,1.0,2023-03-05 20:10:00
-0.8191521,0.57357633,-0.7818316,0.6234896,1.0,1.0,1.0,2023-03-05 20:20:00
-0.79335326,0.6087615,-0.7818316,0.6234896,1.0,1.0,1.0,2023-03-05 20:30:00
-0.76604456,0.6427875,-0.7818316,0.6234896,1.0,1.0,1.0,2023-03-05 20:40:00
-0.73727727,0.6755903,-0.7818316,0.6234896,1.0,1.0,1.0,2023-03-05 20:50:00
-0.70710653,0.707107,-0.7818316,0.6234896,1.0,1.0,1.0,2023-03-05 21:00:00
-0.67559016,0.7372774,-0.7818316,0.6234896,1.0,1.0,1.0,2023-03-05 21:10:00
-0.6427874,0.7660446,-0.7818316,0.6234896,1.0,1.0,1.0,2023-03-05 21:20:00
-0.60876137,0.7933534,-0.7818316,0.6234896,1.0,1.0,1.0,2023-03-05 21:30:00
-0.5735762,0.81915224,-0.7818316,0.6234896,1.0,1.0,1.0,2023-03-05 21:40:00
-0.5372996,0.8433915,-0.7818316,0.6234896,1.0,1.0,1.0,2023-03-05 21:50:00
-0.49999976,0.86602557,-0.7818316,0.6234896,1.0,1.0,1.0,2023-03-05 22:00:00
-0.46174857,0.8870109,-0.7818316,0.6234896,1.0,1.0,1.0,2023-03-05 22:10:00
-0.42261803,0.9063079,-0.7818316,0.6234896,1.0,1.0,1.0,2023-03-05 22:20:00
-0.38268343,0.92387956,-0.7818316,0.6234896,1.0,1.0,1.0,2023-03-05 22:30:00
-0.34202036,0.93969256,-0.7818316,0.6234896,1.0,1.0,1.0,2023-03-05 22:40:00
-0.3007058,0.95371693,-0.7818316,0.6234896,1.0,1.0,1.0,2023-03-05 22:50:00
-0.25881884,0.9659259,-0.7818316,0.6234896,1.0,1.0,1.0,2023-03-05 23:00:00
-0.21643916,0.9762961,-0.7818316,0.6234896,1.0,1.0,1.0,2023-03-05 23:10:00
-0.17364797,0.9848078,-0.7818316,0.6234896,1.0,1.0,1.0,2023-03-05 23:20:00
-0.13052575,0.99144495,-0.7818316,0.6234896,1.0,1.0,1.0,2023-03-05 23:30:00
-0.08715556,0.9961947,-0.7818316,0.6234896,1.0,1.0,1.0,2023-03-05 23:40:00
-0.043618966,0.99904823,-0.7818316,0.6234896,1.0,1.0,1.0,2023-03-05 23:50:00
1.0,-4.371139e-08,0.0,1.0,0.0,0.0,1.0,2023-03-06 06:00:00
0.99904823,-0.043619424,0.0,1.0,0.0,0.0,1.0,2023-03-06 06:10:00
0.99619466,-0.087155886,0.0,1.0,0.0,0.0,1.0,2023-03-06 06:20:00
0.9914448,-0.13052633,0.0,1.0,0.0,0.0,1.0,2023-03-06 06:30:00
0.9848077,-0.1736483,0.0,1.0,0.0,0.0,1.0,2023-03-06 06:40:00
0.976296,-0.21643962,0.0,1.0,0.0,0.0,1.0,2023-03-06 06:50:00
0.9659258,-0.258819,0.0,1.0,0.0,0.0,1.0,2023-03-06 07:00:00
0.95371693,-0.30070576,0.0,1.0,0.0,0.0,1.0,2023-03-06 07:10:00
0.9396926,-0.3420201,0.0,1.0,0.0,0.0,1.0,2023-03-06 07:20:00
0.9238795,-0.3826835,0.0,1.0,0.0,0.0,1.0,2023-03-06 07:30:00
0.90630776,-0.42261833,0.0,1.0,0.0,0.0,1.0,2023-03-06 07:40:00
0.8870108,-0.46174866,0.0,1.0,0.0,0.0,1.0,2023-03-06 07:50:00
0.8660254,-0.50000006,0.0,1.0,0.0,0.0,1.0,2023-03-06 08:00:00
0.8433914,-0.5372997,0.0,1.0,0.0,0.0,1.0,2023-03-06 08:10:00
0.819152,-0.5735765,0.0,1.0,0.0,0.0,1.0,2023-03-06 08:20:00
0.7933533,-0.6087615,0.0,1.0,0.0,0.0,1.0,2023-03-06 08:30:00
0.76604444,-0.64278764,0.0,1.0,0.0,0.0,1.0,2023-03-06 08:40:00
0.7372773,-0.6755902,0.0,1.0,0.0,0.0,1.0,2023-03-06 08:50:00
0.70710677,-0.70710677,0.0,1.0,0.0,0.0,1.0,2023-03-06 09:00:00
0.6755902,-0.7372773,0.0,1.0,0.0,0.0,1.0,2023-03-06 09:10:00
0.64278746,-0.76604456,0.0,1.0,0.0,0.0,1.0,2023-03-06 09:20:00
0.60876125,-0.79335344,0.0,1.0,0.0,0.0,1.0,2023-03-06 09:30:00
0.5735763,-0.8191521,0.0,1.0,0.0,0.0,1.0,2023-03-06 09:40:00
0.5372997,-0.8433914,0.0,1.0,0.0,0.0,1.0,2023-03-06 09:50:00
0.50000006,-0.8660254,0.0,1.0,0.0,0.0,1.0,2023-03-06 10:00:00
0.46174866,-0.8870108,0.0,1.0,0.0,0.0,1.0,2023-03-06 10:10:00
0.42261833,-0.90630776,0.0,1.0,0.0,0.0,1.0,2023-03-06 10:20:00
0.38268328,-0.9238796,0.0,1.0,0.0,0.0,1.0,2023-03-06 10:30:00
0.34202,-0.9396927,0.0,1.0,0.0,0.0,1.0,2023-03-06 10:40:00
0.30070564,-0.953717,0.0,1.0,0.0,0.0,1.0,2023-03-06 10:50:00
0.2588189,-0.9659259,0.0,1.0,0.0,0.0,1.0,2023-03-06 11:00:00
0.21643949,-0.976296,0.0,1.0,0.0,0.0,1.0,2023-03-06 11:10:00
0.17364828,-0.9848077,0.0,1.0,0.0,0.0,1.0,2023-03-06 11:20:00
0.13052608,-0.9914449,0.0,1.0,0.0,0.0,1.0,2023-03-06 11:30:00
0.08715563,-0.9961947,0.0,1.0,0.0,0.0,1.0,2023-03-06 11:40:00
0.043619294,-0.99904823,0.0,1.0,0.0,0.0,1.0,2023-03-06 11:50:00
-8.742278e-08,-1.0,0.0,1.0,0.0,0.0,1.0,2023-03-06 12:00:00
-0.043619227,-0.99904823,0.0,1.0,0.0,0.0,1.0,2023-03-06 12:10:00
-0.08715581,-0.9961947,0.0,1.0,0.0,0.0,1.0,2023-03-06 12:20:00
-0.13052626,-0.9914448,0.0,1.0,0.0,0.0,1.0,2023-03-06 12:30:00
-0.17364846,-0.9848077,0.0,1.0,0.0,0.0,1.0,2023-03-06 12:40:00
-0.21643966,-0.976296,0.0,1.0,0.0,0.0,1.0,2023-03-06 12:50:00
-0.2588193,-0.96592575,0.0,1.0,0.0,0.0,1.0,2023-03-06 13:00:00
-0.30070582,-0.95371693,0.0,1.0,0.0,0.0,1.0,2023-03-06 13:10:00
-0.3420204,-0.93969256,0.0,1.0,0.0,0.0,1.0,2023-03-06 13:20:00
-0.38268346,-0.9238795,0.0,1.0,0.0,0.0,1.0,2023-03-06 13:30:00
-0.42261827,-0.90630776,0.0,1.0,0.0,0.0,1.0,2023-03-06 13:40:00
-0.4617488,-0.88701075,0.0,1.0,0.0,0.0,1.0,2023-03-06 13:50:00
-0.49999997,-0.86602545,0.0,1.0,0.0,0.0,1.0,2023-03-06 14:00:00
-0.53729975,-0.84339136,0.0,1.0,0.0,0.0,1.0,2023-03-06 14:10:00
-0.5735764,-0.81915206,0.0,1.0,0.0,0.0,1.0,2023-03-06 14:20:00
-0.60876155,-0.79335326,0.0,1.0,0.0,0.0,1.0,2023-03-06 14:30:00
-0.6427876,-0.7660445,0.0,1.0,0.0,0.0,1.0,2023-03-06 14:40:00
-0.67559034,-0.73727727,0.0,1.0,0.0,0.0,1.0,2023-03-06 14:50:00
-0.7071069,-0.7071067,0.0,1.0,0.0,0.0,1.0,2023-03-06 15:00:00
-0.73727727,-0.6755903,0.0,1.0,0.0,0.0,1.0,2023-03-06 15:10:00
-0.76604456,-0.6427875,0.0,1.0,0.0,0.0,1.0,2023-03-06 15:20:00
-0.79335326,-0.6087615,0.0,1.0,0.0,0.0,1.0,2023-03-06 15:30:00
-0.8191521,-0.57357633,0.0,1.0,0.0,0.0,1.0,2023-03-06 15:40:00
-0.84339136,-0.5372997,0.0,1.0,0.0,0.0,1.0,2023-03-06 15:50:00
-0.86602545,-0.4999999,0.0,1.0,0.0,0.0,1.0,2023-03-06 16:00:00
-0.88701075,-0.46174875,0.0,1.0,0.0,0.0,1.0,2023-03-06 16:10:00
-0.9063078,-0.42261818,0.0,1.0,0.0,0.0,1.0,2023-03-06 16:20:00
-0.9238796,-0.38268313,0.0,1.0,0.0,0.0,1.0,2023-03-06 16:30:00
-0.9396926,-0.34202006,0.0,1.0,0.0,0.0,1.0,2023-03-06 16:40:00
-0.95371705,-0.30070552,0.0,1.0,0.0,0.0,1.0,2023-03-06 16:50:00
-0.9659258,-0.25881898,0.0,1.0,0.0,0.0,1.0,2023-03-06 17:00:00
-0.97629607,-0.21643932,0.0,1.0,0.0,0.0,1.0,2023-03-06 17:10:00
-0.9848078,-0.17364813,0.0,1.0,0.0,0.0,1.0,2023-03-06 17:20:00
-0.9914449,-0.13052592,0.0,1.0,0.0,0.0,1.0,2023-03-06 17:30:00
-0.9961947,-0.08715571,0.0,1.0,0.0,0.0,1.0,2023-03-06 17:40:00
-0.99904823,-0.04361913,0.0,1.0,0.0,0.0,1.0,2023-03-06 17:50:00
-1.0,1.1924881e-08,0.0,1.0,0.0,0.0,1.0,2023-03-06 18:00:00
-0.99904823,0.043619152,0.0,1.0,0.0,0.0,1.0,2023-03-06 18:10:00
-0.9961947,0.08715574,0.0,1.0,0.0,0.0,1.0,2023-03-06 18:20:00
-0.9914448,0.13052642,0.0,1.0,0.0,0.0,1.0,2023-03-06 18:30:00
-0.98480767,0.17364863,0.0,1.0,0.0,0.0,1.0,2023-03-06 18:40:00
-0.97629595,0.21643981,0.0,1.0,0.0,0.0,1.0,2023-03-06 18:50:00
-0.9659257,0.25881946,0.0,1.0,0.0,0.0,1.0,2023-03-06 19:00:00
-0.9537169,0.30070597,0.0,1.0,0.0,0.0,1.0,2023-03-06 19:10:00
-0.9396925,0.3420205,0.0,1.0,0.0,0.0,1.0,2023-03-06 19:20:00
-0.92387944,0.38268358,0.0,1.0,0.0,0.0,1.0,2023-03-06 19:30:00
-0.9063078,0.42261818,0.0,1.0,0.0,0.0,1.0,2023-03-06 19:40:00
-0.88701075,0.46174875,0.0,1.0,0.0,0.0,1.0,2023-03-06 19:50:00
-0.86602545,0.4999999,0.0,1.0,0.0,0.0,1.0,2023-03-06 20:00:00
-0.84339136,0.5372997,0.0,1.0,0.0,0.0,1.0,2023-03-06 20:10:00
-0.8191521,0.57357633,0.0,1.0,0.0,0.0,1.0,2023-03-06 20:20:00
-0.79335326,0.6087615,0.0,1.0,0.0,0.0,1.0,2023-03-06 20:30:00
-0.76604456,0.6427875,0.0,1.0,0.0,0.0,1.0,2023-03-06 20:40:00
-0.73727727,0.6755903,0.0,1.0,0.0,0.0,1.0,2023-03-06 20:50:00
-0.70710653,0.707107,0.0,1.0,0.0,0.0,1.0,2023-03-06 21:00:00
-0.67559016,0.7372774,0.0,1.0,0.0,0.0,1.0,2023-03-06 21:10:00
-0.6427874,0.7660446,0.0,1.0,0.0,0.0,1.0,2023-03-06 21:20:00
-0.60876137,0.7933534,0.0,1.0,0.0,0.0,1.0,2023-03-06 21:30:00
-0.5735762,0.81915224,0.0,1.0,0.0,0.0,1.0,2023-03-06 21:40:00
-0.5372996,0.8433915,0.0,1.0,0.0,0.0,1.0,2023-03-06 21:50:00
-0.49999976,0.86602557,0.0,1.0,0.0,0.0,1.0,2023-03-06 22:00:00
-0.46174857,0.8870109,0.0,1.0,0.0,0.0,1.0,2023-03-06 22:10:00
-0.42261803,0.9063079,0.0,1.0,0.0,0.0,1.0,2023-03-06 22:20:00
-0.38268343,0.92387956,0.0,1.0,0.0,0.0,1.0,2023-03-06 22:30:00
-0.34202036,0.93969256,0.0,1.0,0.0,0.0,1.0,2023-03-06 22:40:00
-0.3007058,0.95371693,0.0,1.0,0.0,0.0,1.0,2023-03-06 22:50:00
-0.25881884,0.9659259,0.0,1.0,0.0,0.0,1.0,2023-03-06 23:00:00
-0.21643916,0.9762961,0.0,1.0,0.0,0.0,1.0,2023-03-06 23:10:00
-0.17364797,0.9848078,0.0,1.0,0.0,0.0,1.0,2023-03-06 23:20:00
-0.13052575,0.99144495,0.0,1.0,0.0,0.0,1.0,2023-03-06 23:30:00
-0.08715556,0.9961947,0.0,1.0,0.0,0.0,1.0,2023-03-06 23:40:00
-0.043618966,0.99904823,0.0,1.0,0.0,0.0,1.0,2023-03-06 23:50:00
1.0,-4.371139e-08,0.7818315,0.6234898,0.0,0.0,1.0,2023-03-07 06:00:00
0.99904823,-0.043619424,0.7818315,0.6234898,0.0,0.0,1.0,2023-03-07 06:10:00
0.99619466,-0.087155886,0.7818315,0.6234898,0.0,0.0,1.0,2023-03-07 06:20:00
0.9914448,-0.13052633,0.7818315,0.6234898,0.0,0.0,1.0,2023-03-07 06:30:00
0.9848077,-0.1736483,0.7818315,0.6234898,0.0,0.0,1.0,2023-03-07 06:40:00
0.976296,-0.21643962,0.7818315,0.6234898,0.0,0.0,1.0,2023-03-07 06:50:00
0.9659258,-0.258819,0.7818315,0.6234898,0.0,0.0,1.0,2023-03-07 07:00:00
0.95371693,-0.30070576,0.7818315,0.6234898,0.0,0.0,1.0,2023-03-07 07:10:00
0.9396926,-0.3420201,0.7818315,0.6234898,0.0,0.0,1.0,2023-03-07 07:20:00
0.9238795,-0.3826835,0.7818315,0.6234898,0.0,0.0,1.0,2023-03-07 07:30:00
0.90630776,-0.42261833,0.7818315,0.6234898,0.0,0.0,1.0,2023-03-07 07:40:00
0.8870108,-0.46174866,0.7818315,0.6234898,0.0,0.0,1.0,2023-03-07 07:50:00
0.8660254,-0.50000006,0.7818315,0.6234898,0.0,0.0,1.0,2023-03-07 08:00:00
0.8433914,-0.5372997,0.7818315,0.6234898,0.0,0.0,1.0,2023-03-07 08:10:00
0.819152,-0.5735765,0.7818315,0.6234898,0.0,0.0,1.0,2023-03-07 08:20:00
0.7933533,-0.6087615,0.7818315,0.6234898,0.0,0.0,1.0,2023-03-07 08:30:00
0.76604444,-0.64278764,0.7818315,0.6234898,0.0,0.0,1.0,2023-03-07 08:40:00
0.7372773,-0.6755902,0.7818315,0.6234898,0.0,0.0,1.0,2023-03-07 08:50:00
0.70710677,-0.70710677,0.7818315,0.6234898,0.0,0.0,1.0,2023-03-07 09:00:00
0.6755902,-0.7372773,0.7818315,0.6234898,0.0,0.0,1.0,2023-03-07 09:10:00
0.64278746,-0.76604456,0.7818315,0.6234898,0.0,0.0,1.0,2023-03-07 09:20:00
0.60876125,-0.79335344,0.7818315,0.6234898,0.0,0.0,1.0,2023-03-07 09:30:00
0.5735763,-0.8191521,0.7818315,0.6234898,0.0,0.0,1.0,2023-03-07 09:40:00
0.5372997,-0.8433914,0.7818315,0.6234898,0.0,0.0,1.0,2023-03-07 09:50:00
0.50000006,-0.8660254,0.7818315,0.6234898,0.0,0.0,1.0,2023-03-07 10:00:00
0.46174866,-0.8870108,0.7818315,0.6234898,0.0,0.0,1.0,2023-03-07 10:10:00
0.42261833,-0.90630776,0.7818315,0.6234898,0.0,0.0,1.0,2023-03-07 10:20:00
0.38268328,-0.9238796,0.7818315,0.6234898,0.0,0.0,1.0,2023-03-07 10:30:00
0.34202,-0.9396927,0.7818315,0.6234898,0.0,0.0,1.0,2023-03-07 10:40:00
0.30070564,-0.953717,0.7818315,0.6234898,0.0,0.0,1.0,2023-03-07 10:50:00
0.2588189,-0.9659259,0.7818315,0.6234898,0.0,0.0,1.0,2023-03-07 11:00:00
0.21643949,-0.976296,0.7818315,0.6234898,0.0,0.0,1.0,2023-03-07 11:10:00
0.17364828,-0.9848077,0.7818315,0.6234898,0.0,0.0,1.0,2023-03-07 11:20:00
0.13052608,-0.9914449,0.7818315,0.6234898,0.0,0.0,1.0,2023-03-07 11:30:00
0.08715563,-0.9961947,0.7818315,0.6234898,0.0,0.0,1.0,2023-03-07 11:40:00
0.043619294,-0.99904823,0.7818315,0.6234898,0.0,0.0,1.0,2023-03-07 11:50:00
-8.742278e-08,-1.0,0.7818315,0.6234898,0.0,0.0,1.0,2023-03-07 12:00:00
-0.043619227,-0.99904823,0.7818315,0.6234898,0.0,0.0,1.0,2023-03-07 12:10:00
-0.08715581,-0.9961947,0.7818315,0.6234898,0.0,0.0,1.0,2023-03-07 12:20:00
-0.13052626,-0.9914448,0.7818315,0.6234898,0.0,0.0,1.0,2023-03-07 12:30:00
-0.17364846,-0.9848077,0.7818315,0.6234898,0.0,0.0,1.0,2023-03-07 12:40:00
-0.21643966,-0.976296,0.7818315,0.6234898,0.0,0.0,1.0,2023-03-07 12:50:00
-0.2588193,-0.96592575,0.7818315,0.6234898,0.0,0.0,1.0,2023-03-07 13:00:00
-0.30070582,-0.95371693,0.7818315,0.6234898,0.0,0.0,1.0,2023-03-07 13:10:00
-0.3420204,-0.93969256,0.7818315,0.6234898,0.0,0.0,1.0,2023-03-07 13:20:00
-0.38268346,-0.9238795,0.7818315,0.6234898,0.0,0.0,1.0,2023-03-07 13:30:00
-0.42261827,-0.90630776,0.7818315,0.6234898,0.0,0.0,1.0,2023-03-07 13:40:00
-0.4617488,-0.88701075,0.7818315,0.6234898,0.0,0.0,1.0,2023-03-07 13:50:00
-0.49999997,-0.86602545,0.7818315,0.6234898,0.0,0.0,1.0,2023-03-07 14:00:00
-0.53729975,-0.84339136,0.7818315,0.6234898,0.0,0.0,1.0,2023-03-07 14:10:00
-0.5735764,-0.81915206,0.7818315,0.6234898,0.0,0.0,1.0,2023-03-07 14:20:00
-0.60876155,-0.79335326,0.7818315,0.6234898,0.0,0.0,1.0,2023-03-07 14:30:00
-0.6427876,-0.7660445,0.7818315,0.6234898,0.0,0.0,1.0,2023-03-07 14:40:00
-0.67559034,-0.73727727,0.7818315,0.6234898,0.0,0.0,1.0,2023-03-07 14:50:00
-0.7071069,-0.7071067,0.7818315,0.6234898,0.0,0.0,1.0,2023-03-07 15:00:00
-0.73727727,-0.6755903,0.7818315,0.6234898,0.0,0.0,1.0,2023-03-07 15:10:00
-0.76604456,-0.6427875,0.7818315,0.6234898,0.0,0.0,1.0,2023-03-07 15:20:00
-0.79335326,-0.6087615,0.7818315,0.6234898,0.0,0.0,1.0,2023-03-07 15:30:00
-0.8191521,-0.57357633,0.7818315,0.6234898,0.0,0.0,1.0,2023-03-07 15:40:00
-0.84339136,-0.5372997,0.7818315,0.6234898,0.0,0.0,1.0,2023-03-07 15:50:00
-0.86602545,-0.4999999,0.7818315,0.6234898,0.0,0.0,1.0,2023-03-07 16:00:00
-0.88701075,-0.46174875,0.7818315,0.6234898,0.0,0.0,1.0,2023-03-07 16:10:00
-0.9063078,-0.42261818,0.7818315,0.6234898,0.0,0.0,1.0,2023-03-07 16:20:00
-0.9238796,-0.38268313,0.7818315,0.6234898,0.0,0.0,1.0,2023-03-07 16:30:00
-0.9396926,-0.34202006,0.7818315,0.6234898,0.0,0.0,1.0,2023-03-07 16:40:00
-0.95371705,-0.30070552,0.7818315,0.6234898,0.0,0.0,1.0,2023-03-07 16:50:00
-0.9659258,-0.25881898,0.7818315,0.6234898,0.0,0.0,1.0,2023-03-07 17:00:00
-0.97629607,-0.21643932,0.7818315,0.6234898,0.0,0.0,1.0,2023-03-07 17:10:00
-0.9848078,-0.17364813,0.7818315,0.6234898,0.0,0.0,1.0,2023-03-07 17:20:00
-0.9914449,-0.13052592,0.7818315,0.6234898,0.0,0.0,1.0,2023-03-07 17:30:00
-0.9961947,-0.08715571,0.7818315,0.6234898,0.0,0.0,1.0,2023-03-07 17:40:00
-0.99904823,-0.04361913,0.7818315,0.6234898,0.0,0.0,1.0,2023-03-07 17:50:00
-1.0,1.1924881e-08,0.7818315,0.6234898,0.0,0.0,1.0,2023-03-07 18:00:00
-0.99904823,0.043619152,0.7818315,0.6234898,0.0,0.0,1.0,2023-03-07 18:10:00
-0.9961947,0.08715574,0.7818315,0.6234898,0.0,0.0,1.0,2023-03-07 18:20:00
-0.9914448,0.13052642,0.7818315,0.6234898,0.0,0.0,1.0,2023-03-07 18:30:00
-0.98480767,0.17364863,0.7818315,0.6234898,0.0,0.0,1.0,2023-03-07 18:40:00
-0.97629595,0.21643981,0.7818315,0.6234898,0.0,0.0,1.0,2023-03-07 18:50:00
-0.9659257,0.25881946,0.7818315,0.6234898,0.0,0.0,1.0,2023-03-07 19:00:00
-0.9537169,0.30070597,0.7818315,0.6234898,0.0,0.0,1.0,2023-03-07 19:10:00
-0.9396925,0.3420205,0.7818315,0.6234898,0.0,0.0,1.0,2023-03-07 19:20:00
-0.92387944,0.38268358,0.7818315,0.6234898,0.0,0.0,1.0,2023-03-07 19:30:00
-0.9063078,0.42261818,0.7818315,0.6234898,0.0,0.0,1.0,2023-03-07 19:40:00
-0.88701075,0.46174875,0.7818315,0.6234898,0.0,0.0,1.0,2023-03-07 19:50:00
-0.86602545,0.4999999,0.7818315,0.6234898,0.0,0.0,1.0,2023-03-07 20:00:00
-0.84339136,0.5372997,0.7818315,0.6234898,0.0,0.0,1.0,2023-03-07 20:10:00
-0.8191521,0.57357633,0.7818315,0.6234898,0.0,0.0,1.0,2023-03-07 20:20:00
-0.79335326,0.6087615,0.7818315,0.6234898,0.0,0.0,1.0,2023-03-07 20:30:00
-0.76604456,0.6427875,0.7818315,0.6234898,0.0,0.0,1.0,2023-03-07 20:40:00
-0.73727727,0.6755903,0.7818315,0.6234898,0.0,0.0,1.0,2023-03-07 20:50:00
-0.70710653,0.707107,0.7818315,0.6234898,0.0,0.0,1.0,2023-03-07 21:00:00
-0.67559016,0.7372774,0.7818315,0.6234898,0.0,0.0,1.0,2023-03-07 21:10:00
-0.6427874,0.7660446,0.7818315,0.6234898,0.0,0.0,1.0,2023-03-07 21:20:00
-0.60876137,0.7933534,0.7818315,0.6234898,0.0,0.0,1.0,2023-03-07 21:30:00
-0.5735762,0.81915224,0.7818315,0.6234898,0.0,0.0,1.0,2023-03-07 21:40:00
-0.5372996,0.8433915,0.7818315,0.6234898,0.0,0.0,1.0,2023-03-07 21:50:00
-0.49999976,0.86602557,0.7818315,0.6234898,0.0,0.0,1.0,2023-03-07 22:00:00
-0.46174857,0.8870109,0.7818315,0.6234898,0.0,0.0,1.0,2023-03-07 22:10:00
-0.42261803,0.9063079,0.7818315,0.6234898,0.0,0.0,1.0,2023-03-07 22:20:00
-0.38268343,0.92387956,0.7818315,0.6234898,0.0,0.0,1.0,2023-03-07 22:30:00
-0.34202036,0.93969256,0.7818315,0.6234898,0.0,0.0,1.0,2023-03-07 22:40:00
-0.3007058,0.95371693,0.7818315,0.6234898,0.0,0.0,1.0,2023-03-07 22:50:00
-0.25881884,0.9659259,0.7818315,0.6234898,0.0,0.0,1.0,2023-03-07 23:00:00
-0.21643916,0.9762961,0.7818315,0.6234898,0.0,0.0,1.0,2023-03-07 23:10:00
-0.17364797,0.9848078,0.7818315,0.6234898,0.0,0.0,1.0,2023-03-07 23:20:00
-0.13052575,0.99144495,0.7818315,0.6234898,0.0,0.0,1.0,2023-03-07 23:30:00
-0.08715556,0.9961947,0.7818315,0.6234898,0.0,0.0,1.0,2023-03-07 23:40:00
-0.043618966,0.99904823,0.7818315,0.6234898,0.0,0.0,1.0,2023-03-07 23:50:00
1.0,-4.371139e-08,0.9749279,-0.22252095,0.0,0.0,1.0,2023-03-08 06:00:00
0.99904823,-0.043619424,0.9749279,-0.22252095,0.0,0.0,1.0,2023-03-08 06:10:00
0.99619466,-0.087155886,0.9749279,-0.22252095,0.0,0.0,1.0,2023-03-08 06:20:00
0.9914448,-0.13052633,0.9749279,-0.22252095,0.0,0.0,1.0,2023-03-08 06:30:00
0.9848077,-0.1736483,0.9749279,-0.22252095,0.0,0.0,1.0,2023-03-08 06:40:00
0.976296,-0.21643962,0.9749279,-0.22252095,0.0,0.0,1.0,2023-03-08 06:50:00
0.9659258,-0.258819,0.9749279,-0.22252095,0.0,0.0,1.0,2023-03-08 07:00:00
0.95371693,-0.30070576,0.9749279,-0.22252095,0.0,0.0,1.0,2023-03-08 07:10:00
0.9396926,-0.3420201,0.9749279,-0.22252095,0.0,0.0,1.0,2023-03-08 07:20:00
0.9238795,-0.3826835,0.9749279,-0.22252095,0.0,0.0,1.0,2023-03-08 07:30:00
0.90630776,-0.42261833,0.9749279,-0.22252095,0.0,0.0,1.0,2023-03-08 07:40:00
0.8870108,-0.46174866,0.9749279,-0.22252095,0.0,0.0,1.0,2023-03-08 07:50:00
0.8660254,-0.50000006,0.9749279,-0.22252095,0.0,0.0,1.0,2023-03-08 08:00:00
0.8433914,-0.5372997,0.9749279,-0.22252095,0.0,0.0,1.0,2023-03-08 08:10:00
0.819152,-0.5735765,0.9749279,-0.22252095,0.0,0.0,1.0,2023-03-08 08:20:00
0.7933533,-0.6087615,0.9749279,-0.22252095,0.0,0.0,1.0,2023-03-08 08:30:00
0.76604444,-0.64278764,0.9749279,-0.22252095,0.0,0.0,1.0,2023-03-08 08:40:00
0.7372773,-0.6755902,0.9749279,-0.22252095,0.0,0.0,1.0,2023-03-08 08:50:00
0.70710677,-0.70710677,0.9749279,-0.22252095,0.0,0.0,1.0,2023-03-08 09:00:00
0.6755902,-0.7372773,0.9749279,-0.22252095,0.0,0.0,1.0,2023-03-08 09:10:00
0.64278746,-0.76604456,0.9749279,-0.22252095,0.0,0.0,1.0,2023-03-08 09:20:00
0.60876125,-0.79335344,0.9749279,-0.22252095,0.0,0.0,1.0,2023-03-08 09:30:00
0.5735763,-0.8191521,0.9749279,-0.22252095,0.0,0.0,1.0,2023-03-08 09:40:00
0.5372997,-0.8433914,0.9749279,-0.22252095,0.0,0.0,1.0,2023-03-08 09:50:00
0.50000006,-0.8660254,0.9749279,-0.22252095,0.0,0.0,1.0,2023-03-08 10:00:00
0.46174866,-0.8870108,0.9749279,-0.22252095,0.0,0.0,1.0,2023-03-08 10:10:00
0.42261833,-0.90630776,0.9749279,-0.22252095,0.0,0.0,1.0,2023-03-08 10:20:00
0.38268328,-0.9238796,0.9749279,-0.22252095,0.0,0.0,1.0,2023-03-08 10:30:00
0.34202,-0.9396927,0.9749279,-0.22252095,0.0,0.0,1.0,2023-03-08 10:40:00
0.30070564,-0.953717,0.9749279,-0.22252095,0.0,0.0,1.0,2023-03-08 10:50:00
0.2588189,-0.9659259,0.9749279,-0.22252095,0.0,0.0,1.0,2023-03-08 11:00:00
0.21643949,-0.976296,0.9749279,-0.22252095,0.0,0.0,1.0,2023-03-08 11:10:00
0.17364828,-0.9848077,0.9749279,-0.22252095,0.0,0.0,1.0,2023-03-08 11:20:00
0.13052608,-0.9914449,0.9749279,-0.22252095,0.0,0.0,1.0,2023-03-08 11:30:00
0.08715563,-0.9961947,0.9749279,-0.22252095,0.0,0.0,1.0,2023-03-08 11:40:00
0.043619294,-0.99904823,0.9749279,-0.22252095,0.0,0.0,1.0,2023-03-08 11:50:00
-8.742278e-08,-1.0,0.9749279,-0.22252095,0.0,0.0,1.0,2023-03-08 12:00:00
-0.043619227,-0.99904823,0.9749279,-0.22252095,0.0,0.0,1.0,2023-03-08 12:10:00
-0.08715581,-0.9961947,0.9749279,-0.22252095,0.0,0.0,1.0,2023-03-08 12:20:00
-0.13052626,-0.9914448,0.9749279,-0.22252095,0.0,0.0,1.0,2023-03-08 12:30:00
-0.17364846,-0.9848077,0.9749279,-0.22252095,0.0,0.0,1.0,2023-03-08 12:40:00
-0.21643966,-0.976296,0.9749279,-0.22252095,0.0,0.0,1.0,2023-03-08 12:50:00
-0.2588193,-0.96592575,0.9749279,-0.22252095,0.0,0.0,1.0,2023-03-08 13:00:00
-0.30070582,-0.95371693,0.9749279,-0.22252095,0.0,0.0,1.0,2023-03-08 13:10:00
-0.3420204,-0.93969256,0.9749279,-0.22252095,0.0,0.0,1.0,2023-03-08 13:20:00
-0.38268346,-0.9238795,0.9749279,-0.22252095,0.0,0.0,1.0,2023-03-08 13:30:00
-0.42261827,-0.90630776,0.9749279,-0.22252095,0.0,0.0,1.0,2023-03-08 13:40:00
-0.4617488,-0.88701075,0.9749279,-0.22252095,0.0,0.0,1.0,2023-03-08 13:50:00
-0.49999997,-0.86602545,0.9749279,-0.22252095,0.0,0.0,1.0,2023-03-08 14:00:00
-0.53729975,-0.84339136,0.9749279,-0.22252095,0.0,0.0,1.0,2023-03-08 14:10:00
-0.5735764,-0.81915206,0.9749279,-0.22252095,0.0,0.0,1.0,2023-03-08 14:20:00
-0.60876155,-0.79335326,0.9749279,-0.22252095,0.0,0.0,1.0,2023-03-08 14:30:00
-0.6427876,-0.7660445,0.9749279,-0.22252095,0.0,0.0,1.0,2023-03-08 14:40:00
-0.67559034,-0.73727727,0.9749279,-0.22252095,0.0,0.0,1.0,2023-03-08 14:50:00
-0.7071069,-0.7071067,0.9749279,-0.22252095,0.0,0.0,1.0,2023-03-08 15:00:00
-0.73727727,-0.6755903,0.9749279,-0.22252095,0.0,0.0,1.0,2023-03-08 15:10:00
-0.76604456,-0.6427875,0.9749279,-0.22252095,0.0,0.0,1.0,2023-03-08 15:20:00
-0.79335326,-0.6087615,0.9749279,-0.22252095,0.0,0.0,1.0,2023-03-08 15:30:00
-0.8191521,-0.57357633,0.9749279,-0.22252095,0.0,0.0,1.0,2023-03-08 15:40:00
-0.84339136,-0.5372997,0.9749279,-0.22252095,0.0,0.0,1.0,2023-03-08 15:50:00
-0.86602545,-0.4999999,0.9749279,-0.22252095,0.0,0.0,1.0,2023-03-08 16:00:00
-0.88701075,-0.46174875,0.9749279,-0.22252095,0.0,0.0,1.0,2023-03-08 16:10:00
-0.9063078,-0.42261818,0.9749279,-0.22252095,0.0,0.0,1.0,2023-03-08 16:20:00
-0.9238796,-0.38268313,0.9749279,-0.22252095,0.0,0.0,1.0,2023-03-08 16:30:00
-0.9396926,-0.34202006,0.9749279,-0.22252095,0.0,0.0,1.0,2023-03-08 16:40:00
-0.95371705,-0.30070552,0.9749279,-0.22252095,0.0,0.0,1.0,2023-03-08 16:50:00
-0.9659258,-0.25881898,0.9749279,-0.22252095,0.0,0.0,1.0,2023-03-08 17:00:00
-0.97629607,-0.21643932,0.9749279,-0.22252095,0.0,0.0,1.0,2023-03-08 17:10:00
-0.9848078,-0.17364813,0.9749279,-0.22252095,0.0,0.0,1.0,2023-03-08 17:20:00
-0.9914449,-0.13052592,0.9749279,-0.22252095,0.0,0.0,1.0,2023-03-08 17:30:00
-0.9961947,-0.08715571,0.9749279,-0.22252095,0.0,0.0,1.0,2023-03-08 17:40:00
-0.99904823,-0.04361913,0.9749279,-0.22252095,0.0,0.0,1.0,2023-03-08 17:50:00
-1.0,1.1924881e-08,0.9749279,-0.22252095,0.0,0.0,1.0,2023-03-08 18:00:00
-0.99904823,0.043619152,0.9749279,-0.22252095,0.0,0.0,1.0,2023-03-08 18:10:00
-0.9961947,0.08715574,0.9749279,-0.22252095,0.0,0.0,1.0,2023-03-08 18:20:00
-0.9914448,0.13052642,0.9749279,-0.22252095,0.0,0.0,1.0,2023-03-08 18:30:00
-0.98480767,0.17364863,0.9749279,-0.22252095,0.0,0.0,1.0,2023-03-08 18:40:00
-0.97629595,0.21643981,0.9749279,-0.22252095,0.0,0.0,1.0,2023-03-08 18:50:00
-0.9659257,0.25881946,0.9749279,-0.22252095,0.0,0.0,1.0,2023-03-08 19:00:00
-0.9537169,0.30070597,0.9749279,-0.22252095,0.0,0.0,1.0,2023-03-08 19:10:00
-0.9396925,0.3420205,0.9749279,-0.22252095,0.0,0.0,1.0,2023-03-08 19:20:00
-0.92387944,0.38268358,0.9749279,-0.22252095,0.0,0.0,1.0,2023-03-08 19:30:00
-0.9063078,0.42261818,0.9749279,-0.22252095,0.0,0.0,1.0,2023-03-08 19:40:00
-0.88701075,0.46174875,0.9749279,-0.22252095,0.0,0.0,1.0,2023-03-08 19:50:00
-0.86602545,0.4999999,0.9749279,-0.22252095,0.0,0.0,1.0,2023-03-08 20:00:00
-0.84339136,0.5372997,0.9749279,-0.22252095,0.0,0.0,1.0,2023-03-08 20:10:00
-0.8191521,0.57357633,0.9749279,-0.22252095,0.0,0.0,1.0,2023-03-08 20:20:00
-0.79335326,0.6087615,0.9749279,-0.22252095,0.0,0.0,1.0,2023-03-08 20:30:00
-0.76604456,0.6427875,0.9749279,-0.22252095,0.0,0.0,1.0,2023-03-08 20:40:00
-0.73727727,0.6755903,0.9749279,-0.22252095,0.0,0.0,1.0,2023-03-08 20:50:00
-0.70710653,0.707107,0.9749279,-0.22252095,0.0,0.0,1.0,2023-03-08 21:00:00
-0.67559016,0.7372774,0.9749279,-0.22252095,0.0,0.0,1.0,2023-03-08 21:10:00
-0.6427874,0.7660446,0.9749279,-0.22252095,0.0,0.0,1.0,2023-03-08 21:20:00
-0.60876137,0.7933534,0.9749279,-0.22252095,0.0,0.0,1.0,2023-03-08 21:30:00
-0.5735762,0.81915224,0.9749279,-0.22252095,0.0,0.0,1.0,2023-03-08 21:40:00
-0.5372996,0.8433915,0.9749279,-0.22252095,0.0,0.0,1.0,2023-03-08 21:50:00
-0.49999976,0.86602557,0.9749279,-0.22252095,0.0,0.0,1.0,2023-03-08 22:00:00
-0.46174857,0.8870109,0.9749279,-0.22252095,0.0,0.0,1.0,2023-03-08 22:10:00
-0.42261803,0.9063079,0.9749279,-0.22252095,0.0,0.0,1.0,2023-03-08 22:20:00
-0.38268343,0.92387956,0.9749279,-0.22252095,0.0,0.0,1.0,2023-03-08 22:30:00
-0.34202036,0.93969256,0.9749279,-0.22252095,0.0,0.0,1.0,2023-03-08 22:40:00
-0.3007058,0.95371693,0.9749279,-0.22252095,0.0,0.0,1.0,2023-03-08 22:50:00
-0.25881884,0.9659259,0.9749279,-0.22252095,0.0,0.0,1.0,2023-03-08 23:00:00
-0.21643916,0.9762961,0.9749279,-0.22252095,0.0,0.0,1.0,2023-03-08 23:10:00
-0.17364797,0.9848078,0.9749279,-0.22252095,0.0,0.0,1.0,2023-03-08 23:20:00
-0.13052575,0.99144495,0.9749279,-0.22252095,0.0,0.0,1.0,2023-03-08 23:30:00
-0.08715556,0.9961947,0.9749279,-0.22252095,0.0,0.0,1.0,2023-03-08 23:40:00
-0.043618966,0.99904823,0.9749279,-0.22252095,0.0,0.0,1.0,2023-03-08 23:50:00
1.0,-4.371139e-08,0.43388382,-0.90096885,0.0,1.0,1.0,2023-03-09 06:00:00
0.99904823,-0.043619424,0.43388382,-0.90096885,0.0,1.0,1.0,2023-03-09 06:10:00
0.99619466,-0.087155886,0.43388382,-0.90096885,0.0,1.0,1.0,2023-03-09 06:20:00
0.9914448,-0.13052633,0.43388382,-0.90096885,0.0,1.0,1.0,2023-03-09 06:30:00
0.9848077,-0.1736483,0.43388382,-0.90096885,0.0,1.0,1.0,2023-03-09 06:40:00
0.976296,-0.21643962,0.43388382,-0.90096885,0.0,1.0,1.0,2023-03-09 06:50:00
0.9659258,-0.258819,0.43388382,-0.90096885,0.0,1.0,1.0,2023-03-09 07:00:00
0.95371693,-0.30070576,0.43388382,-0.90096885,0.0,1.0,1.0,2023-03-09 07:10:00
0.9396926,-0.3420201,0.43388382,-0.90096885,0.0,1.0,1.0,2023-03-09 07:20:00
0.9238795,-0.3826835,0.43388382,-0.90096885,0.0,1.0,1.0,2023-03-09 07:30:00
0.90630776,-0.42261833,0.43388382,-0.90096885,0.0,1.0,1.0,2023-03-09 07:40:00
0.8870108,-0.46174866,0.43388382,-0.90096885,0.0,1.0,1.0,2023-03-09 07:50:00
0.8660254,-0.50000006,0.43388382,-0.90096885,0.0,1.0,1.0,2023-03-09 08:00:00
0.8433914,-0.5372997,0.43388382,-0.90096885,0.0,1.0,1.0,2023-03-09 08:10:00
0.819152,-0.5735765,0.43388382,-0.90096885,0.0,1.0,1.0,2023-03-09 08:20:00
0.7933533,-0.6087615,0.43388382,-0.90096885,0.0,1.0,1.0,2023-03-09 08:30:00
0.76604444,-0.64278764,0.43388382,-0.90096885,0.0,1.0,1.0,2023-03-09 08:40:00
0.7372773,-0.6755902,0.43388382,-0.90096885,0.0,1.0,1.0,2023-03-09 08:50:00
0.70710677,-0.70710677,0.43388382,-0.90096885,0.0,1.0,1.0,2023-03-09 09:00:00
0.6755902,-0.7372773,0.43388382,-0.90096885,0.0,1.0,1.0,2023-03-09 09:10:00
0.64278746,-0.76604456,0.43388382,-0.90096885,0.0,1.0,1.0,2023-03-09 09:20:00
0.60876125,-0.79335344,0.43388382,-0.90096885,0.0,1.0,1.0,2023-03-09 09:30:00
0.5735763,-0.8191521,0.43388382,-0.90096885,0.0,1.0,1.0,2023-03-09 09:40:00
0.5372997,-0.8433914,0.43388382,-0.90096885,0.0,1.0,1.0,2023-03-09 09:50:00
0.50000006,-0.8660254,0.43388382,-0.90096885,0.0,1.0,1.0,2023-03-09 10:00:00
0.46174866,-0.8870108,0.43388382,-0.90096885,0.0,1.0,1.0,2023-03-09 10:10:00
0.42261833,-0.90630776,0.43388382,-0.90096885,0.0,1.0,1.0,2023-03-09 10:20:00
0.38268328,-0.9238796,0.43388382,-0.90096885,0.0,1.0,1.0,2023-03-09 10:30:00
0.34202,-0.9396927,0.43388382,-0.90096885,0.0,1.0,1.0,2023-03-09 10:40:00
0.30070564,-0.953717,0.43388382,-0.90096885,0.0,1.0,1.0,2023-03-09 10:50:00
0.2588189,-0.9659259,0.43388382,-0.90096885,0.0,1.0,1.0,2023-03-09 11:00:00
0.21643949,-0.976296,0.43388382,-0.90096885,0.0,1.0,1.0,2023-03-09 11:10:00
0.17364828,-0.9848077,0.43388382,-0.90096885,0.0,1.0,1.0,2023-03-09 11:20:00
0.13052608,-0.9914449,0.43388382,-0.90096885,0.0,1.0,1.0,2023-03-09 11:30:00
0.08715563,-0.9961947,0.43388382,-0.90096885,0.0,1.0,1.0,2023-03-09 11:40:00
0.043619294,-0.99904823,0.43388382,-0.90096885,0.0,1.0,1.0,2023-03-09 11:50:00
-8.742278e-08,-1.0,0.43388382,-0.90096885,0.0,1.0,1.0,2023-03-09 12:00:00
-0.043619227,-0.99904823,0.43388382,-0.90096885,0.0,1.0,1.0,2023-03-09 12:10:00
-0.08715581,-0.9961947,0.43388382,-0.90096885,0.0,1.0,1.0,2023-03-09 12:20:00
-0.13052626,-0.9914448,0.43388382,-0.90096885,0.0,1.0,1.0,2023-03-09 12:30:00
-0.17364846,-0.9848077,0.43388382,-0.90096885,0.0,1.0,1.0,2023-03-09 12:40:00
-0.21643966,-0.976296,0.43388382,-0.90096885,0.0,1.0,1.0,2023-03-09 12:50:00
-0.2588193,-0.96592575,0.43388382,-0.90096885,0.0,1.0,1.0,2023-03-09 13:00:00
-0.30070582,-0.95371693,0.43388382,-0.90096885,0.0,1.0,1.0,2023-03-09 13:10:00
-0.3420204,-0.93969256,0.43388382,-0.90096885,0.0,1.0,1.0,2023-03-09 13:20:00
-0.38268346,-0.9238795,0.43388382,-0.90096885,0.0,1.0,1.0,2023-03-09 13:30:00
-0.42261827,-0.90630776,0.43388382,-0.90096885,0.0,1.0,1.0,2023-03-09 13:40:00
-0.4617488,-0.88701075,0.43388382,-0.90096885,0.0,1.0,1.0,2023-03-09 13:50:00
-0.49999997,-0.86602545,0.43388382,-0.90096885,0.0,1.0,1.0,2023-03-09 14:00:00
-0.53729975,-0.84339136,0.43388382,-0.90096885,0.0,1.0,1.0,2023-03-09 14:10:00
-0.5735764,-0.81915206,0.43388382,-0.90096885,0.0,1.0,1.0,2023-03-09 14:20:00
-0.60876155,-0.79335326,0.43388382,-0.90096885,0.0,1.0,1.0,2023-03-09 14:30:00
-0.6427876,-0.7660445,0.43388382,-0.90096885,0.0,1.0,1.0,2023-03-09 14:40:00
-0.67559034,-0.73727727,0.43388382,-0.90096885,0.0,1.0,1.0,2023-03-09 14:50:00
-0.7071069,-0.7071067,0.43388382,-0.90096885,0.0,1.0,1.0,2023-03-09 15:00:00
-0.73727727,-0.6755903,0.43388382,-0.90096885,0.0,1.0,1.0,2023-03-09 15:10:00
-0.76604456,-0.6427875,0.43388382,-0.90096885,0.0,1.0,1.0,2023-03-09 15:20:00
-0.79335326,-0.6087615,0.43388382,-0.90096885,0.0,1.0,1.0,2023-03-09 15:30:00
-0.8191521,-0.57357633,0.43388382,-0.90096885,0.0,1.0,1.0,2023-03-09 15:40:00
-0.84339136,-0.5372997,0.43388382,-0.90096885,0.0,1.0,1.0,2023-03-09 15:50:00
-0.86602545,-0.4999999,0.43388382,-0.90096885,0.0,1.0,1.0,2023-03-09 16:00:00
-0.88701075,-0.46174875,0.43388382,-0.90096885,0.0,1.0,1.0,2023-03-09 16:10:00
-0.9063078,-0.42261818,0.43388382,-0.90096885,0.0,1.0,0.9722222,2023-03-09 16:20:00
-0.9238796,-0.38268313,0.43388382,-0.90096885,0.0,1.0,0.9444444,2023-03-09 16:30:00
-0.9396926,-0.34202006,0.43388382,-0.90096885,0.0,1.0,0.9166667,2023-03-09 16:40:00
-0.95371705,-0.30070552,0.43388382,-0.90096885,0.0,1.0,0.8888889,2023-03-09 16:50:00
-0.9659258,-0.25881898,0.43388382,-0.90096885,0.0,1.0,0.8611111,2023-03-09 17:00:00
-0.97629607,-0.21643932,0.43388382,-0.90096885,0.0,1.0,0.8333333,2023-03-09 17:10:00
-0.9848078,-0.17364813,0.43388382,-0.90096885,0.0,1.0,0.8055556,2023-03-09 17:20:00
-0.9914449,-0.13052592,0.43388382,-0.90096885,0.0,1.0,0.7777778,2023-03-09 17:30:00
-0.9961947,-0.08715571,0.43388382,-0.90096885,0.0,1.0,0.75,2023-03-09 17:40:00
-0.99904823,-0.04361913,0.43388382,-0.90096885,0.0,1.0,0.7222222,2023-03-09 17:50:00
-1.0,1.1924881e-08,0.43388382,-0.90096885,0.0,1.0,0.6944444,2023-03-09 18:00:00
-0.99904823,0.043619152,0.43388382,-0.90096885,0.0,1.0,0.6666667,2023-03-09 18:10:00
-0.9961947,0.08715574,0.43388382,-0.90096885,0.0,1.0,0.6388889,2023-03-09 18:20:00
-0.9914448,0.13052642,0.43388382,-0.90096885,0.0,1.0,0.6111111,2023-03-09 18:30:00
-0.98480767,0.17364863,0.43388382,-0.90096885,0.0,1.0,0.5833333,2023-03-09 18:40:00
-0.97629595,0.21643981,0.43388382,-0.90096885,0.0,1.0,0.5555556,2023-03-09 18:50:00
-0.9659257,0.25881946,0.43388382,-0.90096885,0.0,1.0,0.5277778,2023-03-09 19:00:00
-0.9537169,0.30070597,0.43388382,-0.90096885,0.0,1.0,0.5,2023-03-09 19:10:00
-0.9396925,0.3420205,0.43388382,-0.90096885,0.0,1.0,0.4722222,2023-03-09 19:20:00
-0.92387944,0.38268358,0.43388382,-0.90096885,0.0,1.0,0.44444445,2023-03-09 19:30:00
-0.9063078,0.42261818,0.43388382,-0.90096885,0.0,1.0,0.41666666,2023-03-09 19:40:00
-0.88701075,0.46174875,0.43388382,-0.90096885,0.0,1.0,0.3888889,2023-03-09 19:50:00
-0.86602545,0.4999999,0.43388382,-0.90096885,0.0,1.0,0.3611111,2023-03-09 20:00:00
-0.84339136,0.5372997,0.43388382,-0.90096885,0.0,1.0,0.33333334,2023-03-09 20:10:00
-0.8191521,0.57357633,0.43388382,-0.90096885,0.0,1.0,0.30555555,2023-03-09 20:20:00
-0.79335326,0.6087615,0.43388382,-0.90096885,0.0,1.0,0.2777778,2023-03-09 20:30:00
-0.76604456,0.6427875,0.43388382,-0.90096885,0.0,1.0,0.25,2023-03-09 20:40:00
-0.73727727,0.6755903,0.43388382,-0.90096885,0.0,1.0,0.22222222,2023-03-09 20:50:00
-0.70710653,0.707107,0.43388382,-0.90096885,0.0,1.0,0.19444445,2023-03-09 21:00:00
-0.67559016,0.7372774,0.43388382,-0.90096885,0.0,1.0,0.16666667,2023-03-09 21:10:00
-0.6427874,0.7660446,0.43388382,-0.90096885,0.0,1.0,0.1388889,2023-03-09 21:20:00
-0.60876137,0.7933534,0.43388382,-0.90096885,0.0,1.0,0.11111111,2023-03-09 21:30:00
-0.5735762,0.81915224,0.43388382,-0.90096885,0.0,1.0,0.083333336,2023-03-09 21:40:00
-0.5372996,0.8433915,0.43388382,-0.90096885,0.0,1.0,0.055555556,2023-03-09 21:50:00
-0.49999976,0.86602557,0.43388382,-0.90096885,0.0,1.0,0.027777778,2023-03-09 22:00:00
-0.46174857,0.8870109,0.43388382,-0.90096885,0.0,1.0,0.0,2023-03-09 22:10:00
-0.42261803,0.9063079,0.43388382,-0.90096885,0.0,1.0,0.027777778,2023-03-09 22:20:00
-0.38268343,0.92387956,0.43388382,-0.90096885,0.0,1.0,0.055555556,2023-03-09 22:30:00
-0.34202036,0.93969256,0.43388382,-0.90096885,0.0,1.0,0.083333336,2023-03-09 22:40:00
-0.3007058,0.95371693,0.43388382,-0.90096885,0.0,1.0,0.11111111,2023-03-09 22:50:00
-0.25881884,0.9659259,0.43388382,-0.90096885,0.0,1.0,0.1388889,2023-03-09 23:00:00
-0.21643916,0.9762961,0.43388382,-0.90096885,0.0,1.0,0.16666667,2023-03-09 23:10:00
-0.17364797,0.9848078,0.43388382,-0.90096885,0.0,1.0,0.19444445,2023-03-09 23:20:00
-0.13052575,0.99144495,0.43388382,-0.90096885,0.0,1.0,0.22222222,2023-03-09 23:30:00
-0.08715556,0.9961947,0.43388382,-0.90096885,0.0,1.0,0.25,2023-03-09 23:40:00
-0.043618966,0.99904823,0.43388382,-0.90096885,0.0,1.0,0.2777778,2023-03-09 23:50:00
1.0,-4.371139e-08,-0.43388376,-0.90096885,0.0,0.0,1.0,2023-03-10 06:00:00
0.99904823,-0.043619424,-0.43388376,-0.90096885,0.0,0.0,1.0,2023-03-10 06:10:00
0.99619466,-0.087155886,-0.43388376,-0.90096885,0.0,0.0,1.0,2023-03-10 06:20:00
0.9914448,-0.13052633,-0.43388376,-0.90096885,0.0,0.0,1.0,2023-03-10 06:30:00
0.9848077,-0.1736483,-0.43388376,-0.90096885,0.0,0.0,1.0,2023-03-10 06:40:00
0.976296,-0.21643962,-0.43388376,-0.90096885,0.0,0.0,1.0,2023-03-10 06:50:00
0.9659258,-0.258819,-0.43388376,-0.90096885,0.0,0.0,1.0,2023-03-10 07:00:00
0.95371693,-0.30070576,-0.43388376,-0.90096885,0.0,0.0,1.0,2023-03-10 07:10:00
0.9396926,-0.3420201,-0.43388376,-0.90096885,0.0,0.0,1.0,2023-03-10 07:20:00
0.9238795,-0.3826835,-0.43388376,-0.90096885,0.0,0.0,1.0,2023-03-10 07:30:00
0.90630776,-0.42261833,-0.43388376,-0.90096885,0.0,0.0,1.0,2023-03-10 07:40:00
0.8870108,-0.46174866,-0.43388376,-0.90096885,0.0,0.0,1.0,2023-03-10 07:50:00
0.8660254,-0.50000006,-0.43388376,-0.90096885,0.0,0.0,1.0,2023-03-10 08:00:00
0.8433914,-0.5372997,-0.43388376,-0.90096885,0.0,0.0,1.0,2023-03-10 08:10:00
0.819152,-0.5735765,-0.43388376,-0.90096885,0.0,0.0,1.0,2023-03-10 08:20:00
0.7933533,-0.6087615,-0.43388376,-0.90096885,0.0,0.0,1.0,2023-03-10 08:30:00
0.76604444,-0.64278764,-0.43388376,-0.90096885,0.0,0.0,1.0,2023-03-10 08:40:00
0.7372773,-0.6755902,-0.43388376,-0.90096885,0.0,0.0,1.0,2023-03-10 08:50:00
0.70710677,-0.70710677,-0.43388376,-0.90096885,0.0,0.0,1.0,2023-03-10 09:00:00
0.6755902,-0.7372773,-0.43388376,-0.90096885,0.0,0.0,1.0,2023-03-10 09:10:00
0.64278746,-0.76604456,-0.43388376,-0.90096885,0.0,0.0,1.0,2023-03-10 09:20:00
0.60876125,-0.79335344,-0.43388376,-0.90096885,0.0,0.0,1.0,2023-03-10 09:30:00
0.5735763,-0.8191521,-0.43388376,-0.90096885,0.0,0.0,1.0,2023-03-10 09:40:00
0.5372997,-0.8433914,-0.43388376,-0.90096885,0.0,0.0,1.0,2023-03-10 09:50:00
0.50000006,-0.8660254,-0.43388376,-0.90096885,0.0,0.0,1.0,2023-03-10 10:00:00
0.46174866,-0.8870108,-0.43388376,-0.90096885,0.0,0.0,1.0,2023-03-10 10:10:00
0.42261833,-0.90630776,-0.43388376,-0.90096885,0.0,0.0,1.0,2023-03-10 10:20:00
0.38268328,-0.9238796,-0.43388376,-0.90096885,0.0,0.0,1.0,2023-03-10 10:30:00
0.34202,-0.9396927,-0.43388376,-0.90096885,0.0,0.0,1.0,2023-03-10 10:40:00
0.30070564,-0.953717,-0.43388376,-0.90096885,0.0,0.0,1.0,2023-03-10 10:50:00
0.2588189,-0.9659259,-0.43388376,-0.90096885,0.0,0.0,1.0,2023-03-10 11:00:00
0.21643949,-0.976296,-0.43388376,-0.90096885,0.0,0.0,1.0,2023-03-10 11:10:00
0.17364828,-0.9848077,-0.43388376,-0.90096885,0.0,0.0,1.0,2023-03-10 11:20:00
0.13052608,-0.9914449,-0.43388376,-0.90096885,0.0,0.0,1.0,2023-03-10 11:30:00
0.08715563,-0.9961947,-0.43388376,-0.90096885,0.0,0.0,1.0,2023-03-10 11:40:00
0.043619294,-0.99904823,-0.43388376,-0.90096885,0.0,0.0,1.0,2023-03-10 11:50:00
-8.742278e-08,-1.0,-0.43388376,-0.90096885,0.0,0.0,1.0,2023-03-10 12:00:00
-0.043619227,-0.99904823,-0.43388376,-0.90096885,0.0,0.0,1.0,2023-03-10 12:10:00
-0.08715581,-0.9961947,-0.43388376,-0.90096885,0.0,0.0,1.0,2023-03-10 12:20:00
-0.13052626,-0.9914448,-0.43388376,-0.90096885,0.0,0.0,1.0,2023-03-10 12:30:00
-0.17364846,-0.9848077,-0.43388376,-0.90096885,0.0,0.0,1.0,2023-03-10 12:40:00
-0.21643966,-0.976296,-0.43388376,-0.90096885,0.0,0.0,1.0,2023-03-10 12:50:00
-0.2588193,-0.96592575,-0.43388376,-0.90096885,0.0,0.0,1.0,2023-03-10 13:00:00
-0.30070582,-0.95371693,-0.43388376,-0.90096885,0.0,0.0,1.0,2023-03-10 13:10:00
-0.3420204,-0.93969256,-0.43388376,-0.90096885,0.0,0.0,1.0,2023-03-10 13:20:00
-0.38268346,-0.9238795,-0.43388376,-0.90096885,0.0,0.0,1.0,2023-03-10 13:30:00
-0.42261827,-0.90630776,-0.43388376,-0.90096885,0.0,0.0,1.0,2023-03-10 13:40:00
-0.4617488,-0.88701075,-0.43388376,-0.90096885,0.0,0.0,1.0,2023-03-10 13:50:00
-0.49999997,-0.86602545,-0.43388376,-0.90096885,0.0,0.0,1.0,2023-03-10 14:00:00
-0.53729975,-0.84339136,-0.43388376,-0.90096885,0.0,0.0,1.0,2023-03-10 14:10:00
-0.5735764,-0.81915206,-0.43388376,-0.90096885,0.0,0.0,1.0,2023-03-10 14:20:00
-0.60876155,-0.79335326,-0.43388376,-0.90096885,0.0,0.0,1.0,2023-03-10 14:30:00
-0.6427876,-0.7660445,-0.43388376,-0.90096885,0.0,0.0,1.0,2023-03-10 14:40:00
-0.67559034,-0.73727727,-0.43388376,-0.90096885,0.0,0.0,1.0,2023-03-10 14:50:00
-0.7071069,-0.7071067,-0.43388376,-0.90096885,0.0,0.0,1.0,2023-03-10 15:00:00
-0.73727727,-0.6755903,-0.43388376,-0.90096885,0.0,0.0,1.0,2023-03-10 15:10:00
-0.76604456,-0.6427875,-0.43388376,-0.90096885,0.0,0.0,1.0,2023-03-10 15:20:00
-0.79335326,-0.6087615,-0.43388376,-0.90096885,0.0,0.0,1.0,2023-03-10 15:30:00
-0.8191521,-0.57357633,-0.43388376,-0.90096885,0.0,0.0,1.0,2023-03-10 15:40:00
-0.84339136,-0.5372997,-0.43388376,-0.90096885,0.0,0.0,1.0,2023-03-10 15:50:00
-0.86602545,-0.4999999,-0.43388376,-0.90096885,0.0,0.0,1.0,2023-03-10 16:00:00
-0.88701075,-0.46174875,-0.43388376,-0.90096885,0.0,0.0,1.0,2023-03-10 16:10:00
-0.9063078,-0.42261818,-0.43388376,-0.90096885,0.0,0.0,1.0,2023-03-10 16:20:00
-0.9238796,-0.38268313,-0.43388376,-0.90096885,0.0,0.0,1.0,2023-03-10 16:30:00
-0.9396926,-0.34202006,-0.43388376,-0.90096885,0.0,0.0,1.0,2023-03-10 16:40:00
-0.95371705,-0.30070552,-0.43388376,-0.90096885,0.0,0.0,1.0,2023-03-10 16:50:00
-0.9659258,-0.25881898,-0.43388376,-0.90096885,0.0,0.0,1.0,2023-03-10 17:00:00
-0.97629607,-0.21643932,-0.43388376,-0.90096885,0.0,0.0,1.0,2023-03-10 17:10:00
-0.9848078,-0.17364813,-0.43388376,-0.90096885,0.0,0.0,1.0,2023-03-10 17:20:00
-0.9914449,-0.13052592,-0.43388376,-0.90096885,0.0,0.0,1.0,2023-03-10 17:30:00
-0.9961947,-0.08715571,-0.43388376,-0.90096885,0.0,0.0,1.0,2023-03-10 17:40:00
-0.99904823,-0.04361913,-0.43388376,-0.90096885,0.0,0.0,1.0,2023-03-10 17:50:00
-1.0,1.1924881e-08,-0.43388376,-0.90096885,0.0,0.0,1.0,2023-03-10 18:00:00
-0.99904823,0.043619152,-0.43388376,-0.90096885,0.0,0.0,1.0,2023-03-10 18:10:00
-0.9961947,0.08715574,-0.43388376,-0.90096885,0.0,0.0,1.0,2023-03-10 18:20:00
-0.9914448,0.13052642,-0.43388376,-0.90096885,0.0,0.0,1.0,2023-03-10 18:30:00
-0.98480767,0.17364863,-0.43388376,-0.90096885,0.0,0.0,1.0,2023-03-10 18:40:00
-0.97629595,0.21643981,-0.43388376,-0.90096885,0.0,0.0,1.0,2023-03-10 18:50:00
-0.9659257,0.25881946,-0.43388376,-0.90096885,0.0,0.0,1.0,2023-03-10 19:00:00
-0.9537169,0.30070597,-0.43388376,-0.90096885,0.0,0.0,1.0,2023-03-10 19:10:00
-0.9396925,0.3420205,-0.43388376,-0.90096885,0.0,0.0,1.0,2023-03-10 19:20:00
-0.92387944,0.38268358,-0.43388376,-0.90096885,0.0,0.0,1.0,2023-03-10 19:30:00
-0.9063078,0.42261818,-0.43388376,-0.90096885,0.0,0.0,1.0,2023-03-10 19:40:00
-0.88701075,0.46174875,-0.43388376,-0.90096885,0.0,0.0,1.0,2023-03-10 19:50:00
-0.86602545,0.4999999,-0.43388376,-0.90096885,0.0,0.0,1.0,2023-03-10 20:00:00
-0.84339136,0.5372997,-0.43388376,-0.90096885,0.0,0.0,1.0,2023-03-10 20:10:00
-0.8191521,0.57357633,-0.43388376,-0.90096885,0.0,0.0,1.0,2023-03-10 20:20:00
-0.79335326,0.6087615,-0.43388376,-0.90096885,0.0,0.0,1.0,2023-03-10 20:30:00
-0.76604456,0.6427875,-0.43388376,-0.90096885,0.0,0.0,1.0,2023-03-10 20:40:00
-0.73727727,0.6755903,-0.43388376,-0.90096885,0.0,0.0,1.0,2023-03-10 20:50:00
-0.70710653,0.707107,-0.43388376,-0.90096885,0.0,0.0,1.0,2023-03-10 21:00:00
-0.67559016,0.7372774,-0.43388376,-0.90096885,0.0,0.0,1.0,2023-03-10 21:10:00
-0.6427874,0.7660446,-0.43388376,-0.90096885,0.0,0.0,1.0,2023-03-10 21:20:00
-0.60876137,0.7933534,-0.43388376,-0.90096885,0.0,0.0,1.0,2023-03-10 21:30:00
-0.5735762,0.81915224,-0.43388376,-0.90096885,0.0,0.0,1.0,2023-03-10 21:40:00
-0.5372996,0.8433915,-0.43388376,-0.90096885,0.0,0.0,1.0,2023-03-10 21:50:00
-0.49999976,0.86602557,-0.43388376,-0.90096885,0.0,0.0,1.0,2023-03-10 22:00:00
-0.46174857,0.8870109,-0.43388376,-0.90096885,0.0,0.0,1.0,2023-03-10 22:10:00
-0.42261803,0.9063079,-0.43388376,-0.90096885,0.0,0.0,1.0,2023-03-10 22:20:00
-0.38268343,0.92387956,-0.43388376,-0.90096885,0.0,0.0,1.0,2023-03-10 22:30:00
-0.34202036,0.93969256,-0.43388376,-0.90096885,0.0,0.0,1.0,2023-03-10 22:40:00
-0.3007058,0.95371693,-0.43388376,-0.90096885,0.0,0.0,1.0,2023-03-10 22:50:00
-0.25881884,0.9659259,-0.43388376,-0.90096885,0.0,0.0,1.0,2023-03-10 23:00:00
-0.21643916,0.9762961,-0.43388376,-0.90096885,0.0,0.0,1.0,2023-03-10 23:10:00
-0.17364797,0.9848078,-0.43388376,-0.90096885,0.0,0.0,1.0,2023-03-10 23:20:00
-0.13052575,0.99144495,-0.43388376,-0.90096885,0.0,0.0,1.0,2023-03-10 23:30:00
-0.08715556,0.9961947,-0.43388376,-0.90096885,0.0,0.0,1.0,2023-03-10 23:40:00
-0.043618966,0.99904823,-0.43388376,-0.90096885,0.0,0.0,1.0,2023-03-10 23:50:00
1.0,-4.371139e-08,-0.974928,-0.22252055,1.0,0.0,1.0,2023-03-11 06:00:00
0.99904823,-0.043619424,-0.974928,-0.22252055,1.0,0.0,1.0,2023-03-11 06:10:00
0.99619466,-0.087155886,-0.974928,-0.22252055,1.0,0.0,1.0,2023-03-11 06:20:00
0.9914448,-0.13052633,-0.974928,-0.22252055,1.0,0.0,1.0,2023-03-11 06:30:00
0.9848077,-0.1736483,-0.974928,-0.22252055,1.0,0.0,1.0,2023-03-11 06:40:00
0.976296,-0.21643962,-0.974928,-0.22252055,1.0,0.0,1.0,2023-03-11 06:50:00
0.9659258,-0.258819,-0.974928,-0.22252055,1.0,0.0,1.0,2023-03-11 07:00:00
0.95371693,-0.30070576,-0.974928,-0.22252055,1.0,0.0,1.0,2023-03-11 07:10:00
0.9396926,-0.3420201,-0.974928,-0.22252055,1.0,0.0,1.0,2023-03-11 07:20:00
0.9238795,-0.3826835,-0.974928,-0.22252055,1.0,0.0,1.0,2023-03-11 07:30:00
0.90630776,-0.42261833,-0.974928,-0.22252055,1.0,0.0,1.0,2023-03-11 07:40:00
0.8870108,-0.46174866,-0.974928,-0.22252055,1.0,0.0,1.0,2023-03-11 07:50:00
0.8660254,-0.50000006,-0.974928,-0.22252055,1.0,0.0,1.0,2023-03-11 08:00:00
0.8433914,-0.5372997,-0.974928,-0.22252055,1.0,0.0,1.0,2023-03-11 08:10:00
0.819152,-0.5735765,-0.974928,-0.22252055,1.0,0.0,1.0,2023-03-11 08:20:00
0.7933533,-0.6087615,-0.974928,-0.22252055,1.0,0.0,1.0,2023-03-11 08:30:00
0.76604444,-0.64278764,-0.974928,-0.22252055,1.0,0.0,1.0,2023-03-11 08:40:00
0.7372773,-0.6755902,-0.974928,-0.22252055,1.0,0.0,1.0,2023-03-11 08:50:00
0.70710677,-0.70710677,-0.974928,-0.22252055,1.0,0.0,1.0,2023-03-11 09:00:00
0.6755902,-0.7372773,-0.974928,-0.22252055,1.0,0.0,1.0,2023-03-11 09:10:00
0.64278746,-0.76604456,-0.974928,-0.22252055,1.0,0.0,1.0,2023-03-11 09:20:00
0.60876125,-0.79335344,-0.974928,-0.22252055,1.0,0.0,1.0,2023-03-11 09:30:00
0.5735763,-0.8191521,-0.974928,-0.22252055,1.0,0.0,1.0,2023-03-11 09:40:00
0.5372997,-0.8433914,-0.974928,-0.22252055,1.0,0.0,1.0,2023-03-11 09:50:00
0.50000006,-0.8660254,-0.974928,-0.22252055,1.0,0.0,1.0,2023-03-11 10:00:00
0.46174866,-0.8870108,-0.974928,-0.22252055,1.0,0.0,1.0,2023-03-11 10:10:00
0.42261833,-0.90630776,-0.974928,-0.22252055,1.0,0.0,1.0,2023-03-11 10:20:00
0.38268328,-0.9238796,-0.974928,-0.22252055,1.0,0.0,1.0,2023-03-11 10:30:00
0.34202,-0.9396927,-0.974928,-0.22252055,1.0,0.0,1.0,2023-03-11 10:40:00
0.30070564,-0.953717,-0.974928,-0.22252055,1.0,0.0,1.0,2023-03-11 10:50:00
0.2588189,-0.9659259,-0.974928,-0.22252055,1.0,0.0,1.0,2023-03-11 11:00:00
0.21643949,-0.976296,-0.974928,-0.22252055,1.0,0.0,1.0,2023-03-11 11:10:00
0.17364828,-0.9848077,-0.974928,-0.22252055,1.0,0.0,1.0,2023-03-11 11:20:00
0.13052608,-0.9914449,-0.974928,-0.22252055,1.0,0.0,1.0,2023-03-11 11:30:00
0.08715563,-0.9961947,-0.974928,-0.22252055,1.0,0.0,1.0,2023-03-11 11:40:00
0.043619294,-0.99904823,-0.974928,-0.22252055,1.0,0.0,1.0,2023-03-11 11:50:00
-8.742278e-08,-1.0,-0.974928,-0.22252055,1.0,0.0,1.0,2023-03-11 12:00:00
-0.043619227,-0.99904823,-0.974928,-0.22252055,1.0,0.0,1.0,2023-03-11 12:10:00
-0.08715581,-0.9961947,-0.974928,-0.22252055,1.0,0.0,1.0,2023-03-11 12:20:00
-0.13052626,-0.9914448,-0.974928,-0.22252055,1.0,0.0,1.0,2023-03-11 12:30:00
-0.17364846,-0.9848077,-0.974928,-0.22252055,1.0,0.0,1.0,2023-03-11 12:40:00
-0.21643966,-0.976296,-0.974928,-0.22252055,1.0,0.0,1.0,2023-03-11 12:50:00
-0.2588193,-0.96592575,-0.974928,-0.22252055,1.0,0.0,1.0,2023-03-11 13:00:00
-0.30070582,-0.95371693,-0.974928,-0.22252055,1.0,0.0,1.0,2023-03-11 13:10:00
-0.3420204,-0.93969256,-0.974928,-0.22252055,1.0,0.0,1.0,2023-03-11 13:20:00
-0.38268346,-0.9238795,-0.974928,-0.22252055,1.0,0.0,1.0,2023-03-11 13:30:00
-0.42261827,-0.90630776,-0.974928,-0.22252055,1.0,0.0,1.0,2023-03-11 13:40:00
-0.4617488,-0.88701075,-0.974928,-0.22252055,1.0,0.0,1.0,2023-03-11 13:50:00
-0.49999997,-0.86602545,-0.974928,-0.22252055,1.0,0.0,1.0,2023-03-11 14:00:00
-0.53729975,-0.84339136,-0.974928,-0.22252055,1.0,0.0,1.0,2023-03-11 14:10:00
-0.5735764,-0.81915206,-0.974928,-0.22252055,1.0,0.0,1.0,2023-03-11 14:20:00
-0.60876155,-0.79335326,-0.974928,-0.22252055,1.0,0.0,1.0,2023-03-11 14:30:00
-0.6427876,-0.7660445,-0.974928,-0.22252055,1.0,0.0,1.0,2023-03-11 14:40:00
-0.67559034,-0.73727727,-0.974928,-0.22252055,1.0,0.0,1.0,2023-03-11 14:50:00
-0.7071069,-0.7071067,-0.974928,-0.22252055,1.0,0.0,1.0,2023-03-11 15:00:00
-0.73727727,-0.6755903,-0.974928,-0.22252055,1.0,0.0,1.0,2023-03-11 15:10:00
-0.76604456,-0.6427875,-0.974928,-0.22252055,1.0,0.0,1.0,2023-03-11 15:20:00
-0.79335326,-0.6087615,-0.974928,-0.22252055,1.0,0.0,1.0,2023-03-11 15:30:00
-0.8191521,-0.57357633,-0.974928,-0.22252055,1.0,0.0,1.0,2023-03-11 15:40:00
-0.84339136,-0.5372997,-0.974928,-0.22252055,1.0,0.0,1.0,2023-03-11 15:50:00
-0.86602545,-0.4999999,-0.974928,-0.22252055,1.0,0.0,1.0,2023-03-11 16:00:00
-0.88701075,-0.46174875,-0.974928,-0.22252055,1.0,0.0,1.0,2023-03-11 16:10:00
-0.9063078,-0.42261818,-0.974928,-0.22252055,1.0,0.0,1.0,2023-03-11 16:20:00
-0.9238796,-0.38268313,-0.974928,-0.22252055,1.0,0.0,1.0,2023-03-11 16:30:00
-0.9396926,-0.34202006,-0.974928,-0.22252055,1.0,0.0,1.0,2023-03-11 16:40:00
-0.95371705,-0.30070552,-0.974928,-0.22252055,1.0,0.0,1.0,2023-03-11 16:50:00
-0.9659258,-0.25881898,-0.974928,-0.22252055,1.0,0.0,1.0,2023-03-11 17:00:00
-0.97629607,-0.21643932,-0.974928,-0.22252055,1.0,0.0,1.0,2023-03-11 17:10:00
-0.9848078,-0.17364813,-0.974928,-0.22252055,1.0,0.0,1.0,2023-03-11 17:20:00
-0.9914449,-0.13052592,-0.974928,-0.22252055,1.0,0.0,1.0,2023-03-11 17:30:00
-0.9961947,-0.08715571,-0.974928,-0.22252055,1.0,0.0,1.0,2023-03-11 17:40:00
-0.99904823,-0.04361913,-0.974928,-0.22252055,1.0,0.0,1.0,2023-03-11 17:50:00
-1.0,1.1924881e-08,-0.974928,-0.22252055,1.0,0.0,1.0,2023-03-11 18:00:00
-0.99904823,0.043619152,-0.974928,-0.22252055,1.0,0.0,1.0,2023-03-11 18:10:00
-0.9961947,0.08715574,-0.974928,-0.22252055,1.0,0.0,1.0,2023-03-11 18:20:00
-0.9914448,0.13052642,-0.974928,-0.22252055,1.0,0.0,1.0,2023-03-11 18:30:00
-0.98480767,0.17364863,-0.974928,-0.22252055,1.0,0.0,1.0,2023-03-11 18:40:00
-0.97629595,0.21643981,-0.974928,-0.22252055,1.0,0.0,1.0,2023-03-11 18:50:00
-0.9659257,0.25881946,-0.974928,-0.22252055,1.0,0.0,1.0,2023-03-11 19:00:00
-0.9537169,0.30070597,-0.974928,-0.22252055,1.0,0.0,1.0,2023-03-11 19:10:00
-0.9396925,0.3420205,-0.974928,-0.22252055,1.0,0.0,1.0,2023-03-11 19:20:00
-0.92387944,0.38268358,-0.974928,-0.22252055,1.0,0.0,1.0,2023-03-11 19:30:00
-0.9063078,0.42261818,-0.974928,-0.22252055,1.0,0.0,1.0,2023-03-11 19:40:00
-0.88701075,0.46174875,-0.974928,-0.22252055,1.0,0.0,1.0,2023-03-11 19:50:00
-0.86602545,0.4999999,-0.974928,-0.22252055,1.0,0.0,1.0,2023-03-11 20:00:00
-0.84339136,0.5372997,-0.974928,-0.22252055,1.0,0.0,1.0,2023-03-11 20:10:00
-0.8191521,0.57357633,-0.974928,-0.22252055,1.0,0.0,1.0,2023-03-11 20:20:00
-0.79335326,0.6087615,-0.974928,-0.22252055,1.0,0.0,1.0,2023-03-11 20:30:00
-0.76604456,0.6427875,-0.974928,-0.22252055,1.0,0.0,1.0,2023-03-11 20:40:00
-0.73727727,0.6755903,-0.974928,-0.22252055,1.0,0.0,1.0,2023-03-11 20:50:00
-0.70710653,0.707107,-0.974928,-0.22252055,1.0,0.0,1.0,2023-03-11 21:00:00
-0.67559016,0.7372774,-0.974928,-0.22252055,1.0,0.0,1.0,2023-03-11 21:10:00
-0.6427874,0.7660446,-0.974928,-0.22252055,1.0,0.0,1.0,2023-03-11 21:20:00
-0.60876137,0.7933534,-0.974928,-0.22252055,1.0,0.0,1.0,2023-03-11 21:30:00
-0.5735762,0.81915224,-0.974928,-0.22252055,1.0,0.0,1.0,2023-03-11 21:40:00
-0.5372996,0.8433915,-0.974928,-0.22252055,1.0,0.0,1.0,2023-03-11 21:50:00
-0.49999976,0.86602557,-0.974928,-0.22252055,1.0,0.0,1.0,2023-03-11 22:00:00
-0.46174857,0.8870109,-0.974928,-0.22252055,1.0,0.0,1.0,2023-03-11 22:10:00
-0.42261803,0.9063079,-0.974928,-0.22252055,1.0,0.0,1.0,2023-03-11 22:20:00
-0.38268343,0.92387956,-0.974928,-0.22252055,1.0,0.0,1.0,2023-03-11 22:30:00
-0.34202036,0.93969256,-0.974928,-0.22252055,1.0,0.0,1.0,2023-03-11 22:40:00
-0.3007058,0.95371693,-0.974928,-0.22252055,1.0,0.0,1.0,2023-03-11 22:50:00
-0.25881884,0.9659259,-0.974928,-0.22252055,1.0,0.0,1.0,2023-03-11 23:00:00
-0.21643916,0.9762961,-0.974928,-0.22252055,1.0,0.0,1.0,2023-03-11 23:10:00
-0.17364797,0.9848078,-0.974928,-0.22252055,1.0,0.0,1.0,2023-03-11 23:20:00
-0.13052575,0.99144495,-0.974928,-0.22252055,1.0,0.0,1.0,2023-03-11 23:30:00
-0.08715556,0.9961947,-0.974928,-0.22252055,1.0,0.0,1.0,2023-03-11 23:40:00
-0.043618966,0.99904823,-0.974928,-0.22252055,1.0,0.0,1.0,2023-03-11 23:50:00
1.0,-4.371139e-08,-0.7818316,0.6234896,1.0,0.0,1.0,2023-03-12 06:00:00
0.99904823,-0.043619424,-0.7818316,0.6234896,1.0,0.0,1.0,2023-03-12 06:10:00
0.99619466,-0.087155886,-0.7818316,0.6234896,1.0,0.0,1.0,2023-03-12 06:20:00
0.9914448,-0.13052633,-0.7818316,0.6234896,1.0,0.0,1.0,2023-03-12 06:30:00
0.9848077,-0.1736483,-0.7818316,0.6234896,1.0,0.0,1.0,2023-03-12 06:40:00
0.976296,-0.21643962,-0.7818316,0.6234896,1.0,0.0,1.0,2023-03-12 06:50:00
0.9659258,-0.258819,-0.7818316,0.6234896,1.0,0.0,1.0,2023-03-12 07:00:00
0.95371693,-0.30070576,-0.7818316,0.6234896,1.0,0.0,1.0,2023-03-12 07:10:00
0.9396926,-0.3420201,-0.7818316,0.6234896,1.0,0.0,1.0,2023-03-12 07:20:00
0.9238795,-0.3826835,-0.7818316,0.6234896,1.0,0.0,1.0,2023-03-12 07:30:00
0.90630776,-0.42261833,-0.7818316,0.6234896,1.0,0.0,1.0,2023-03-12 07:40:00
0.8870108,-0.46174866,-0.7818316,0.6234896,1.0,0.0,1.0,2023-03-12 07:50:00
0.8660254,-0.50000006,-0.7818316,0.6234896,1.0,0.0,1.0,2023-03-12 08:00:00
0.8433914,-0.5372997,-0.7818316,0.6234896,1.0,0.0,1.0,2023-03-12 08:10:00
0.819152,-0.5735765,-0.7818316,0.6234896,1.0,0.0,1.0,2023-03-12 08:20:00
0.7933533,-0.6087615,-0.7818316,0.6234896,1.0,0.0,1.0,2023-03-12 08:30:00
0.76604444,-0.64278764,-0.7818316,0.6234896,1.0,0.0,1.0,2023-03-12 08:40:00
0.7372773,-0.6755902,-0.7818316,0.6234896,1.0,0.0,1.0,2023-03-12 08:50:00
0.70710677,-0.70710677,-0.7818316,0.6234896,1.0,0.0,1.0,2023-03-12 09:00:00
0.6755902,-0.7372773,-0.7818316,0.6234896,1.0,0.0,1.0,2023-03-12 09:10:00
0.64278746,-0.76604456,-0.7818316,0.6234896,1.0,0.0,1.0,2023-03-12 09:20:00
0.60876125,-0.79335344,-0.7818316,0.6234896,1.0,0.0,1.0,2023-03-12 09:30:00
0.5735763,-0.8191521,-0.7818316,0.6234896,1.0,0.0,1.0,2023-03-12 09:40:00
0.5372997,-0.8433914,-0.7818316,0.6234896,1.0,0.0,1.0,2023-03-12 09:50:00
0.50000006,-0.8660254,-0.7818316,0.6234896,1.0,0.0,1.0,2023-03-12 10:00:00
0.46174866,-0.8870108,-0.7818316,0.6234896,1.0,0.0,1.0,2023-03-12 10:10:00
0.42261833,-0.90630776,-0.7818316,0.6234896,1.0,0.0,1.0,2023-03-12 10:20:00
0.38268328,-0.9238796,-0.7818316,0.6234896,1.0,0.0,1.0,2023-03-12 10:30:00
0.34202,-0.9396927,-0.7818316,0.6234896,1.0,0.0,1.0,2023-03-12 10:40:00
0.30070564,-0.953717,-0.7818316,0.6234896,1.0,0.0,1.0,2023-03-12 10:50:00
0.2588189,-0.9659259,-0.7818316,0.6234896,1.0,0.0,1.0,2023-03-12 11:00:00
0.21643949,-0.976296,-0.7818316,0.6234896,1.0,0.0,1.0,2023-03-12 11:10:00
0.17364828,-0.9848077,-0.7818316,0.6234896,1.0,0.0,1.0,2023-03-12 11:20:00
0.13052608,-0.9914449,-0.7818316,0.6234896,1.0,0.0,1.0,2023-03-12 11:30:00
0.08715563,-0.9961947,-0.7818316,0.6234896,1.0,0.0,1.0,2023-03-12 11:40:00
0.043619294,-0.99904823,-0.7818316,0.6234896,1.0,0.0,1.0,2023-03-12 11:50:00
-8.742278e-08,-1.0,-0.7818316,0.6234896,1.0,0.0,1.0,2023-03-12 12:00:00
-0.043619227,-0.99904823,-0.7818316,0.6234896,1.0,0.0,1.0,2023-03-12 12:10:00
-0.08715581,-0.9961947,-0.7818316,0.6234896,1.0,0.0,1.0,2023-03-12 12:20:00
-0.13052626,-0.9914448,-0.7818316,0.6234896,1.0,0.0,1.0,2023-03-12 12:30:00
-0.17364846,-0.9848077,-0.7818316,0.6234896,1.0,0.0,1.0,2023-03-12 12:40:00
-0.21643966,-0.976296,-0.7818316,0.6234896,1.0,0.0,1.0,2023-03-12 12:50:00
-0.2588193,-0.96592575,-0.7818316,0.6234896,1.0,0.0,1.0,2023-03-12 13:00:00
-0.30070582,-0.95371693,-0.7818316,0.6234896,1.0,0.0,1.0,2023-03-12 13:10:00
-0.3420204,-0.93969256,-0.7818316,0.6234896,1.0,0.0,1.0,2023-03-12 13:20:00
-0.38268346,-0.9238795,-0.7818316,0.6234896,1.0,0.0,1.0,2023-03-12 13:30:00
-0.42261827,-0.90630776,-0.7818316,0.6234896,1.0,0.0,1.0,2023-03-12 13:40:00
-0.4617488,-0.88701075,-0.7818316,0.6234896,1.0,0.0,1.0,2023-03-12 13:50:00
-0.49999997,-0.86602545,-0.7818316,0.6234896,1.0,0.0,1.0,2023-03-12 14:00:00
-0.53729975,-0.84339136,-0.7818316,0.6234896,1.0,0.0,1.0,2023-03-12 14:10:00
-0.5735764,-0.81915206,-0.7818316,0.6234896,1.0,0.0,1.0,2023-03-12 14:20:00
-0.60876155,-0.79335326,-0.7818316,0.6234896,1.0,0.0,1.0,2023-03-12 14:30:00
-0.6427876,-0.7660445,-0.7818316,0.6234896,1.0,0.0,1.0,2023-03-12 14:40:00
-0.67559034,-0.73727727,-0.7818316,0.6234896,1.0,0.0,1.0,2023-03-12 14:50:00
-0.7071069,-0.7071067,-0.7818316,0.6234896,1.0,0.0,1.0,2023-03-12 15:00:00
-0.73727727,-0.6755903,-0.7818316,0.6234896,1.0,0.0,1.0,2023-03-12 15:10:00
-0.76604456,-0.6427875,-0.7818316,0.6234896,1.0,0.0,1.0,2023-03-12 15:20:00
-0.79335326,-0.6087615,-0.7818316,0.6234896,1.0,0.0,1.0,2023-03-12 15:30:00
-0.8191521,-0.57357633,-0.7818316,0.6234896,1.0,0.0,1.0,2023-03-12 15:40:00
-0.84339136,-0.5372997,-0.7818316,0.6234896,1.0,0.0,1.0,2023-03-12 15:50:00
-0.86602545,-0.4999999,-0.7818316,0.6234896,1.0,0.0,1.0,2023-03-12 16:00:00
-0.88701075,-0.46174875,-0.7818316,0.6234896,1.0,0.0,1.0,2023-03-12 16:10:00
-0.9063078,-0.42261818,-0.7818316,0.6234896,1.0,0.0,1.0,2023-03-12 16:20:00
-0.9238796,-0.38268313,-0.7818316,0.6234896,1.0,0.0,1.0,2023-03-12 16:30:00
-0.9396926,-0.34202006,-0.7818316,0.6234896,1.0,0.0,1.0,2023-03-12 16:40:00
-0.95371705,-0.30070552,-0.7818316,0.6234896,1.0,0.0,1.0,2023-03-12 16:50:00
-0.9659258,-0.25881898,-0.7818316,0.6234896,1.0,0.0,1.0,2023-03-12 17:00:00
-0.97629607,-0.21643932,-0.7818316,0.6234896,1.0,0.0,1.0,2023-03-12 17:10:00
-0.9848078,-0.17364813,-0.7818316,0.6234896,1.0,0.0,1.0,2023-03-12 17:20:00
-0.9914449,-0.13052592,-0.7818316,0.6234896,1.0,0.0,1.0,2023-03-12 17:30:00
-0.9961947,-0.08715571,-0.7818316,0.6234896,1.0,0.0,1.0,2023-03-12 17:40:00
-0.99904823,-0.04361913,-0.7818316,0.6234896,1.0,0.0,1.0,2023-03-12 17:50:00
-1.0,1.1924881e-08,-0.7818316,0.6234896,1.0,0.0,1.0,2023-03-12 18:00:00
-0.99904823,0.043619152,-0.7818316,0.6234896,1.0,0.0,1.0,2023-03-12 18:10:00
-0.9961947,0.08715574,-0.7818316,0.6234896,1.0,0.0,1.0,2023-03-12 18:20:00
-0.9914448,0.13052642,-0.7818316,0.6234896,1.0,0.0,1.0,2023-03-12 18:30:00
-0.98480767,0.17364863,-0.7818316,0.6234896,1.0,0.0,1.0,2023-03-12 18:40:00
-0.97629595,0.21643981,-0.7818316,0.6234896,1.0,0.0,1.0,2023-03-12 18:50:00
-0.9659257,0.25881946,-0.7818316,0.6234896,1.0,0.0,1.0,2023-03-12 19:00:00
-0.9537169,0.30070597,-0.7818316,0.6234896,1.0,0.0,1.0,2023-03-12 19:10:00
-0.9396925,0.3420205,-0.7818316,0.6234896,1.0,0.0,1.0,2023-03-12 19:20:00
-0.92387944,0.38268358,-0.7818316,0.6234896,1.0,0.0,1.0,2023-03-12 19:30:00
-0.9063078,0.42261818,-0.7818316,0.6234896,1.0,0.0,1.0,2023-03-12 19:40:00
-0.88701075,0.46174875,-0.7818316,0.6234896,1.0,0.0,1.0,2023-03-12 19:50:00
-0.86602545,0.4999999,-0.7818316,0.6234896,1.0,0.0,1.0,2023-03-12 20:00:00
-0.84339136,0.5372997,-0.7818316,0.6234896,1.0,0.0,1.0,2023-03-12 20:10:00
-0.8191521,0.57357633,-0.7818316,0.6234896,1.0,0.0,1.0,2023-03-12 20:20:00
-0.79335326,0.6087615,-0.7818316,0.6234896,1.0,0.0,1.0,2023-03-12 20:30:00
-0.76604456,0.6427875,-0.7818316,0.6234896,1.0,0.0,1.0,2023-03-12 20:40:00
-0.73727727,0.6755903,-0.7818316,0.6234896,1.0,0.0,1.0,2023-03-12 20:50:00
-0.70710653,0.707107,-0.7818316,0.6234896,1.0,0.0,1.0,2023-03-12 21:00:00
-0.67559016,0.7372774,-0.7818316,0.6234896,1.0,0.0,1.0,2023-03-12 21:10:00
-0.6427874,0.7660446,-0.7818316,0.6234896,1.0,0.0,1.0,2023-03-12 21:20:00
-0.60876137,0.7933534,-0.7818316,0.6234896,1.0,0.0,1.0,2023-03-12 21:30:00
-0.5735762,0.81915224,-0.7818316,0.6234896,1.0,0.0,1.0,2023-03-12 21:40:00
-0.5372996,0.8433915,-0.7818316,0.6234896,1.0,0.0,1.0,2023-03-12 21:50:00
-0.49999976,0.86602557,-0.7818316,0.6234896,1.0,0.0,1.0,2023-03-12 22:00:00
-0.46174857,0.8870109,-0.7818316,0.6234896,1.0,0.0,1.0,2023-03-12 22:10:00
-0.42261803,0.9063079,-0.7818316,0.6234896,1.0,0.0,1.0,2023-03-12 22:20:00
-0.38268343,0.92387956,-0.7818316,0.6234896,1.0,0.0,1.0,2023-03-12 22:30:00
-0.34202036,0.93969256,-0.7818316,0.6234896,1.0,0.0,1.0,2023-03-12 22:40:00
-0.3007058,0.95371693,-0.7818316,0.6234896,1.0,0.0,1.0,2023-03-12 22:50:00
-0.25881884,0.9659259,-0.7818316,0.6234896,1.0,0.0,1.0,2023-03-12 23:00:00
-0.21643916,0.9762961,-0.7818316,0.6234896,1.0,0.0,1.0,2023-03-12 23:10:00
-0.17364797,0.9848078,-0.7818316,0.6234896,1.0,0.0,1.0,2023-03-12 23:20:00
-0.13052575,0.99144495,-0.7818316,0.6234896,1.0,0.0,1.0,2023-03-12 23:30:00
-0.08715556,0.9961947,-0.7818316,0.6234896,1.0,0.0,1.0,2023-03-12 23:40:00
-0.043618966,0.99904823,-0.7818316,0.6234896,1.0,0.0,1.0,2023-03-12 23:50:00
1.0,-4.371139e-08,0.0,1.0,0.0,0.0,1.0,2023-03-13 06:00:00
0.99904823,-0.043619424,0.0,1.0,0.0,0.0,1.0,2023-03-13 06:10:00
0.99619466,-0.087155886,0.0,1.0,0.0,0.0,1.0,2023-03-13 06:20:00
0.9914448,-0.13052633,0.0,1.0,0.0,0.0,1.0,2023-03-13 06:30:00
0.9848077,-0.1736483,0.0,1.0,0.0,0.0,1.0,2023-03-13 06:40:00
0.976296,-0.21643962,0.0,1.0,0.0,0.0,1.0,2023-03-13 06:50:00
0.9659258,-0.258819,0.0,1.0,0.0,0.0,1.0,2023-03-13 07:00:00
0.95371693,-0.30070576,0.0,1.0,0.0,0.0,1.0,2023-03-13 07:10:00
0.9396926,-0.3420201,0.0,1.0,0.0,0.0,1.0,2023-03-13 07:20:00
0.9238795,-0.3826835,0.0,1.0,0.0,0.0,1.0,2023-03-13 07:30:00
0.90630776,-0.42261833,0.0,1.0,0.0,0.0,1.0,2023-03-13 07:40:00
0.8870108,-0.46174866,0.0,1.0,0.0,0.0,1.0,2023-03-13 07:50:00
0.8660254,-0.50000006,0.0,1.0,0.0,0.0,1.0,2023-03-13 08:00:00
0.8433914,-0.5372997,0.0,1.0,0.0,0.0,1.0,2023-03-13 08:10:00
0.819152,-0.5735765,0.0,1.0,0.0,0.0,1.0,2023-03-13 08:20:00
0.7933533,-0.6087615,0.0,1.0,0.0,0.0,1.0,2023-03-13 08:30:00
0.76604444,-0.64278764,0.0,1.0,0.0,0.0,1.0,2023-03-13 08:40:00
0.7372773,-0.6755902,0.0,1.0,0.0,0.0,1.0,2023-03-13 08:50:00
0.70710677,-0.70710677,0.0,1.0,0.0,0.0,1.0,2023-03-13 09:00:00
0.6755902,-0.7372773,0.0,1.0,0.0,0.0,1.0,2023-03-13 09:10:00
0.64278746,-0.76604456,0.0,1.0,0.0,0.0,1.0,2023-03-13 09:20:00
0.60876125,-0.79335344,0.0,1.0,0.0,0.0,1.0,2023-03-13 09:30:00
0.5735763,-0.8191521,0.0,1.0,0.0,0.0,1.0,2023-03-13 09:40:00
0.5372997,-0.8433914,0.0,1.0,0.0,0.0,1.0,2023-03-13 09:50:00
0.50000006,-0.8660254,0.0,1.0,0.0,0.0,1.0,2023-03-13 10:00:00
0.46174866,-0.8870108,0.0,1.0,0.0,0.0,1.0,2023-03-13 10:10:00
0.42261833,-0.90630776,0.0,1.0,0.0,0.0,1.0,2023-03-13 10:20:00
0.38268328,-0.9238796,0.0,1.0,0.0,0.0,1.0,2023-03-13 10:30:00
0.34202,-0.9396927,0.0,1.0,0.0,0.0,1.0,2023-03-13 10:40:00
0.30070564,-0.953717,0.0,1.0,0.0,0.0,1.0,2023-03-13 10:50:00
0.2588189,-0.9659259,0.0,1.0,0.0,0.0,1.0,2023-03-13 11:00:00
0.21643949,-0.976296,0.0,1.0,0.0,0.0,1.0,2023-03-13 11:10:00
0.17364828,-0.9848077,0.0,1.0,0.0,0.0,1.0,2023-03-13 11:20:00
0.13052608,-0.9914449,0.0,1.0,0.0,0.0,1.0,2023-03-13 11:30:00
0.08715563,-0.9961947,0.0,1.0,0.0,0.0,1.0,2023-03-13 11:40:00
0.043619294,-0.99904823,0.0,1.0,0.0,0.0,1.0,2023-03-13 11:50:00
-8.742278e-08,-1.0,0.0,1.0,0.0,0.0,1.0,2023-03-13 12:00:00
-0.043619227,-0.99904823,0.0,1.0,0.0,0.0,1.0,2023-03-13 12:10:00
-0.08715581,-0.9961947,0.0,1.0,0.0,0.0,1.0,2023-03-13 12:20:00
-0.13052626,-0.9914448,0.0,1.0,0.0,0.0,1.0,2023-03-13 12:30:00
-0.17364846,-0.9848077,0.0,1.0,0.0,0.0,1.0,2023-03-13 12:40:00
-0.21643966,-0.976296,0.0,1.0,0.0,0.0,1.0,2023-03-13 12:50:00
-0.2588193,-0.96592575,0.0,1.0,0.0,0.0,1.0,2023-03-13 13:00:00
-0.30070582,-0.95371693,0.0,1.0,0.0,0.0,1.0,2023-03-13 13:10:00
-0.3420204,-0.93969256,0.0,1.0,0.0,0.0,1.0,2023-03-13 13:20:00
-0.38268346,-0.9238795,0.0,1.0,0.0,0.0,1.0,2023-03-13 13:30:00
-0.42261827,-0.90630776,0.0,1.0,0.0,0.0,1.0,2023-03-13 13:40:00
-0.4617488,-0.88701075,0.0,1.0,0.0,0.0,1.0,2023-03-13 13:50:00
-0.49999997,-0.86602545,0.0,1.0,0.0,0.0,1.0,2023-03-13 14:00:00
-0.53729975,-0.84339136,0.0,1.0,0.0,0.0,1.0,2023-03-13 14:10:00
-0.5735764,-0.81915206,0.0,1.0,0.0,0.0,1.0,2023-03-13 14:20:00
-0.60876155,-0.79335326,0.0,1.0,0.0,0.0,1.0,2023-03-13 14:30:00
-0.6427876,-0.7660445,0.0,1.0,0.0,0.0,1.0,2023-03-13 14:40:00
-0.67559034,-0.73727727,0.0,1.0,0.0,0.0,1.0,2023-03-13 14:50:00
-0.7071069,-0.7071067,0.0,1.0,0.0,0.0,1.0,2023-03-13 15:00:00
-0.73727727,-0.6755903,0.0,1.0,0.0,0.0,1.0,2023-03-13 15:10:00
-0.76604456,-0.6427875,0.0,1.0,0.0,0.0,1.0,2023-03-13 15:20:00
-0.79335326,-0.6087615,0.0,1.0,0.0,0.0,1.0,2023-03-13 15:30:00
-0.8191521,-0.57357633,0.0,1.0,0.0,0.0,1.0,2023-03-13 15:40:00
-0.84339136,-0.5372997,0.0,1.0,0.0,0.0,1.0,2023-03-13 15:50:00
-0.86602545,-0.4999999,0.0,1.0,0.0,0.0,1.0,2023-03-13 16:00:00
-0.88701075,-0.46174875,0.0,1.0,0.0,0.0,1.0,2023-03-13 16:10:00
-0.9063078,-0.42261818,0.0,1.0,0.0,0.0,1.0,2023-03-13 16:20:00
-0.9238796,-0.38268313,0.0,1.0,0.0,0.0,1.0,2023-03-13 16:30:00
-0.9396926,-0.34202006,0.0,1.0,0.0,0.0,1.0,2023-03-13 16:40:00
-0.95371705,-0.30070552,0.0,1.0,0.0,0.0,1.0,2023-03-13 16:50:00
-0.9659258,-0.25881898,0.0,1.0,0.0,0.0,1.0,2023-03-13 17:00:00
-0.97629607,-0.21643932,0.0,1.0,0.0,0.0,1.0,2023-03-13 17:10:00
-0.9848078,-0.17364813,0.0,1.0,0.0,0.0,1.0,2023-03-13 17:20:00
-0.9914449,-0.13052592,0.0,1.0,0.0,0.0,1.0,2023-03-13 17:30:00
-0.9961947,-0.08715571,0.0,1.0,0.0,0.0,1.0,2023-03-13 17:40:00
-0.99904823,-0.04361913,0.0,1.0,0.0,0.0,1.0,2023-03-13 17:50:00
-1.0,1.1924881e-08,0.0,1.0,0.0,0.0,1.0,2023-03-13 18:00:00
-0.99904823,0.043619152,0.0,1.0,0.0,0.0,1.0,2023-03-13 18:10:00
-0.9961947,0.08715574,0.0,1.0,0.0,0.0,1.0,2023-03-13 18:20:00
-0.9914448,0.13052642,0.0,1.0,0.0,0.0,1.0,2023-03-13 18:30:00
-0.98480767,0.17364863,0.0,1.0,0.0,0.0,1.0,2023-03-13 18:40:00
-0.97629595,0.21643981,0.0,1.0,0.0,0.0,1.0,2023-03-13 18:50:00
-0.9659257,0.25881946,0.0,1.0,0.0,0.0,1.0,2023-03-13 19:00:00
-0.9537169,0.30070597,0.0,1.0,0.0,0.0,1.0,2023-03-13 19:10:00
-0.9396925,0.3420205,0.0,1.0,0.0,0.0,1.0,2023-03-13 19:20:00
-0.92387944,0.38268358,0.0,1.0,0.0,0.0,1.0,2023-03-13 19:30:00
-0.9063078,0.42261818,0.0,1.0,0.0,0.0,1.0,2023-03-13 19:40:00
-0.88701075,0.46174875,0.0,1.0,0.0,0.0,1.0,2023-03-13 19:50:00
-0.86602545,0.4999999,0.0,1.0,0.0,0.0,1.0,2023-03-13 20:00:00
-0.84339136,0.5372997,0.0,1.0,0.0,0.0,1.0,2023-03-13 20:10:00
-0.8191521,0.57357633,0.0,1.0,0.0,0.0,1.0,2023-03-13 20:20:00
-0.79335326,0.6087615,0.0,1.0,0.0,0.0,1.0,2023-03-13 20:30:00
-0.76604456,0.6427875,0.0,1.0,0.0,0.0,1.0,2023-03-13 20:40:00
-0.73727727,0.6755903,0.0,1.0,0.0,0.0,1.0,2023-03-13 20:50:00
-0.70710653,0.707107,0.0,1.0,0.0,0.0,1.0,2023-03-13 21:00:00
-0.67559016,0.7372774,0.0,1.0,0.0,0.0,1.0,2023-03-13 21:10:00
-0.6427874,0.7660446,0.0,1.0,0.0,0.0,1.0,2023-03-13 21:20:00
-0.60876137,0.7933534,0.0,1.0,0.0,0.0,1.0,2023-03-13 21:30:00
-0.5735762,0.81915224,0.0,1.0,0.0,0.0,1.0,2023-03-13 21:40:00
-0.5372996,0.8433915,0.0,1.0,0.0,0.0,1.0,2023-03-13 21:50:00
-0.49999976,0.86602557,0.0,1.0,0.0,0.0,1.0,2023-03-13 22:00:00
-0.46174857,0.8870109,0.0,1.0,0.0,0.0,1.0,2023-03-13 22:10:00
-0.42261803,0.9063079,0.0,1.0,0.0,0.0,1.0,2023-03-13 22:20:00
-0.38268343,0.92387956,0.0,1.0,0.0,0.0,1.0,2023-03-13 22:30:00
-0.34202036,0.93969256,0.0,1.0,0.0,0.0,1.0,2023-03-13 22:40:00
-0.3007058,0.95371693,0.0,1.0,0.0,0.0,1.0,2023-03-13 22:50:00
-0.25881884,0.9659259,0.0,1.0,0.0,0.0,1.0,2023-03-13 23:00:00
-0.21643916,0.9762961,0.0,1.0,0.0,0.0,1.0,2023-03-13 23:10:00
-0.17364797,0.9848078,0.0,1.0,0.0,0.0,1.0,2023-03-13 23:20:00
-0.13052575,0.99144495,0.0,1.0,0.0,0.0,1.0,2023-03-13 23:30:00
-0.08715556,0.9961947,0.0,1.0,0.0,0.0,1.0,2023-03-13 23:40:00
-0.043618966,0.99904823,0.0,1.0,0.0,0.0,1.0,2023-03-13 23:50:00
1.0,-4.371139e-08,0.7818315,0.6234898,0.0,1.0,1.0,2023-03-14 06:00:00
0.99904823,-0.043619424,0.7818315,0.6234898,0.0,1.0,1.0,2023-03-14 06:10:00
0.99619466,-0.087155886,0.7818315,0.6234898,0.0,1.0,1.0,2023-03-14 06:20:00
0.9914448,-0.13052633,0.7818315,0.6234898,0.0,1.0,1.0,2023-03-14 06:30:00
0.9848077,-0.1736483,0.7818315,0.6234898,0.0,1.0,1.0,2023-03-14 06:40:00
0.976296,-0.21643962,0.7818315,0.6234898,0.0,1.0,1.0,2023-03-14 06:50:00
0.9659258,-0.258819,0.7818315,0.6234898,0.0,1.0,1.0,2023-03-14 07:00:00
0.95371693,-0.30070576,0.7818315,0.6234898,0.0,1.0,1.0,2023-03-14 07:10:00
0.9396926,-0.3420201,0.7818315,0.6234898,0.0,1.0,1.0,2023-03-14 07:20:00
0.9238795,-0.3826835,0.7818315,0.6234898,0.0,1.0,1.0,2023-03-14 07:30:00
0.90630776,-0.42261833,0.7818315,0.6234898,0.0,1.0,1.0,2023-03-14 07:40:00
0.8870108,-0.46174866,0.7818315,0.6234898,0.0,1.0,1.0,2023-03-14 07:50:00
0.8660254,-0.50000006,0.7818315,0.6234898,0.0,1.0,1.0,2023-03-14 08:00:00
0.8433914,-0.5372997,0.7818315,0.6234898,0.0,1.0,1.0,2023-03-14 08:10:00
0.819152,-0.5735765,0.7818315,0.6234898,0.0,1.0,1.0,2023-03-14 08:20:00
0.7933533,-0.6087615,0.7818315,0.6234898,0.0,1.0,1.0,2023-03-14 08:30:00
0.76604444,-0.64278764,0.7818315,0.6234898,0.0,1.0,1.0,2023-03-14 08:40:00
0.7372773,-0.6755902,0.7818315,0.6234898,0.0,1.0,1.0,2023-03-14 08:50:00
0.70710677,-0.70710677,0.7818315,0.6234898,0.0,1.0,1.0,2023-03-14 09:00:00
0.6755902,-0.7372773,0.7818315,0.6234898,0.0,1.0,0.9722222,2023-03-14 09:10:00
0.64278746,-0.76604456,0.7818315,0.6234898,0.0,1.0,0.9444444,2023-03-14 09:20:00
0.60876125,-0.79335344,0.7818315,0.6234898,0.0,1.0,0.9166667,2023-03-14 09:30:00
0.5735763,-0.8191521,0.7818315,0.6234898,0.0,1.0,0.8888889,2023-03-14 09:40:00
0.5372997,-0.8433914,0.7818315,0.6234898,0.0,1.0,0.8611111,2023-03-14 09:50:00
0.50000006,-0.8660254,0.7818315,0.6234898,0.0,1.0,0.8333333,2023-03-14 10:00:00
0.46174866,-0.8870108,0.7818315,0.6234898,0.0,1.0,0.8055556,2023-03-14 10:10:00
0.42261833,-0.90630776,0.7818315,0.6234898,0.0,1.0,0.7777778,2023-03-14 10:20:00
0.38268328,-0.9238796,0.7818315,0.6234898,0.0,1.0,0.75,2023-03-14 10:30:00
0.34202,-0.9396927,0.7818315,0.6234898,0.0,1.0,0.7222222,2023-03-14 10:40:00
0.30070564,-0.953717,0.7818315,0.6234898,0.0,1.0,0.6944444,2023-03-14 10:50:00
0.2588189,-0.9659259,0.7818315,0.6234898,0.0,1.0,0.6666667,2023-03-14 11:00:00
0.21643949,-0.976296,0.7818315,0.6234898,0.0,1.0,0.6388889,2023-03-14 11:10:00
0.17364828,-0.9848077,0.7818315,0.6234898,0.0,1.0,0.6111111,2023-03-14 11:20:00
0.13052608,-0.9914449,0.7818315,0.6234898,0.0,1.0,0.5833333,2023-03-14 11:30:00
0.08715563,-0.9961947,0.7818315,0.6234898,0.0,1.0,0.5555556,2023-03-14 11:40:00
0.043619294,-0.99904823,0.7818315,0.6234898,0.0,1.0,0.5277778,2023-03-14 11:50:00
-8.742278e-08,-1.0,0.7818315,0.6234898,0.0,1.0,0.5,2023-03-14 12:00:00
-0.043619227,-0.99904823,0.7818315,0.6234898,0.0,1.0,0.4722222,2023-03-14 12:10:00
-0.08715581,-0.9961947,0.7818315,0.6234898,0.0,1.0,0.44444445,2023-03-14 12:20:00
-0.13052626,-0.9914448,0.7818315,0.6234898,0.0,1.0,0.41666666,2023-03-14 12:30:00
-0.17364846,-0.9848077,0.7818315,0.6234898,0.0,1.0,0.3888889,2023-03-14 12:40:00
-0.21643966,-0.976296,0.7818315,0.6234898,0.0,1.0,0.3611111,2023-03-14 12:50:00
-0.2588193,-0.96592575,0.7818315,0.6234898,0.0,1.0,0.33333334,2023-03-14 13:00:00
-0.30070582,-0.95371693,0.7818315,0.6234898,0.0,1.0,0.30555555,2023-03-14 13:10:00
-0.3420204,-0.93969256,0.7818315,0.6234898,0.0,1.0,0.2777778,2023-03-14 13:20:00
-0.38268346,-0.9238795,0.7818315,0.6234898,0.0,1.0,0.25,2023-03-14 13:30:00
-0.42261827,-0.90630776,0.7818315,0.6234898,0.0,1.0,0.22222222,2023-03-14 13:40:00
-0.4617488,-0.88701075,0.7818315,0.6234898,0.0,1.0,0.19444445,2023-03-14 13:50:00
-0.49999997,-0.86602545,0.7818315,0.6234898,0.0,1.0,0.16666667,2023-03-14 14:00:00
-0.53729975,-0.84339136,0.7818315,0.6234898,0.0,1.0,0.1388889,2023-03-14 14:10:00
-0.5735764,-0.81915206,0.7818315,0.6234898,0.0,1.0,0.11111111,2023-03-14 14:20:00
-0.60876155,-0.79335326,0.7818315,0.6234898,0.0,1.0,0.083333336,2023-03-14 14:30:00
-0.6427876,-0.7660445,0.7818315,0.6234898,0.0,1.0,0.055555556,2023-03-14 14:40:00
-0.67559034,-0.73727727,0.7818315,0.6234898,0.0,1.0,0.027777778,2023-03-14 14:50:00
-0.7071069,-0.7071067,0.7818315,0.6234898,0.0,1.0,0.0,2023-03-14 15:00:00
-0.73727727,-0.6755903,0.7818315,0.6234898,0.0,1.0,0.027777778,2023-03-14 15:10:00
-0.76604456,-0.6427875,0.7818315,0.6234898,0.0,1.0,0.055555556,2023-03-14 15:20:00
-0.79335326,-0.6087615,0.7818315,0.6234898,0.0,1.0,0.083333336,2023-03-14 15:30:00
-0.8191521,-0.57357633,0.7818315,0.6234898,0.0,1.0,0.11111111,2023-03-14 15:40:00
-0.84339136,-0.5372997,0.7818315,0.6234898,0.0,1.0,0.1388889,2023-03-14 15:50:00
-0.86602545,-0.4999999,0.7818315,0.6234898,0.0,1.0,0.16666667,2023-03-14 16:00:00
-0.88701075,-0.46174875,0.7818315,0.6234898,0.0,1.0,0.19444445,2023-03-14 16:10:00
-0.9063078,-0.42261818,0.7818315,0.6234898,0.0,1.0,0.22222222,2023-03-14 16:20:00
-0.9238796,-0.38268313,0.7818315,0.6234898,0.0,1.0,0.25,2023-03-14 16:30:00
-0.9396926,-0.34202006,0.7818315,0.6234898,0.0,1.0,0.2777778,2023-03-14 16:40:00
-0.95371705,-0.30070552,0.7818315,0.6234898,0.0,1.0,0.30555555,2023-03-14 16:50:00
-0.9659258,-0.25881898,0.7818315,0.6234898,0.0,1.0,0.33333334,2023-03-14 17:00:00
-0.97629607,-0.21643932,0.7818315,0.6234898,0.0,1.0,0.3611111,2023-03-14 17:10:00
-0.9848078,-0.17364813,0.7818315,0.6234898,0.0,1.0,0.3888889,2023-03-14 17:20:00
-0.9914449,-0.13052592,0.7818315,0.6234898,0.0,1.0,0.41666666,2023-03-14 17:30:00
-0.9961947,-0.08715571,0.7818315,0.6234898,0.0,1.0,0.44444445,2023-03-14 17:40:00
-0.99904823,-0.04361913,0.7818315,0.6234898,0.0,1.0,0.4722222,2023-03-14 17:50:00
-1.0,1.1924881e-08,0.7818315,0.6234898,0.0,1.0,0.5,2023-03-14 18:00:00
-0.99904823,0.043619152,0.7818315,0.6234898,0.0,1.0,0.5277778,2023-03-14 18:10:00
-0.9961947,0.08715574,0.7818315,0.6234898,0.0,1.0,0.5555556,2023-03-14 18:20:00
-0.9914448,0.13052642,0.7818315,0.6234898,0.0,1.0,0.5833333,2023-03-14 18:30:00
-0.98480767,0.17364863,0.7818315,0.6234898,0.0,1.0,0.6111111,2023-03-14 18:40:00
-0.97629595,0.21643981,0.7818315,0.6234898,0.0,1.0,0.6388889,2023-03-14 18:50:00
-0.9659257,0.25881946,0.7818315,0.6234898,0.0,1.0,0.6666667,2023-03-14 19:00:00
-0.9537169,0.30070597,0.7818315,0.6234898,0.0,1.0,0.6944444,2023-03-14 19:10:00
-0.9396925,0.3420205,0.7818315,0.6234898,0.0,1.0,0.7222222,2023-03-14 19:20:00
-0.92387944,0.38268358,0.7818315,0.6234898,0.0,1.0,0.75,2023-03-14 19:30:00
-0.9063078,0.42261818,0.7818315,0.6234898,0.0,1.0,0.7777778,2023-03-14 19:40:00
-0.88701075,0.46174875,0.7818315,0.6234898,0.0,1.0,0.8055556,2023-03-14 19:50:00
-0.86602545,0.4999999,0.7818315,0.6234898,0.0,1.0,0.8333333,2023-03-14 20:00:00
-0.84339136,0.5372997,0.7818315,0.6234898,0.0,1.0,0.8611111,2023-03-14 20:10:00
-0.8191521,0.57357633,0.7818315,0.6234898,0.0,1.0,0.8888889,2023-03-14 20:20:00
-0.79335326,0.6087615,0.7818315,0.6234898,0.0,1.0,0.9166667,2023-03-14 20:30:00
-0.76604456,0.6427875,0.7818315,0.6234898,0.0,1.0,0.9444444,2023-03-14 20:40:00
-0.73727727,0.6755903,0.7818315,0.6234898,0.0,1.0,0.9722222,2023-03-14 20:50:00
-0.70710653,0.707107,0.7818315,0.6234898,0.0,1.0,1.0,2023-03-14 21:00:00
-0.67559016,0.7372774,0.7818315,0.6234898,0.0,1.0,1.0,2023-03-14 21:10:00
-0.6427874,0.7660446,0.7818315,0.6234898,0.0,1.0,1.0,2023-03-14 21:20:00
-0.60876137,0.7933534,0.7818315,0.6234898,0.0,1.0,1.0,2023-03-14 21:30:00
-0.5735762,0.81915224,0.7818315,0.6234898,0.0,1.0,1.0,2023-03-14 21:40:00
-0.5372996,0.8433915,0.7818315,0.6234898,0.0,1.0,1.0,2023-03-14 21:50:00
-0.49999976,0.86602557,0.7818315,0.6234898,0.0,1.0,1.0,2023-03-14 22:00:00
-0.46174857,0.8870109,0.7818315,0.6234898,0.0,1.0,1.0,2023-03-14 22:10:00
-0.42261803,0.9063079,0.7818315,0.6234898,0.0,1.0,1.0,2023-03-14 22:20:00
-0.38268343,0.92387956,0.7818315,0.6234898,0.0,1.0,1.0,2023-03-14 22:30:00
-0.34202036,0.93969256,0.7818315,0.6234898,0.0,1.0,1.0,2023-03-14 22:40:00
-0.3007058,0.95371693,0.7818315,0.6234898,0.0,1.0,1.0,2023-03-14 22:50:00
-0.25881884,0.9659259,0.7818315,0.6234898,0.0,1.0,1.0,2023-03-14 23:00:00
-0.21643916,0.9762961,0.7818315,0.6234898,0.0,1.0,1.0,2023-03-14 23:10:00
-0.17364797,0.9848078,0.7818315,0.6234898,0.0,1.0,1.0,2023-03-14 23:20:00
-0.13052575,0.99144495,0.7818315,0.6234898,0.0,1.0,1.0,2023-03-14 23:30:00
-0.08715556,0.9961947,0.7818315,0.6234898,0.0,1.0,1.0,2023-03-14 23:40:00
-0.043618966,0.99904823,0.7818315,0.6234898,0.0,1.0,1.0,2023-03-14 23:50:00
