epoch,train_loss,val_loss,lr,grad_norm_max,secs,improved,patience,timestamp,model
0,0.2305427518192228,0.1639279695330085,0.0003,0.1556868106126785,2.1,True,0,2026-07-29T07:31:21,LSTM
1,0.1573022405852328,0.1325444791998182,0.0003,0.1704994291067123,1.5,True,0,2026-07-29T07:31:22,LSTM
2,0.1409431031280821,0.1269749567567647,0.0003,0.2141260206699371,1.6,True,0,2026-07-29T07:31:24,LSTM
3,0.136264032960593,0.1259672875915254,0.0003,0.1867399960756302,1.6,True,0,2026-07-29T07:31:26,LSTM
4,0.134391399366515,0.1235629584189954,0.0003,0.1910376995801925,1.6,True,0,2026-07-29T07:31:27,LSTM
5,0.1331677250809722,0.1218848963278335,0.0003,0.2204548865556717,1.5,True,0,2026-07-29T07:31:29,LSTM
6,0.1323726924238624,0.1206991640994182,0.0003,0.2251584231853485,1.5,True,0,2026-07-29T07:31:30,LSTM
7,0.1311642892085588,0.1219949929432554,0.0003,0.1715022921562194,1.5,False,1,2026-07-29T07:31:32,LSTM
8,0.130448419707162,0.1208898195034855,0.0003,0.1845298558473587,1.5,False,2,2026-07-29T07:31:33,LSTM
9,0.1301786229178145,0.1192191398733264,0.0003,0.2181692719459533,1.5,True,0,2026-07-29T07:31:35,LSTM
10,0.1293553101492452,0.1207619864534545,0.0003,0.2113693058490753,1.5,False,1,2026-07-29T07:31:37,LSTM
11,0.1288142427802086,0.118003705987236,0.0003,0.1599632799625396,1.6,True,0,2026-07-29T07:31:38,LSTM
12,0.1287200137481584,0.1186510927893303,0.0003,0.2003831267356872,1.6,False,1,2026-07-29T07:31:40,LSTM
13,0.1280080803475537,0.117635982622812,0.0003,0.256290078163147,1.6,True,0,2026-07-29T07:31:42,LSTM
14,0.1274683823952308,0.1173038083118396,0.0003,0.1872966736555099,1.6,True,0,2026-07-29T07:31:43,LSTM
15,0.1280633705002921,0.1168265659976136,0.0003,0.2693275809288025,1.6,True,0,2026-07-29T07:31:45,LSTM
16,0.1271322406746529,0.1166978592646646,0.0003,0.2163290977478027,1.6,True,0,2026-07-29T07:31:47,LSTM
17,0.1266118823826968,0.1159611801606613,0.0003,0.2094096392393112,1.6,True,0,2026-07-29T07:31:48,LSTM
18,0.1264232809727008,0.1158276494223992,0.0003,0.2532834410667419,1.6,True,0,2026-07-29T07:31:50,LSTM
19,0.1263270199953854,0.1165865199169614,0.0003,0.2112356275320053,1.6,False,1,2026-07-29T07:31:51,LSTM
20,0.1259671003445164,0.1153149929839176,0.0003,0.1828313171863556,1.7,True,0,2026-07-29T07:31:53,LSTM
21,0.1256369722085994,0.116281971007913,0.0003,0.2314376085996627,1.7,False,1,2026-07-29T07:31:55,LSTM
22,0.1254523764272312,0.1150187167574416,0.0003,0.2423206716775894,1.6,True,0,2026-07-29T07:31:57,LSTM
23,0.1253148821356532,0.1160113212580864,0.0003,0.2986321449279785,1.6,False,1,2026-07-29T07:31:58,LSTM
24,0.1251617392013361,0.1142787158816725,0.0003,0.2381650805473327,1.7,True,0,2026-07-29T07:32:00,LSTM
25,0.1247196587559941,0.1153700375049323,0.0003,0.2770545482635498,1.6,False,1,2026-07-29T07:32:01,LSTM
26,0.1246482042984648,0.1145997098595886,0.0003,0.2450723946094513,1.6,False,2,2026-07-29T07:32:03,LSTM
27,0.1243008431333762,0.1146205853629898,0.0003,0.2223609387874603,1.6,False,3,2026-07-29T07:32:05,LSTM
28,0.1240829939698125,0.1144848878157662,0.0003,0.3515439033508301,1.6,False,4,2026-07-29T07:32:06,LSTM
29,0.1240013008916771,0.1136364747289118,0.0003,0.2004818767309188,1.7,True,0,2026-07-29T07:32:08,LSTM
30,0.1236228389071894,0.1151332416786597,0.0003,0.3001399338245392,1.6,False,1,2026-07-29T07:32:10,LSTM
31,0.1234756390635783,0.1129340712431368,0.0003,0.2476159930229187,1.6,True,0,2026-07-29T07:32:12,LSTM
32,0.1232100832265812,0.1138270278307762,0.0003,0.2511215507984161,1.6,False,1,2026-07-29T07:32:13,LSTM
33,0.1230015988369564,0.1121695698699453,0.0003,0.2714126408100128,1.6,True,0,2026-07-29T07:32:15,LSTM
34,0.1228733539908796,0.1129399538040161,0.0003,0.2670678198337555,1.6,False,1,2026-07-29T07:32:17,LSTM
35,0.1226800510680282,0.1132717785517593,0.0003,0.2792836427688598,1.6,False,2,2026-07-29T07:32:18,LSTM
36,0.1226779395079874,0.111726212305027,0.0003,0.3512560129165649,1.7,True,0,2026-07-29T07:32:20,LSTM
37,0.122260371521934,0.1122170273664888,0.0003,0.2288449555635452,1.7,False,1,2026-07-29T07:32:22,LSTM
38,0.1220990512724761,0.1116254488108577,0.0003,0.2585736513137817,1.7,True,0,2026-07-29T07:32:24,LSTM
39,0.1216796742035792,0.1123685185070876,0.0003,0.2942801117897033,1.6,False,1,2026-07-29T07:32:25,LSTM
40,0.1217699436368523,0.1118793869493426,0.0003,0.2938377559185028,1.6,False,2,2026-07-29T07:32:27,LSTM
41,0.1214542423467059,0.1111342168443805,0.0003,0.2585670351982116,2.1,True,0,2026-07-29T07:32:29,LSTM
42,0.1213506168716556,0.1118891692341684,0.0003,0.3104001879692077,1.6,False,1,2026-07-29T07:32:31,LSTM
43,0.1210414775780269,0.110784755385184,0.0003,0.2532281279563904,1.7,True,0,2026-07-29T07:32:33,LSTM
44,0.1207214497930401,0.1107342245241442,0.0003,0.3714472353458404,1.7,True,0,2026-07-29T07:32:34,LSTM
45,0.1203875653691344,0.1106231314140361,0.0003,0.2255489826202392,1.8,True,0,2026-07-29T07:32:36,LSTM
46,0.1204419580789712,0.1113240715157199,0.0003,0.2908203899860382,1.7,False,1,2026-07-29T07:32:38,LSTM
47,0.1202022145737658,0.1103448638549217,0.0003,0.3890538811683655,1.7,True,0,2026-07-29T07:32:40,LSTM
48,0.1201322557998227,0.1102180818689393,0.0003,0.3236693441867828,1.7,True,0,2026-07-29T07:32:41,LSTM
49,0.1201037323736882,0.1100529139595372,0.0003,0.3089074790477752,1.7,True,0,2026-07-29T07:32:43,LSTM
50,0.1197064366314437,0.1105926732358696,0.0003,0.3665700554847717,1.7,False,1,2026-07-29T07:32:45,LSTM
51,0.1195570023177744,0.1097357059818702,0.0003,0.3285461366176605,1.7,True,0,2026-07-29T07:32:47,LSTM
52,0.1193434873452553,0.109734354192739,0.0003,0.2380197048187255,1.8,True,0,2026-07-29T07:32:49,LSTM
53,0.1193963626583854,0.1094455135228869,0.0003,0.354856789112091,1.8,True,0,2026-07-29T07:32:50,LSTM
54,0.1194124251440331,0.1101505638069503,0.0003,0.3253080248832702,1.7,False,1,2026-07-29T07:32:52,LSTM
55,0.1191681462984818,0.1094196814593378,0.0003,0.4178478717803955,1.7,True,0,2026-07-29T07:32:54,LSTM
56,0.1190247769539172,0.1090763031126378,0.0003,0.3141987025737762,1.7,True,0,2026-07-29T07:32:56,LSTM
57,0.1190667912855253,0.108556997440346,0.0003,0.2875351309776306,1.7,True,0,2026-07-29T07:32:58,LSTM
58,0.1192012503251924,0.1097698172370156,0.0003,0.3962512612342834,1.7,False,1,2026-07-29T07:32:59,LSTM
59,0.118960457598115,0.1086761713191703,0.0003,0.328543871641159,1.7,False,2,2026-07-29T07:33:01,LSTM
60,0.1189560931462508,0.1101310141384601,0.0003,0.3626289367675781,1.7,False,3,2026-07-29T07:33:03,LSTM
61,0.1186384693770618,0.1096407850938183,0.0003,0.2853213548660278,1.8,False,4,2026-07-29T07:33:05,LSTM
62,0.118804345026121,0.1101496666260473,0.0003,0.3361545205116272,1.7,False,5,2026-07-29T07:33:06,LSTM
63,0.1183972930187707,0.1090580600794855,0.0003,0.2787059545516968,1.7,False,6,2026-07-29T07:33:08,LSTM
64,0.1182580192337979,0.1086815515389809,0.00015,0.275285929441452,1.7,False,7,2026-07-29T07:33:10,LSTM
65,0.1180052922649698,0.1090988039069778,0.00015,0.3091410100460052,1.7,False,8,2026-07-29T07:33:11,LSTM
66,0.1179921139891331,0.107874137195912,0.00015,0.411190390586853,1.7,True,0,2026-07-29T07:33:13,LSTM
67,0.1179078707655707,0.108157632115123,0.00015,0.544061541557312,1.6,False,1,2026-07-29T07:33:15,LSTM
68,0.1178212565380138,0.1079659643327141,0.00015,0.4272559881210327,1.7,False,2,2026-07-29T07:33:17,LSTM
69,0.1178181389530936,0.1076207426632498,0.00015,0.3243016600608825,1.8,True,0,2026-07-29T07:33:18,LSTM
70,0.1176557426269237,0.1083866887122065,0.00015,inf,1.7,False,1,2026-07-29T07:33:20,LSTM
71,0.1175460845887006,0.1083317000705462,0.00015,0.298611044883728,1.6,False,2,2026-07-29T07:33:22,LSTM
72,0.1176379359030461,0.1083364836707874,0.00015,0.3450097441673279,1.6,False,3,2026-07-29T07:33:24,LSTM
73,0.1177322313844502,0.1084624550581633,0.00015,0.4699488580226898,1.6,False,4,2026-07-29T07:33:25,LSTM
74,0.1175357723629081,0.1088016967770162,0.00015,0.3759518563747406,1.6,False,5,2026-07-29T07:33:27,LSTM
75,0.1174819256578173,0.107691955762905,0.00015,0.4048895239830017,1.6,False,6,2026-07-29T07:33:29,LSTM
76,0.1175351443035262,0.107745823501558,7.5e-05,0.4218579232692718,1.7,False,7,2026-07-29T07:33:30,LSTM
77,0.1172016309021593,0.1078606022747008,7.5e-05,0.2731518149375915,1.7,False,8,2026-07-29T07:33:32,LSTM
78,0.1171975872346333,0.1074041954681768,7.5e-05,0.3342965245246887,1.7,True,0,2026-07-29T07:33:34,LSTM
79,0.1171171806015811,0.1075902949650209,7.5e-05,0.2856106460094452,1.6,False,1,2026-07-29T07:33:36,LSTM
0,0.2107040955470158,0.1317412976052734,0.0003,0.9959810376167296,3.9,True,0,2026-07-29T07:33:42,TCN
1,0.1545044848552117,0.1232754321216226,0.0003,0.2405087947845459,3.0,True,0,2026-07-29T07:33:45,TCN
2,0.1448120836373214,0.1203913288293304,0.0003,0.2176022976636886,3.0,True,0,2026-07-29T07:33:48,TCN
3,0.139374793099833,0.1187433396148812,0.0003,0.1708060055971145,2.9,True,0,2026-07-29T07:33:51,TCN
4,0.1355214149414838,0.1162778381462935,0.0003,0.1942042112350464,2.9,True,0,2026-07-29T07:33:54,TCN
5,0.1322532767122918,0.1145716167495145,0.0003,0.1608679145574569,2.9,True,0,2026-07-29T07:33:57,TCN
6,0.1303564061830332,0.114439756988169,0.0003,0.1858178079128265,3.0,True,0,2026-07-29T07:34:00,TCN
7,0.1285569441187512,0.113154277983275,0.0003,0.1725858449935913,3.0,True,0,2026-07-29T07:34:03,TCN
8,0.126942756313544,0.1120497577792995,0.0003,0.1432665288448333,2.9,True,0,2026-07-29T07:34:06,TCN
9,0.1257702765556482,0.1108668400691105,0.0003,0.1394814401865005,3.0,True,0,2026-07-29T07:34:09,TCN
10,0.1249864340319738,0.1102676273292892,0.0003,0.1457730680704116,3.0,True,0,2026-07-29T07:34:12,TCN
11,0.1241575993024386,0.1102987201167987,0.0003,0.1561255902051925,3.0,False,1,2026-07-29T07:34:15,TCN
12,0.1236331337919602,0.1092950398777867,0.0003,0.1730072051286697,3.0,True,0,2026-07-29T07:34:18,TCN
13,0.1228206398722889,0.1093328114148679,0.0003,0.1976674199104309,2.9,False,1,2026-07-29T07:34:21,TCN
14,0.1221273854538634,0.1088076532296427,0.0003,0.1929303258657455,3.0,True,0,2026-07-29T07:34:24,TCN
15,0.1220850500104191,0.1084181149746035,0.0003,0.1511216759681701,3.0,True,0,2026-07-29T07:34:27,TCN
16,0.1211567670270636,0.1080555132293439,0.0003,0.2022611647844314,3.0,True,0,2026-07-29T07:34:30,TCN
17,0.1209430221345398,0.1075154652634819,0.0003,0.1689859181642532,3.0,True,0,2026-07-29T07:34:33,TCN
18,0.1205884759242718,0.1071624821358984,0.0003,0.2272433936595916,3.0,True,0,2026-07-29T07:34:37,TCN
19,0.1203763837670231,0.1082887235251101,0.0003,0.140943169593811,2.9,False,1,2026-07-29T07:34:40,TCN
20,0.1199988821869368,0.1066780950014407,0.0003,0.1622729003429412,3.0,True,0,2026-07-29T07:34:43,TCN
21,0.1194335428240535,0.1078296268952416,0.0003,0.1287970840930938,3.0,False,1,2026-07-29T07:34:46,TCN
22,0.1193093223886175,0.1066376210323401,0.0003,0.1631097644567489,3.0,True,0,2026-07-29T07:34:49,TCN
23,0.1193343891219778,0.1060988487532505,0.0003,0.2067982107400894,3.0,True,0,2026-07-29T07:34:52,TCN
24,0.1187588770310957,0.1069759794070825,0.0003,0.1488390415906906,2.9,False,1,2026-07-29T07:34:55,TCN
25,0.1186074367918811,0.1064703702353514,0.0003,0.1559680849313736,3.0,False,2,2026-07-29T07:34:58,TCN
26,0.1184192705940414,0.1055602773942135,0.0003,0.1383983343839645,3.0,True,0,2026-07-29T07:35:01,TCN
27,0.1180750337275829,0.1054605835905442,0.0003,0.1472682952880859,3.0,True,0,2026-07-29T07:35:04,TCN
28,0.1180927023455336,0.1061736377222197,0.0003,0.1594407558441162,2.9,False,1,2026-07-29T07:35:07,TCN
29,0.1178160945137778,0.1047388256251157,0.0003,0.1626059263944625,3.0,True,0,2026-07-29T07:35:10,TCN
30,0.1175706746159019,0.106992813789255,0.0003,0.1512102633714676,3.0,False,1,2026-07-29T07:35:13,TCN
31,0.1177021218033937,0.1051092997684583,0.0003,0.145291730761528,2.9,False,2,2026-07-29T07:35:16,TCN
32,0.1174036625813651,0.1049415452385341,0.0003,0.1398222595453262,2.9,False,3,2026-07-29T07:35:19,TCN
33,0.1170078438880679,0.1041087452117558,0.0003,0.14591746032238,3.0,True,0,2026-07-29T07:35:22,TCN
34,0.1169512094377161,0.1053616723025238,0.0003,0.140804648399353,3.0,False,1,2026-07-29T07:35:25,TCN
35,0.1167244669664037,0.1038771887401958,0.0003,0.1572233289480209,3.0,True,0,2026-07-29T07:35:28,TCN
36,0.1166093273968487,0.1047298484942415,0.0003,0.1737418323755264,2.9,False,1,2026-07-29T07:35:31,TCN
37,0.1165419338004929,0.1043357674728383,0.0003,0.1483200043439865,2.9,False,2,2026-07-29T07:35:34,TCN
38,0.1165089008244839,0.1051831764916142,0.0003,0.1746859550476074,2.9,False,3,2026-07-29T07:35:37,TCN
39,0.1163339285405127,0.1042139626384436,0.0003,0.1457397490739822,3.0,False,4,2026-07-29T07:35:40,TCN
40,0.1161329538612575,0.1038537901099566,0.0003,0.1567194014787674,3.0,True,0,2026-07-29T07:35:43,TCN
41,0.1160034113532894,0.1040772191033913,0.0003,0.1317080110311508,2.9,False,1,2026-07-29T07:35:46,TCN
42,0.1157707261515187,0.1036887571297504,0.0003,0.1768929362297058,3.0,True,0,2026-07-29T07:35:49,TCN
43,0.1154908229689021,0.1043780567636201,0.0003,0.1682872325181961,2.9,False,1,2026-07-29T07:35:52,TCN
44,0.1157565331066047,0.1036422781564377,0.0003,0.1611692458391189,3.0,True,0,2026-07-29T07:35:55,TCN
45,0.1155788453234421,0.1033489129782378,0.0003,0.1397999823093414,3.0,True,0,2026-07-29T07:35:58,TCN
46,0.115405877655024,0.1037330388367831,0.0003,0.1201393753290176,2.9,False,1,2026-07-29T07:36:01,TCN
47,0.1154602360758152,0.1042183758383923,0.0003,0.2020373940467834,2.9,False,2,2026-07-29T07:36:04,TCN
48,0.1152101313838591,0.1030334585069955,0.0003,0.1367864459753036,3.0,True,0,2026-07-29T07:36:07,TCN
49,0.1153696109632869,0.1036523167084861,0.0003,0.166345328092575,2.9,False,1,2026-07-29T07:36:10,TCN
50,0.1149632627492422,0.1029742919727341,0.0003,0.1654174625873565,3.0,True,0,2026-07-29T07:36:13,TCN
51,0.1151422845793294,0.1035771686788443,0.0003,0.1721784621477127,2.9,False,1,2026-07-29T07:36:16,TCN
52,0.1152068492966693,0.1038693995675542,0.0003,0.1343933641910553,2.9,False,2,2026-07-29T07:36:19,TCN
53,0.1147451521276117,0.1032143556154691,0.0003,0.139290302991867,3.0,False,3,2026-07-29T07:36:22,TCN
54,0.1147364790131757,0.1057471835596875,0.0003,0.1624893844127655,2.9,False,4,2026-07-29T07:36:25,TCN
55,0.1147805829952051,0.1034701498491423,0.0003,0.1641806811094284,2.9,False,5,2026-07-29T07:36:28,TCN
56,0.1147568667491713,0.104718761989376,0.0003,0.1384765952825546,2.9,False,6,2026-07-29T07:36:31,TCN
57,0.1145507698858177,0.1029552045677389,0.0003,0.1343281269073486,3.0,True,0,2026-07-29T07:36:34,TCN
58,0.1142334069524492,0.103293538912312,0.0003,0.1396880000829696,2.9,False,1,2026-07-29T07:36:37,TCN
59,0.1144065882969688,0.102365822991827,0.0003,0.1968252956867218,2.9,True,0,2026-07-29T07:36:40,TCN
60,0.1143634152936411,0.1029768772013894,0.0003,0.1658120900392532,2.9,False,1,2026-07-29T07:36:43,TCN
61,0.1141079521768695,0.1025379235436628,0.0003,0.1285540014505386,2.9,False,2,2026-07-29T07:36:46,TCN
62,0.1144168932686795,0.1024902318450775,0.0003,0.1882618516683578,3.0,False,3,2026-07-29T07:36:49,TCN
63,0.1140436302829574,0.1028813723024431,0.0003,0.1399251520633697,2.9,False,4,2026-07-29T07:36:52,TCN
64,0.1138922326676138,0.102635318843218,0.0003,0.127783328294754,2.9,False,5,2026-07-29T07:36:55,TCN
65,0.1141248732477754,0.1027342725831728,0.0003,0.1512277573347091,2.9,False,6,2026-07-29T07:36:58,TCN
66,0.1141050308124049,0.1018522067793778,0.0003,0.151589885354042,3.0,True,0,2026-07-29T07:37:01,TCN
67,0.113812857735288,0.1022792513799536,0.0003,0.1611919701099395,3.0,False,1,2026-07-29T07:37:04,TCN
68,0.1138033068605831,0.1020677812643103,0.0003,0.1631462275981903,2.9,False,2,2026-07-29T07:37:07,TCN
69,0.1137636590462464,0.1022745850240136,0.0003,0.1479371488094329,2.9,False,3,2026-07-29T07:37:10,TCN
70,0.1138624411362868,0.1024762931187729,0.0003,0.1790352314710617,2.9,False,4,2026-07-29T07:37:13,TCN
71,0.1135792061359017,0.1043510909427653,0.0003,0.1205513626337051,2.9,False,5,2026-07-29T07:37:16,TCN
72,0.1138481957244349,0.102413380989334,0.0003,0.1659426391124725,2.9,False,6,2026-07-29T07:37:19,TCN
73,0.113487288241203,0.1014494950790981,0.0003,0.1480825990438461,3.0,True,0,2026-07-29T07:37:22,TCN
74,0.1136051649739454,0.1022099302365229,0.0003,0.1480548679828643,2.9,False,1,2026-07-29T07:37:25,TCN
75,0.1134190264966461,0.1028281449862233,0.0003,0.1517563164234161,2.9,False,2,2026-07-29T07:37:28,TCN
76,0.1135616224873197,0.1023372272131862,0.0003,0.1758565455675125,3.0,False,3,2026-07-29T07:37:31,TCN
77,0.1133065346669364,0.1028600550041748,0.0003,0.1384566873311996,2.9,False,4,2026-07-29T07:37:34,TCN
78,0.113441125180695,0.1014641287971983,0.0003,0.1401921212673187,2.9,False,5,2026-07-29T07:37:37,TCN
79,0.1132118120134531,0.1028488650099261,0.0003,0.130150556564331,2.9,False,6,2026-07-29T07:37:40,TCN
0,0.2373015100484365,0.1727765184509885,0.0003,0.1698495000600814,5.9,True,0,2026-07-29T07:37:48,ConvLSTM
1,0.1652788001429903,0.1318027215835812,0.0003,0.2382652163505554,1.6,True,0,2026-07-29T07:37:49,ConvLSTM
2,0.1374596116798264,0.1216013567870134,0.0003,0.3251839876174927,1.5,True,0,2026-07-29T07:37:51,ConvLSTM
3,0.1298473388447866,0.1180419982052766,0.0003,0.2464650124311447,1.5,True,0,2026-07-29T07:37:52,ConvLSTM
4,0.1264259912482984,0.1154736429452896,0.0003,0.2964809834957123,1.5,True,0,2026-07-29T07:37:54,ConvLSTM
5,0.1244223477257477,0.1139349139571844,0.0003,0.3428195118904114,1.6,True,0,2026-07-29T07:37:56,ConvLSTM
6,0.1226761227289399,0.1120360791683197,0.0003,0.2800716757774353,1.9,True,0,2026-07-29T07:37:58,ConvLSTM
7,0.1216822145731894,0.1128506134827058,0.0003,0.2793996930122375,1.9,False,1,2026-07-29T07:37:59,ConvLSTM
8,0.1205308745850573,0.1107218944682524,0.0003,0.3542125523090362,1.5,True,0,2026-07-29T07:38:01,ConvLSTM
9,0.1197205453292354,0.1095631281016292,0.0003,0.3064669072628021,1.5,True,0,2026-07-29T07:38:03,ConvLSTM
10,0.1188207153763089,0.1090300411067821,0.0003,0.3299461007118225,1.4,True,0,2026-07-29T07:38:04,ConvLSTM
11,0.1183001323060675,0.108090572141029,0.0003,0.399758368730545,1.5,True,0,2026-07-29T07:38:06,ConvLSTM
12,0.1180172051210979,0.1076294847733371,0.0003,0.3050175011157989,1.4,True,0,2026-07-29T07:38:07,ConvLSTM
13,0.1173860387160227,0.1076420694180242,0.0003,0.3834124207496643,1.4,False,1,2026-07-29T07:38:09,ConvLSTM
14,0.1166774017142725,0.1072799147894749,0.0003,0.247502788901329,1.8,True,0,2026-07-29T07:38:10,ConvLSTM
15,0.1164240808604837,0.1069700899687442,0.0003,0.4409539401531219,1.9,True,0,2026-07-29T07:38:12,ConvLSTM
16,0.1161530825954217,0.1068698128091765,0.0003,0.3307301700115204,1.7,True,0,2026-07-29T07:38:14,ConvLSTM
17,0.115593721971407,0.1055784594717916,0.0003,0.3286719620227813,1.5,True,0,2026-07-29T07:38:16,ConvLSTM
18,0.1151878377893468,0.1064115707445275,0.0003,0.3004519343376159,1.4,False,1,2026-07-29T07:38:17,ConvLSTM
19,0.1151987851484791,0.1053234778017133,0.0003,0.4684192538261413,1.5,True,0,2026-07-29T07:38:19,ConvLSTM
20,0.114539673089326,0.1046324337085524,0.0003,0.3336407244205475,1.5,True,0,2026-07-29T07:38:20,ConvLSTM
21,0.1142796196452863,0.1046392550016497,0.0003,0.3272724747657776,1.5,False,1,2026-07-29T07:38:22,ConvLSTM
22,0.1137877882181943,0.1041290558219611,0.0003,0.324923425912857,1.5,True,0,2026-07-29T07:38:23,ConvLSTM
23,0.1133957105678516,0.1063388347789481,0.0003,0.4948611557483673,1.9,False,1,2026-07-29T07:38:25,ConvLSTM
24,0.1133440919466071,0.1034041405297242,0.0003,0.390339195728302,2.0,True,0,2026-07-29T07:38:27,ConvLSTM
25,0.1129697793787652,0.105309214074533,0.0003,0.5116557478904724,1.4,False,1,2026-07-29T07:38:29,ConvLSTM
26,0.1127365667905126,0.1032622897035473,0.0003,0.3744522929191589,1.5,True,0,2026-07-29T07:38:30,ConvLSTM
27,0.1120255171433909,0.1025528066105895,0.0003,0.3206673860549927,1.5,True,0,2026-07-29T07:38:32,ConvLSTM
28,0.1118361922247069,0.1038199037640959,0.0003,0.601330041885376,1.4,False,1,2026-07-29T07:38:33,ConvLSTM
29,0.1117751795184481,0.1017687516798684,0.0003,0.4058994054794311,1.4,True,0,2026-07-29T07:38:35,ConvLSTM
30,0.1111244277312205,0.1038104888502058,0.0003,0.5667009353637695,1.4,False,1,2026-07-29T07:38:36,ConvLSTM
31,0.1112518306944396,0.1016602725363694,0.0003,0.5036373734474182,1.7,True,0,2026-07-29T07:38:38,ConvLSTM
32,0.1106790183009682,0.1025724223927482,0.0003,0.4272553324699402,1.9,False,1,2026-07-29T07:38:40,ConvLSTM
33,0.1104139338155369,0.1004587942836703,0.0003,0.4210713505744934,1.9,True,0,2026-07-29T07:38:42,ConvLSTM
34,0.1102132572741299,0.1010655016935133,0.0003,0.4801380038261413,1.4,False,1,2026-07-29T07:38:43,ConvLSTM
35,0.1100315370729991,0.1008090062455816,0.0003,0.5133405327796936,1.4,False,2,2026-07-29T07:38:45,ConvLSTM
36,0.1098516379083905,0.1002394724841956,0.0003,0.4507390856742859,1.5,True,0,2026-07-29T07:38:46,ConvLSTM
37,0.109349381678052,0.1004914866535218,0.0003,0.5049899220466614,1.4,False,1,2026-07-29T07:38:48,ConvLSTM
38,0.1092666729793443,0.0998820771800947,0.0003,0.4475606083869934,1.5,True,0,2026-07-29T07:38:49,ConvLSTM
39,0.1090563544532755,0.1002833330287383,0.0003,0.6305785179138184,1.5,False,1,2026-07-29T07:38:51,ConvLSTM
40,0.1086656606131857,0.0992509558141886,0.0003,0.4541960656642914,1.8,True,0,2026-07-29T07:38:53,ConvLSTM
41,0.1085936897076093,0.0990967085728278,0.0003,0.4698608219623565,1.9,True,0,2026-07-29T07:38:55,ConvLSTM
42,0.1083423607296996,0.0990777601088796,0.0003,0.5257485508918762,1.6,True,0,2026-07-29T07:38:56,ConvLSTM
43,0.1079867561767389,0.0985293287251676,0.0003,0.466623455286026,1.4,True,0,2026-07-29T07:38:58,ConvLSTM
44,0.1077985418366861,0.0987154965053547,0.0003,0.8600821495056152,1.4,False,1,2026-07-29T07:38:59,ConvLSTM
45,0.1074326844824539,0.0987379130508218,0.0003,0.3952133655548095,1.4,False,2,2026-07-29T07:39:01,ConvLSTM
46,0.1074261344723649,0.098572820506908,0.0003,0.6028039455413818,1.4,False,3,2026-07-29T07:39:02,ConvLSTM
47,0.1070772084724772,0.0993611652936254,0.0003,0.6514436602592468,1.4,False,4,2026-07-29T07:39:03,ConvLSTM
48,0.107290300988889,0.0978956843961726,0.0003,0.5722967386245728,1.5,True,0,2026-07-29T07:39:05,ConvLSTM
49,0.1069636249443986,0.0994777884539012,0.0003,0.5977752208709717,1.9,False,1,2026-07-29T07:39:07,ConvLSTM
50,0.1067785974714782,0.0982166246234715,0.0003,0.6476402878761292,2.0,False,2,2026-07-29T07:39:09,ConvLSTM
51,0.1062956677688347,0.0976933067316537,0.0003,0.3804263770580292,1.4,True,0,2026-07-29T07:39:11,ConvLSTM
52,0.1061459240841341,0.0975090966119871,0.0003,0.481192409992218,1.5,True,0,2026-07-29T07:39:12,ConvLSTM
53,0.1066987990350513,0.0978485448592966,0.0003,inf,1.5,False,1,2026-07-29T07:39:14,ConvLSTM
54,0.1060651250920453,0.0978470386548356,0.0003,0.4698807299137115,1.5,False,2,2026-07-29T07:39:15,ConvLSTM
55,0.1062666756274935,0.0969925653803479,0.0003,0.8973764777183533,1.5,True,0,2026-07-29T07:39:17,ConvLSTM
56,0.1056342277225557,0.0971152273590093,0.0003,0.5273033976554871,1.4,False,1,2026-07-29T07:39:18,ConvLSTM
57,0.1055322798726322,0.0963961909023615,0.0003,0.4802739322185516,1.7,True,0,2026-07-29T07:39:20,ConvLSTM
58,0.10543646301542,0.0983859445940662,0.0003,0.526277482509613,1.9,False,1,2026-07-29T07:39:22,ConvLSTM
59,0.1053761082527401,0.0966465254979474,0.0003,0.6147375106811523,1.7,False,2,2026-07-29T07:39:24,ConvLSTM
60,0.105064567890796,0.0966682751345765,0.0003,0.5031657218933105,1.5,False,3,2026-07-29T07:39:25,ConvLSTM
61,0.1047875456757597,0.096920705390173,0.0003,0.7174000144004822,1.4,False,4,2026-07-29T07:39:27,ConvLSTM
62,0.1054120856490763,0.0961228324980526,0.0003,0.7627595663070679,1.5,True,0,2026-07-29T07:39:28,ConvLSTM
63,0.1049214822905404,0.0972475005047661,0.0003,0.4297671914100647,1.5,False,1,2026-07-29T07:39:30,ConvLSTM
64,0.1046336856517163,0.0955228998356468,0.0003,0.5429381728172302,1.4,True,0,2026-07-29T07:39:31,ConvLSTM
65,0.1044091252016497,0.0974206850342043,0.0003,0.4317280650138855,1.5,False,1,2026-07-29T07:39:33,ConvLSTM
66,0.1044259580773311,0.0951121096182,0.0003,0.6011542677879333,1.9,True,0,2026-07-29T07:39:35,ConvLSTM
67,0.1041191532716646,0.0959413135117226,0.0003,0.5991563200950623,2.0,False,1,2026-07-29T07:39:37,ConvLSTM
68,0.1040858407760714,0.0949511663108081,0.0003,0.500040590763092,1.6,True,0,2026-07-29T07:39:38,ConvLSTM
69,0.1038661218115261,0.0947863808372518,0.0003,0.4066500663757324,1.5,True,0,2026-07-29T07:39:40,ConvLSTM
70,0.1036122220721873,0.0949781440853417,0.0003,0.5122277140617371,1.5,False,1,2026-07-29T07:39:41,ConvLSTM
71,0.1034674536887106,0.0953523952636744,0.0003,0.4606835842132568,1.5,False,2,2026-07-29T07:39:43,ConvLSTM
72,0.1034975796774193,0.0954078595553125,0.0003,0.4472915530204773,1.5,False,3,2026-07-29T07:39:44,ConvLSTM
73,0.1036409902703631,0.0955856532104067,0.0003,inf,1.5,False,4,2026-07-29T07:39:46,ConvLSTM
74,0.103297284572989,0.0948422545833247,0.0003,0.4561525881290436,1.6,False,5,2026-07-29T07:39:48,ConvLSTM
75,0.1030785465797225,0.0948437043762469,0.0003,0.5910717248916626,1.9,False,6,2026-07-29T07:39:50,ConvLSTM
76,0.1031698739135658,0.0947048858544983,0.0003,0.5665165185928345,1.9,True,0,2026-07-29T07:39:52,ConvLSTM
77,0.1032431699581198,0.095168667098323,0.0003,0.5193155407905579,1.5,False,1,2026-07-29T07:39:53,ConvLSTM
78,0.1027437844610476,0.0942009369341226,0.0003,0.3919673562049866,1.4,True,0,2026-07-29T07:39:55,ConvLSTM
79,0.1029532797388978,0.095390214492659,0.0003,0.593299925327301,1.4,False,1,2026-07-29T07:39:56,ConvLSTM
0,0.2273307560564397,0.1630282237470805,0.0003,0.1412092298269271,3.3,True,0,2026-07-29T07:40:01,SVR-LSTM
1,0.1593004213912146,0.1360811128557383,0.0003,0.1461858302354812,5.9,True,0,2026-07-29T07:40:07,SVR-LSTM
2,0.1436558167358021,0.1286215112432018,0.0003,0.1395410895347595,3.0,True,0,2026-07-29T07:40:10,SVR-LSTM
3,0.1382088256570009,0.1261975106957194,0.0003,0.1475065499544143,3.0,True,0,2026-07-29T07:40:13,SVR-LSTM
4,0.1357544000004674,0.1250667155280218,0.0003,0.1690193712711334,3.0,True,0,2026-07-29T07:40:17,SVR-LSTM
5,0.1341758902911301,0.1239287088942396,0.0003,0.1363991498947143,6.2,True,0,2026-07-29T07:40:23,SVR-LSTM
6,0.1330847831872793,0.1229542057429041,0.0003,0.1295411735773086,3.0,True,0,2026-07-29T07:40:26,SVR-LSTM
7,0.1321690226976688,0.1232153084333781,0.0003,0.1299921423196792,3.0,False,1,2026-07-29T07:40:29,SVR-LSTM
8,0.1314693118517215,0.1215684302151203,0.0003,0.1389848291873932,3.0,True,0,2026-07-29T07:40:32,SVR-LSTM
9,0.1308312351887042,0.1210046442082295,0.0003,0.1628108471632003,6.1,True,0,2026-07-29T07:40:38,SVR-LSTM
10,0.1303020309943419,0.1204047885488022,0.0003,0.1295888274908065,3.1,True,0,2026-07-29T07:40:41,SVR-LSTM
11,0.1298360773167767,0.1198372442152474,0.0003,0.1238291934132576,3.0,True,0,2026-07-29T07:40:44,SVR-LSTM
12,0.1295507135954532,0.1195833712898113,0.0003,0.1210411936044693,3.0,True,0,2026-07-29T07:40:47,SVR-LSTM
13,0.1290952129023415,0.1196401322280967,0.0003,0.2015778422355651,6.2,False,1,2026-07-29T07:40:53,SVR-LSTM
14,0.1286599055096343,0.1192778826660507,0.0003,0.1157586872577667,3.0,True,0,2026-07-29T07:40:57,SVR-LSTM
15,0.1285045130239738,0.1186817860292209,0.0003,0.168399691581726,3.0,True,0,2026-07-29T07:41:00,SVR-LSTM
16,0.1281238242820069,0.1184550931902377,0.0003,0.156191810965538,2.9,True,0,2026-07-29T07:41:03,SVR-LSTM
17,0.1278234916073935,0.1180046255608181,0.0003,0.1385699659585952,6.1,True,0,2026-07-29T07:41:09,SVR-LSTM
18,0.1275475648242038,0.1178536429837509,0.0003,0.14900603890419,3.0,True,0,2026-07-29T07:41:12,SVR-LSTM
19,0.1273892289334601,0.1179902944099772,0.0003,0.1264503747224807,3.0,False,1,2026-07-29T07:41:15,SVR-LSTM
20,0.1271142238935271,0.1171805933117866,0.0003,0.1204204484820365,3.0,True,0,2026-07-29T07:41:18,SVR-LSTM
21,0.1267545050644612,0.1173086124216462,0.0003,0.1465956568717956,6.3,False,1,2026-07-29T07:41:24,SVR-LSTM
22,0.1265628556628803,0.1169059644197369,0.0003,0.1618467569351196,3.0,True,0,2026-07-29T07:41:27,SVR-LSTM
23,0.1263049583349909,0.1171702249692036,0.0003,0.1559524238109588,3.0,False,1,2026-07-29T07:41:30,SVR-LSTM
24,0.1260831107477565,0.1163493308064701,0.0003,0.1287320256233215,2.9,True,0,2026-07-29T07:41:33,SVR-LSTM
25,0.125923701760533,0.1161710889702969,0.0003,0.1800340563058853,6.2,True,0,2026-07-29T07:41:40,SVR-LSTM
26,0.1256845604587387,0.1159685451005186,0.0003,0.1518586874008178,3.0,True,0,2026-07-29T07:41:43,SVR-LSTM
27,0.1252941765136771,0.1160439342505984,0.0003,0.1133352890610694,3.0,False,1,2026-07-29T07:41:46,SVR-LSTM
28,0.1252267000111905,0.116436880081892,0.0003,0.1875931024551391,3.0,False,2,2026-07-29T07:41:49,SVR-LSTM
29,0.1249769993863263,0.1152664163446688,0.0003,0.1543195098638534,6.3,True,0,2026-07-29T07:41:55,SVR-LSTM
30,0.1246384672902442,0.1179633817666179,0.0003,0.148824393749237,3.0,False,1,2026-07-29T07:41:58,SVR-LSTM
31,0.1247265548660205,0.114940285969239,0.0003,0.1721154898405075,3.0,True,0,2026-07-29T07:42:01,SVR-LSTM
32,0.1242950119487531,0.1148341291143999,0.0003,0.1460468620061874,3.0,True,0,2026-07-29T07:42:04,SVR-LSTM
33,0.1240708912466908,0.1141350462950848,0.0003,0.1216648370027542,6.2,True,0,2026-07-29T07:42:11,SVR-LSTM
34,0.1239592845295811,0.1144720805133437,0.0003,0.1397275924682617,3.0,False,1,2026-07-29T07:42:14,SVR-LSTM
35,0.1237585713738923,0.1152192484382744,0.0003,0.1532204747200012,3.0,False,2,2026-07-29T07:42:17,SVR-LSTM
36,0.1236609869278394,0.113921411294531,0.0003,0.1911275088787078,3.0,True,0,2026-07-29T07:42:20,SVR-LSTM
37,0.1234633242363458,0.1140686106550824,0.0003,0.1480070203542709,6.2,False,1,2026-07-29T07:42:26,SVR-LSTM
38,0.1233315948601607,0.1137614551481309,0.0003,0.1690284013748169,3.0,True,0,2026-07-29T07:42:29,SVR-LSTM
39,0.123148945235944,0.1135599697111072,0.0003,0.1605936139822006,3.0,True,0,2026-07-29T07:42:32,SVR-LSTM
40,0.1231424327735062,0.1133837283967615,0.0003,0.1658909618854522,3.0,True,0,2026-07-29T07:42:35,SVR-LSTM
41,0.122951863853486,0.1135045659247335,0.0003,0.1950393170118332,6.2,False,1,2026-07-29T07:42:41,SVR-LSTM
42,0.1228212056251672,0.1136189091254721,0.0003,0.1602808982133865,3.0,False,2,2026-07-29T07:42:44,SVR-LSTM
43,0.1225411427217525,0.1129458739043592,0.0003,0.1765333712100982,3.0,True,0,2026-07-29T07:42:47,SVR-LSTM
44,0.1225138674234296,0.1131775084432664,0.0003,0.1803738474845886,3.0,False,1,2026-07-29T07:42:50,SVR-LSTM
45,0.1222539116393078,0.1127592620777559,0.0003,0.161146730184555,6.2,True,0,2026-07-29T07:42:57,SVR-LSTM
46,0.1221666115980881,0.1128877501238833,0.0003,0.2006468921899795,3.0,False,1,2026-07-29T07:43:00,SVR-LSTM
47,0.1221589496666258,0.1127476130131181,0.0003,0.1916043609380722,3.0,True,0,2026-07-29T07:43:03,SVR-LSTM
48,0.1219987029557699,0.1122609017068868,0.0003,0.1903922408819198,3.0,True,0,2026-07-29T07:43:06,SVR-LSTM
49,0.1219757739659194,0.1124233083574326,0.0003,0.1887018084526062,6.1,False,1,2026-07-29T07:43:12,SVR-LSTM
50,0.121564970926924,0.1122776754200458,0.0003,0.2067757397890091,3.1,False,2,2026-07-29T07:43:15,SVR-LSTM
51,0.1215489965546262,0.1120767591746298,0.0003,0.182398110628128,3.1,True,0,2026-07-29T07:43:18,SVR-LSTM
52,0.1213768268679524,0.1123292829309191,0.0003,0.1612199693918228,2.9,False,1,2026-07-29T07:43:21,SVR-LSTM
53,0.1213564266542812,0.1121476906669008,0.0003,0.20673668384552,6.2,False,2,2026-07-29T07:43:27,SVR-LSTM
54,0.1212563534850602,0.1121315066549149,0.0003,0.1838872134685516,3.0,False,3,2026-07-29T07:43:30,SVR-LSTM
55,0.1209884660584586,0.1117164962566815,0.0003,0.2648366391658783,3.0,True,0,2026-07-29T07:43:34,SVR-LSTM
56,0.1209809349788414,0.1120775608489146,0.0003,0.2309209108352661,3.0,False,1,2026-07-29T07:43:37,SVR-LSTM
57,0.1209104818957192,0.1111313756760005,0.0003,0.2209202945232391,6.1,True,0,2026-07-29T07:43:43,SVR-LSTM
58,0.1206490548429908,0.1119854419522888,0.0003,0.1987717300653457,3.1,False,1,2026-07-29T07:43:46,SVR-LSTM
59,0.1206215857476978,0.1108466524753596,0.0003,0.2094738781452179,2.9,True,0,2026-07-29T07:43:49,SVR-LSTM
60,0.120527511704099,0.1120799729948515,0.0003,0.2067749351263046,2.9,False,1,2026-07-29T07:43:52,SVR-LSTM
61,0.1203889810776972,0.1118688206751268,0.0003,0.1905317902565002,5.5,False,2,2026-07-29T07:43:57,SVR-LSTM
62,0.1203953597244325,0.1112623705968752,0.0003,0.2392901629209518,3.5,False,3,2026-07-29T07:44:01,SVR-LSTM
63,0.1201405185919541,0.1112163695660266,0.0003,0.184720292687416,2.9,False,4,2026-07-29T07:44:04,SVR-LSTM
64,0.1198754460274518,0.1105564334890344,0.0003,0.1944440454244613,3.0,True,0,2026-07-29T07:44:07,SVR-LSTM
65,0.1201107463666371,0.1119259203692059,0.0003,0.2635243237018585,5.5,False,1,2026-07-29T07:44:12,SVR-LSTM
66,0.1199946827122143,0.1102542863278598,0.0003,0.2680085897445678,3.7,True,0,2026-07-29T07:44:16,SVR-LSTM
67,0.119858460521305,0.1105976210763821,0.0003,0.3774937391281128,3.0,False,1,2026-07-29T07:44:19,SVR-LSTM
68,0.1197317705704615,0.1101938118482684,0.0003,0.2673028111457824,2.9,True,0,2026-07-29T07:44:22,SVR-LSTM
69,0.1195762300720581,0.1097649847167533,0.0003,0.2353215515613556,5.6,True,0,2026-07-29T07:44:28,SVR-LSTM
70,0.1194024825816626,0.110649550722523,0.0003,0.2861618399620056,3.5,False,1,2026-07-29T07:44:31,SVR-LSTM
71,0.1191745392568818,0.1104713579701198,0.0003,inf,3.0,False,2,2026-07-29T07:44:34,SVR-LSTM
72,0.1192133931177003,0.1107220611238217,0.0003,0.2647555470466614,2.9,False,3,2026-07-29T07:44:37,SVR-LSTM
73,0.1193762381325711,0.1106816272322948,0.0003,0.3254999816417694,5.2,False,4,2026-07-29T07:44:43,SVR-LSTM
74,0.1190999968693806,0.1103437797545076,0.0003,0.2585724890232086,3.8,False,5,2026-07-29T07:44:47,SVR-LSTM
75,0.1190072038016476,0.1097975622166644,0.0003,0.3390262424945831,2.9,False,6,2026-07-29T07:44:50,SVR-LSTM
76,0.1189109408102192,0.1095243263785,0.0003,0.3306232690811157,2.9,True,0,2026-07-29T07:44:53,SVR-LSTM
77,0.1187491518291798,0.1100760779783621,0.0003,0.2263877689838409,4.4,False,1,2026-07-29T07:44:57,SVR-LSTM
78,0.1187201761609905,0.1093426435612715,0.0003,0.2517336010932922,4.8,True,0,2026-07-29T07:45:02,SVR-LSTM
79,0.1186688477193916,0.1104413419961929,0.0003,0.3899789750576019,2.9,False,1,2026-07-29T07:45:05,SVR-LSTM
0,0.1603684483648656,0.1192215923424605,0.0003,0.4079411327838897,1.6,True,0,2026-07-29T07:45:09,STGCN
1,0.1298754521778651,0.1160228362122734,0.0003,0.6567574739456177,1.4,True,0,2026-07-29T07:45:10,STGCN
2,0.1268479399301193,0.1123234388919977,0.0003,0.5059110522270203,1.4,True,0,2026-07-29T07:45:11,STGCN
3,0.1254367903693691,0.1127185726558769,0.0003,0.5194451808929443,1.4,False,1,2026-07-29T07:45:13,STGCN
4,0.1246595640103895,0.1105068630160211,0.0003,0.511264443397522,1.4,True,0,2026-07-29T07:45:14,STGCN
5,0.1231441700032779,0.1095142524566624,0.0003,0.3957398533821106,1.4,True,0,2026-07-29T07:45:16,STGCN
6,0.1227934611367655,0.1099662996501058,0.0003,0.464086651802063,1.3,False,1,2026-07-29T07:45:17,STGCN
7,0.1218892561537878,0.1113755944502222,0.0003,0.5422143340110779,1.3,False,2,2026-07-29T07:45:18,STGCN
8,0.1212591384465877,0.109043054241728,0.0003,0.4786341190338135,1.4,True,0,2026-07-29T07:45:20,STGCN
9,0.1207319744831913,0.1078286439507872,0.0003,0.591722309589386,1.4,True,0,2026-07-29T07:45:21,STGCN
10,0.1209638958448892,0.1077296711750083,0.0003,0.4516968429088592,1.4,True,0,2026-07-29T07:45:23,STGCN
11,0.1201898798346519,0.1077688289703903,0.0003,0.369257241487503,1.3,False,1,2026-07-29T07:45:24,STGCN
12,0.1199343233973115,0.1076666782763633,0.0003,0.4697558879852295,1.4,True,0,2026-07-29T07:45:26,STGCN
13,0.1198303446664914,0.1066122956492088,0.0003,0.4743169844150543,1.4,True,0,2026-07-29T07:45:27,STGCN
14,0.1182935590272421,0.108220368705608,0.0003,0.6555078625679016,1.4,False,1,2026-07-29T07:45:28,STGCN
15,0.1197685126419905,0.1074305275803084,0.0003,0.5002944469451904,1.3,False,2,2026-07-29T07:45:30,STGCN
16,0.1181736790544384,0.1069080688386828,0.0003,0.4399541318416595,1.3,False,3,2026-07-29T07:45:31,STGCN
17,0.1187119024140494,0.1054672611938728,0.0003,0.4329025745391845,1.3,True,0,2026-07-29T07:45:33,STGCN
18,0.1185415464443164,0.1055421659743392,0.0003,0.5197291970252991,1.3,False,1,2026-07-29T07:45:34,STGCN
19,0.117828150502928,0.1060441041795107,0.0003,0.353566974401474,1.3,False,2,2026-07-29T07:45:35,STGCN
20,0.1175537520548799,0.1045566229047356,0.0003,0.3559371531009674,1.3,True,0,2026-07-29T07:45:37,STGCN
21,0.1169798197818326,0.1049335008221013,0.0003,0.4561953842639923,1.3,False,1,2026-07-29T07:45:38,STGCN
22,0.1166203101585199,0.1060416761908557,0.0003,0.4202029407024383,1.3,False,2,2026-07-29T07:45:39,STGCN
23,0.1182427021992075,0.1047810937922734,0.0003,0.5402689576148987,1.3,False,3,2026-07-29T07:45:41,STGCN
24,0.1172356647449535,0.1106135157438425,0.0003,0.3497285544872284,1.3,False,4,2026-07-29T07:45:42,STGCN
25,0.1167664435211118,0.1047149903171665,0.0003,0.4059523940086365,1.3,False,5,2026-07-29T07:45:44,STGCN
26,0.1160701702584277,0.1068976659041184,0.0003,0.3827743530273437,1.3,False,6,2026-07-29T07:45:45,STGCN
27,0.1160254766652872,0.1040054315721595,0.0003,0.3694284558296203,1.3,True,0,2026-07-29T07:45:46,STGCN
28,0.1161949244174328,0.1094068166400705,0.0003,0.4024555385112762,1.3,False,1,2026-07-29T07:45:48,STGCN
29,0.1161773895824348,0.1041711264259212,0.0003,0.4537271559238434,1.3,False,2,2026-07-29T07:45:49,STGCN
30,0.1155572287820197,0.1055187339392992,0.0003,0.4985564649105072,1.3,False,3,2026-07-29T07:45:50,STGCN
31,0.1158477137376974,0.103840046940924,0.0003,0.3068051636219024,1.3,True,0,2026-07-29T07:45:52,STGCN
32,0.1158758789955914,0.1051821128188908,0.0003,0.4411278963088989,1.3,False,1,2026-07-29T07:45:53,STGCN
33,0.1150443599119291,0.1030447748336163,0.0003,0.3060500025749206,1.3,True,0,2026-07-29T07:45:54,STGCN
34,0.115480554824347,0.1054354741923756,0.0003,0.3929207921028137,1.3,False,1,2026-07-29T07:45:56,STGCN
35,0.114918198444686,0.1033604084053537,0.0003,0.4090439081192016,1.3,False,2,2026-07-29T07:45:57,STGCN
36,0.1150023968173907,0.1027646076630105,0.0003,0.4029653668403625,1.3,True,0,2026-07-29T07:45:58,STGCN
37,0.115320853790739,0.1046389286498447,0.0003,0.3875885903835296,1.3,False,1,2026-07-29T07:46:00,STGCN
38,0.1147839894334038,0.1045604645387157,0.0003,0.3220581412315368,1.3,False,2,2026-07-29T07:46:01,STGCN
39,0.1145136157234946,0.1044263605151202,0.0003,0.3214177191257477,1.3,False,3,2026-07-29T07:46:02,STGCN
40,0.114604887333545,0.1027893008111597,0.0003,0.4235899746417999,1.3,False,4,2026-07-29T07:46:04,STGCN
41,0.1145739384896152,0.1030775662716273,0.0003,0.4211770892143249,1.3,False,5,2026-07-29T07:46:05,STGCN
42,0.1139550828344219,0.1025186881914243,0.0003,0.4177736937999725,1.3,True,0,2026-07-29T07:46:06,STGCN
43,0.1135715294342774,0.1027788894025834,0.0003,0.3394687175750732,1.3,False,1,2026-07-29T07:46:08,STGCN
44,0.114426600245329,0.10293492519266,0.0003,0.3344244360923767,1.3,False,2,2026-07-29T07:46:09,STGCN
45,0.1137881387557302,0.1029417769430757,0.0003,0.3172202408313751,1.3,False,3,2026-07-29T07:46:10,STGCN
46,0.1138439539860893,0.1042940587542214,0.0003,0.3028847575187683,1.3,False,4,2026-07-29T07:46:12,STGCN
47,0.1133684074813193,0.1030391941031256,0.0003,0.4139471352100372,1.3,False,5,2026-07-29T07:46:13,STGCN
48,0.1132468179195791,0.1023661499986281,0.0003,0.3875555098056793,1.3,True,0,2026-07-29T07:46:14,STGCN
49,0.1134704456060797,0.1033108949170007,0.0003,0.4256770014762878,1.3,False,1,2026-07-29T07:46:16,STGCN
50,0.1129371359125598,0.1017963349164187,0.0003,0.3436356484889984,1.3,True,0,2026-07-29T07:46:17,STGCN
51,0.1133486873173451,0.1018585073915156,0.0003,0.4132173359394073,1.3,False,1,2026-07-29T07:46:18,STGCN
52,0.113195700091975,0.1045507872988889,0.0003,0.3424671292304992,1.3,False,2,2026-07-29T07:46:20,STGCN
53,0.1131259526525225,0.1023431951282443,0.0003,0.314301460981369,1.3,False,3,2026-07-29T07:46:21,STGCN
54,0.1127303424608576,0.1036527497837176,0.0003,0.3059331476688385,1.3,False,4,2026-07-29T07:46:23,STGCN
55,0.112990907718847,0.1019945082428691,0.0003,0.3005341291427612,1.3,False,5,2026-07-29T07:46:24,STGCN
56,0.1132398077747324,0.1037822399329353,0.0003,0.3753010630607605,1.3,False,6,2026-07-29T07:46:25,STGCN
57,0.1127838174392888,0.1012928050707329,0.0003,0.3780657351016998,1.3,True,0,2026-07-29T07:46:27,STGCN
58,0.1122982178251821,0.1015120597331078,0.0003,0.3728998601436615,1.3,False,1,2026-07-29T07:46:28,STGCN
59,0.1124860336492349,0.101358237174841,0.0003,0.4704874157905578,1.3,False,2,2026-07-29T07:46:29,STGCN
60,0.1129796387075067,0.101392305363993,0.0003,0.4500843584537506,1.3,False,3,2026-07-29T07:46:31,STGCN
61,0.1123744159773156,0.1013346384432944,0.0003,0.3543178737163543,1.3,False,4,2026-07-29T07:46:32,STGCN
62,0.1125909093644592,0.1016094615416867,0.0003,0.3018586039543152,1.3,False,5,2026-07-29T07:46:33,STGCN
63,0.1122061885975219,0.1018769858138901,0.0003,0.2718855142593384,1.3,False,6,2026-07-29T07:46:35,STGCN
64,0.1121837855040372,0.1017076692001505,0.00015,0.2791322767734527,1.3,False,7,2026-07-29T07:46:36,STGCN
65,0.111740520793003,0.102630987640593,0.00015,0.351950854063034,1.3,False,8,2026-07-29T07:46:37,STGCN
66,0.11149106243482,0.1005000878985111,0.00015,0.2502526044845581,1.3,True,0,2026-07-29T07:46:39,STGCN
67,0.1111600839502208,0.1008673693452562,0.00015,0.276554673910141,1.3,False,1,2026-07-29T07:46:40,STGCN
68,0.1111540738042894,0.1007225945755675,0.00015,0.4286713898181915,1.3,False,2,2026-07-29T07:46:41,STGCN
69,0.1115806031358111,0.1007700691020095,0.00015,0.2967235445976257,1.3,False,3,2026-07-29T07:46:43,STGCN
70,0.1120262105386335,0.100980363704346,0.00015,0.3617569506168365,1.3,False,4,2026-07-29T07:46:44,STGCN
71,0.1112877787305758,0.1009596544880788,0.00015,0.2863785922527313,1.3,False,5,2026-07-29T07:46:46,STGCN
72,0.1113935090683318,0.1005688939284492,0.00015,0.3966193199157715,1.3,False,6,2026-07-29T07:46:47,STGCN
73,0.1112896818872336,0.1003097137333927,0.00015,0.232257455587387,1.3,True,0,2026-07-29T07:46:48,STGCN
74,0.1114119929271739,0.1005000133927051,0.00015,0.4936089515686035,1.3,False,1,2026-07-29T07:46:50,STGCN
75,0.1108320149910319,0.1009357796347403,0.00015,0.2469981461763382,1.3,False,2,2026-07-29T07:46:51,STGCN
76,0.1114517524674698,0.1007997710871827,0.00015,0.4017946124076843,1.3,False,3,2026-07-29T07:46:52,STGCN
77,0.1111985974423177,0.1005022365722682,0.00015,0.2871976494789123,1.3,False,4,2026-07-29T07:46:54,STGCN
78,0.1109970295494729,0.1001226348945727,0.00015,0.2764565348625183,1.3,True,0,2026-07-29T07:46:55,STGCN
79,0.1110149769992618,0.1010170066422158,0.00015,0.3610479831695556,1.3,False,1,2026-07-29T07:46:57,STGCN
0,0.2044598161846726,0.1454896598563089,0.0003,0.1771057099103927,5.3,True,0,2026-07-29T07:47:03,DCRNN
1,0.1492988748864813,0.126021170927273,0.0003,0.1355551779270172,6.1,True,0,2026-07-29T07:47:10,DCRNN
2,0.1331348017840595,0.1180024424178914,0.0003,0.1996151357889175,5.2,True,0,2026-07-29T07:47:15,DCRNN
3,0.1266632912086916,0.1154684785466927,0.0003,0.2692835330963135,6.3,True,0,2026-07-29T07:47:21,DCRNN
4,0.1239754056210046,0.1138159640051506,0.0003,0.2467301785945892,5.3,True,0,2026-07-29T07:47:26,DCRNN
5,0.1221216306581602,0.1115832222768893,0.0003,0.2870443761348724,5.4,True,0,2026-07-29T07:47:32,DCRNN
6,0.1207621044673762,0.1103012717769041,0.0003,0.1761126816272735,5.7,True,0,2026-07-29T07:47:38,DCRNN
7,0.1195278937508771,0.1092558716434043,0.0003,0.2033659219741821,5.1,True,0,2026-07-29T07:47:43,DCRNN
8,0.1185836642980575,0.1095502855522292,0.0003,0.2668792903423309,6.3,False,1,2026-07-29T07:47:49,DCRNN
9,0.1177495743383418,0.1076774451840709,0.0003,0.1980979889631271,5.3,True,0,2026-07-29T07:47:54,DCRNN
10,0.1170813924663669,0.1080555020125357,0.0003,0.1952549219131469,5.5,False,1,2026-07-29T07:48:00,DCRNN
11,0.1163897743591895,0.1062700838914939,0.0003,0.1972200721502304,5.7,True,0,2026-07-29T07:48:06,DCRNN
12,0.1159164630285986,0.1061643424679289,0.0003,0.2063400447368621,5.0,True,0,2026-07-29T07:48:11,DCRNN
13,0.1152636092442732,0.1060214680466023,0.0003,0.1941093802452087,6.1,True,0,2026-07-29T07:48:17,DCRNN
14,0.1148604911762279,0.1052496364892839,0.0003,0.1762501448392868,5.0,True,0,2026-07-29T07:48:22,DCRNN
15,0.1147673075015728,0.1052681448777298,0.0003,0.2393651455640792,5.9,False,1,2026-07-29T07:48:28,DCRNN
16,0.114004993389596,0.1046947010762088,0.0003,0.2223408222198486,5.6,True,0,2026-07-29T07:48:34,DCRNN
17,0.1133274294190354,0.1038646638639025,0.0003,0.1809268444776535,5.6,True,0,2026-07-29T07:48:39,DCRNN
18,0.1129387294361879,0.1042057395718255,0.0003,0.2160702496767044,7.1,False,1,2026-07-29T07:48:46,DCRNN
19,0.1127518130691496,0.1052920470771553,0.0003,0.2810367345809936,5.7,False,2,2026-07-29T07:48:52,DCRNN
20,0.1123002868268516,0.1031478872665992,0.0003,0.2579554319381714,7.1,True,0,2026-07-29T07:48:59,DCRNN
21,0.111788267322949,0.1030653393776207,0.0003,0.201249286532402,5.4,True,0,2026-07-29T07:49:05,DCRNN
22,0.1113145369749802,0.1020584436808968,0.0003,0.2036657631397247,5.5,True,0,2026-07-29T07:49:10,DCRNN
23,0.1108405094225328,0.1044266786794741,0.0003,0.2870928943157196,5.8,False,1,2026-07-29T07:49:16,DCRNN
24,0.1108396812782182,0.1030597575827614,0.0003,0.2151759713888168,5.2,False,2,2026-07-29T07:49:21,DCRNN
25,0.1106148053984065,0.1028316654674299,0.0003,0.2200945317745208,6.2,False,3,2026-07-29T07:49:28,DCRNN
26,0.1101914019538806,0.1020040670921514,0.0003,0.2228771448135376,5.2,True,0,2026-07-29T07:49:33,DCRNN
27,0.1099034374559318,0.1020058548630594,0.0003,0.2687450647354126,5.3,False,1,2026-07-29T07:49:38,DCRNN
28,0.1096040288498113,0.1020592602154055,0.0003,0.3460579216480255,6.0,False,2,2026-07-29T07:49:44,DCRNN
29,0.1094957713569913,0.1003089010060488,0.0003,0.2109903395175933,5.2,True,0,2026-07-29T07:49:49,DCRNN
30,0.1090453778813173,0.1018066533974238,0.0003,0.2318625003099441,6.1,False,1,2026-07-29T07:49:56,DCRNN
31,0.1090284370131545,0.1005641637103898,0.0003,0.2710984647274017,5.0,False,2,2026-07-29T07:50:01,DCRNN
32,0.1085003356848444,0.0997812490459981,0.0003,0.2292708456516266,5.6,True,0,2026-07-29T07:50:06,DCRNN
33,0.1084477681052553,0.1004920326337054,0.0003,0.2902956902980804,5.7,False,1,2026-07-29T07:50:12,DCRNN
34,0.1084586063420379,0.0999440822218145,0.0003,0.2250086367130279,5.1,False,2,2026-07-29T07:50:17,DCRNN
35,0.1082585898401973,0.099487828029381,0.0003,0.2562707662582397,6.3,True,0,2026-07-29T07:50:24,DCRNN
36,0.1080627041039886,0.0994957448443868,0.0003,0.2386240512132644,5.1,False,1,2026-07-29T07:50:29,DCRNN
37,0.1076868647566208,0.0988588292192626,0.0003,0.2322049885988235,5.5,True,0,2026-07-29T07:50:34,DCRNN
38,0.1076189026727781,0.0995052989858847,0.0003,0.2214132398366928,5.8,False,1,2026-07-29T07:50:40,DCRNN
39,0.107583554989689,0.0993008150995432,0.0003,0.2667247951030731,5.0,False,2,2026-07-29T07:50:45,DCRNN
40,0.1071710023906204,0.0984551773948983,0.0003,0.2178295701742172,6.3,True,0,2026-07-29T07:50:51,DCRNN
41,0.1073352416301821,0.0985056294517202,0.0003,0.4058095812797546,4.9,False,1,2026-07-29T07:50:56,DCRNN
42,0.1070360384472123,0.0984886958785764,0.0003,0.3269347548484802,5.1,False,2,2026-07-29T07:51:02,DCRNN
43,0.1068654069533714,0.0997752432639782,0.0003,0.2374116480350494,5.9,False,3,2026-07-29T07:51:07,DCRNN
44,0.1068033596644034,0.097972285329968,0.0003,0.3578058183193207,5.0,True,0,2026-07-29T07:51:13,DCRNN
45,0.1064997839239927,0.0986603780107183,0.0003,0.2264179736375808,5.9,False,1,2026-07-29T07:51:18,DCRNN
46,0.1063637420535087,0.0980929672554299,0.0003,0.2848915159702301,5.2,False,2,2026-07-29T07:51:24,DCRNN
47,0.1063015610962123,0.099728308986504,0.0003,0.2278563231229782,5.1,False,3,2026-07-29T07:51:29,DCRNN
48,0.1062350088423425,0.0979040459125906,0.0003,0.2587494254112243,6.3,True,0,2026-07-29T07:51:35,DCRNN
49,0.106126898412521,0.098123215589222,0.0003,0.3154057264328003,4.9,False,1,2026-07-29T07:51:40,DCRNN
50,0.1059285839344119,0.0972369482720291,0.0003,0.2752828598022461,6.0,True,0,2026-07-29T07:51:46,DCRNN
51,0.1058444577914018,0.0977982000171483,0.0003,0.2658550441265106,5.2,False,1,2026-07-29T07:51:51,DCRNN
52,0.1056286143241347,0.0970622981888252,0.0003,0.2075328975915908,5.0,True,0,2026-07-29T07:51:56,DCRNN
53,0.1056204364194974,0.0985140638773913,0.0003,0.2887626588344574,6.1,False,1,2026-07-29T07:52:03,DCRNN
54,0.1056157686716907,0.0973401690659287,0.0003,0.2610992789268493,4.9,False,2,2026-07-29T07:52:08,DCRNN
55,0.1055382827153572,0.0969504041822402,0.0003,0.4724198579788208,5.8,True,0,2026-07-29T07:52:13,DCRNN
56,0.1051942905226906,0.0976522656178081,0.0003,0.2409415692090988,5.5,False,1,2026-07-29T07:52:19,DCRNN
57,0.1051891792442772,0.0963161357238397,0.0003,0.2381164878606796,5.3,True,0,2026-07-29T07:52:24,DCRNN
58,0.1050691585128124,0.0970867530002698,0.0003,0.2595625817775726,6.4,False,1,2026-07-29T07:52:31,DCRNN
59,0.1051813845123563,0.0964721590280532,0.0003,0.3492234945297241,5.0,False,2,2026-07-29T07:52:36,DCRNN
60,0.1048878887197473,0.0970356871711683,0.0003,0.2209816873073578,5.5,False,3,2026-07-29T07:52:41,DCRNN
61,0.1049296673837598,0.0975615118967962,0.0003,0.2421854436397552,5.5,False,4,2026-07-29T07:52:47,DCRNN
62,0.1050267763190217,0.0967680424615577,0.0003,0.2795352041721344,5.1,False,5,2026-07-29T07:52:52,DCRNN
63,0.1047595296587262,0.0973016170600613,0.0003,0.2942869663238525,6.1,False,6,2026-07-29T07:52:58,DCRNN
64,0.104721165227366,0.0961950564204336,0.0003,0.2830881178379059,5.0,True,0,2026-07-29T07:53:03,DCRNN
65,0.1046298796822736,0.0963047433767344,0.0003,0.3045390844345093,5.6,False,1,2026-07-29T07:53:09,DCRNN
66,0.10439446999149,0.0959981180072485,0.0003,0.2046402394771576,5.8,True,0,2026-07-29T07:53:15,DCRNN
67,0.1043105858204129,0.0980315735297543,0.0003,0.3946646153926849,5.0,False,1,2026-07-29T07:53:20,DCRNN
68,0.1043779154563998,0.0958792532865817,0.0003,0.269854873418808,6.3,True,0,2026-07-29T07:53:26,DCRNN
69,0.1040350512980104,0.0958706784461225,0.0003,0.2279369831085205,5.0,True,0,2026-07-29T07:53:31,DCRNN
70,0.104098347893783,0.0954492674260349,0.0003,0.2823441922664642,5.4,True,0,2026-07-29T07:53:37,DCRNN
71,0.1038894557527133,0.0970992481151779,0.0003,0.2253793776035308,5.8,False,1,2026-07-29T07:53:43,DCRNN
72,0.1039403985489855,0.0963934466324664,0.0003,0.2338638603687286,5.1,False,2,2026-07-29T07:53:48,DCRNN
73,0.1042902047653774,0.0956434792132823,0.0003,0.4055866599082947,6.4,False,3,2026-07-29T07:53:54,DCRNN
74,0.103912200475787,0.0952167750878648,0.0003,0.2351304590702057,5.0,True,0,2026-07-29T07:53:59,DCRNN
75,0.1036902718327857,0.0959085482735555,0.0003,0.2854868769645691,5.3,False,1,2026-07-29T07:54:04,DCRNN
76,0.1038335777737282,0.0957850122844779,0.0003,0.2536847293376922,5.7,False,2,2026-07-29T07:54:10,DCRNN
77,0.1038716458521046,0.0955634339825137,0.0003,0.4069041013717651,5.0,False,3,2026-07-29T07:54:15,DCRNN
78,0.1035296194009728,0.0954752072773792,0.0003,0.2378438413143158,6.1,False,4,2026-07-29T07:54:21,DCRNN
79,0.1034854952450637,0.0976021772475688,0.0003,0.3070315718650818,4.9,False,5,2026-07-29T07:54:26,DCRNN
0,0.1864522389658204,0.1269402350861947,0.0003,0.2449428141117096,6.2,True,0,2026-07-29T07:54:34,Graph WaveNet
1,0.1292935136255327,0.1127602203779823,0.0003,0.2657007277011871,2.6,True,0,2026-07-29T07:54:37,Graph WaveNet
2,0.1197945735448009,0.1075533126982358,0.0003,0.2403487265110016,2.5,True,0,2026-07-29T07:54:39,Graph WaveNet
3,0.1162016894791152,0.1064587390602945,0.0003,0.1807021349668502,2.5,True,0,2026-07-29T07:54:42,Graph WaveNet
4,0.1141430311805599,0.1040492185524531,0.0003,0.2120740413665771,2.6,True,0,2026-07-29T07:54:45,Graph WaveNet
5,0.1128716877201101,0.1028984384304219,0.0003,0.2161196023225784,2.6,True,0,2026-07-29T07:54:47,Graph WaveNet
6,0.1117375265765976,0.101883469661186,0.0003,0.2088401913642883,2.6,True,0,2026-07-29T07:54:50,Graph WaveNet
7,0.1109870901965833,0.1012841053307056,0.0003,0.2308021187782287,2.6,True,0,2026-07-29T07:54:53,Graph WaveNet
8,0.109979302739049,0.1004904994106554,0.0003,0.1551953107118606,2.5,True,0,2026-07-29T07:54:55,Graph WaveNet
9,0.1092324574570079,0.0995896124987156,0.0003,0.1729906797409057,2.6,True,0,2026-07-29T07:54:58,Graph WaveNet
10,0.1087875518006282,0.0993791380590135,0.0003,0.2955093383789062,2.6,True,0,2026-07-29T07:55:01,Graph WaveNet
11,0.1082840930138315,0.0984972324836385,0.0003,0.1952439099550247,2.6,True,0,2026-07-29T07:55:03,Graph WaveNet
12,0.1077456739577618,0.0987835360670482,0.0003,0.2276971936225891,2.5,False,1,2026-07-29T07:55:06,Graph WaveNet
13,0.1073558416667875,0.0982523434027865,0.0003,0.2547802031040191,2.6,True,0,2026-07-29T07:55:08,Graph WaveNet
14,0.1068154398884092,0.098063031559462,0.0003,0.1598338931798935,2.6,True,0,2026-07-29T07:55:11,Graph WaveNet
15,0.1064443047393809,0.0971978728424061,0.0003,0.2183543592691421,2.6,True,0,2026-07-29T07:55:14,Graph WaveNet
16,0.106241956107564,0.0975190107557144,0.0003,0.1873742640018463,2.6,False,1,2026-07-29T07:55:16,Graph WaveNet
17,0.1059691026479333,0.0963158809712955,0.0003,0.2313802242279052,2.6,True,0,2026-07-29T07:55:19,Graph WaveNet
18,0.1052973825525451,0.0969105728052474,0.0003,0.1839247643947601,2.5,False,1,2026-07-29T07:55:22,Graph WaveNet
19,0.1053363630896086,0.0962189442508823,0.0003,0.268297016620636,2.6,True,0,2026-07-29T07:55:24,Graph WaveNet
20,0.1049899171014408,0.0957544306395473,0.0003,0.2510129511356354,2.6,True,0,2026-07-29T07:55:27,Graph WaveNet
21,0.1045693591564566,0.0952999367491229,0.0003,0.2336341440677642,2.6,True,0,2026-07-29T07:55:30,Graph WaveNet
22,0.1043841111463504,0.0951901841704007,0.0003,0.29472616314888,2.6,True,0,2026-07-29T07:55:32,Graph WaveNet
23,0.1038580204595576,0.0952195936179423,0.0003,0.2151562720537185,2.5,False,1,2026-07-29T07:55:35,Graph WaveNet
24,0.1036132814464988,0.0956332746197234,0.0003,0.2929299175739288,2.5,False,2,2026-07-29T07:55:37,Graph WaveNet
25,0.1033370908472564,0.0951112052732771,0.0003,0.1801631301641464,2.5,True,0,2026-07-29T07:55:40,Graph WaveNet
26,0.1029980592347763,0.0936788685292333,0.0003,0.2558173835277557,2.6,True,0,2026-07-29T07:55:43,Graph WaveNet
27,0.1027590329175467,0.0935179053672722,0.0003,0.2872584462165832,2.6,True,0,2026-07-29T07:55:45,Graph WaveNet
28,0.1024658045925936,0.0939327827603607,0.0003,0.2489965111017227,2.5,False,1,2026-07-29T07:55:48,Graph WaveNet
29,0.1022813302966264,0.0928253020968411,0.0003,0.2300868481397628,2.5,True,0,2026-07-29T07:55:51,Graph WaveNet
30,0.1019636378347218,0.0952686626095693,0.0003,0.2796424627304077,2.5,False,1,2026-07-29T07:55:53,Graph WaveNet
31,0.102204420032737,0.0927990416249076,0.0003,0.4371709823608398,2.6,True,0,2026-07-29T07:55:56,Graph WaveNet
32,0.1015411427224075,0.0925845125956194,0.0003,0.2520192861557007,2.6,True,0,2026-07-29T07:55:58,Graph WaveNet
33,0.101776056417397,0.0929159250642572,0.0003,0.3269815742969513,2.6,False,1,2026-07-29T07:56:01,Graph WaveNet
34,0.1014278135293132,0.0936815458257774,0.0003,0.2431343644857406,2.5,False,2,2026-07-29T07:56:04,Graph WaveNet
35,0.1013464211598857,0.0930799553682515,0.0003,0.3285952508449554,2.5,False,3,2026-07-29T07:56:06,Graph WaveNet
36,0.1010134588067348,0.0921908230981329,0.0003,0.215397372841835,2.5,True,0,2026-07-29T07:56:09,Graph WaveNet
37,0.10097100515287,0.0919248118669122,0.0003,0.2544699311256408,2.6,True,0,2026-07-29T07:56:11,Graph WaveNet
38,0.1007525328096452,0.0918446565149249,0.0003,0.4551141858100891,2.6,True,0,2026-07-29T07:56:14,Graph WaveNet
39,0.1005696896832067,0.0914923403780539,0.0003,0.2424653172492981,2.5,True,0,2026-07-29T07:56:17,Graph WaveNet
40,0.1005083066094052,0.0924409907515887,0.0003,0.3219579756259918,2.5,False,1,2026-07-29T07:56:19,Graph WaveNet
41,0.100352009999883,0.091473119681353,0.0003,0.3277036547660827,2.5,True,0,2026-07-29T07:56:22,Graph WaveNet
42,0.1000436234932679,0.0911300588440109,0.0003,0.3253359496593475,2.6,True,0,2026-07-29T07:56:24,Graph WaveNet
43,0.099768728345305,0.0908959261909291,0.0003,0.3011842370033264,2.6,True,0,2026-07-29T07:56:27,Graph WaveNet
44,0.1001361794851638,0.0908612167196614,0.0003,0.4880992472171783,2.6,True,0,2026-07-29T07:56:30,Graph WaveNet
45,0.0998364940449431,0.0909086229627604,0.0003,0.3138520121574402,2.5,False,1,2026-07-29T07:56:32,Graph WaveNet
46,0.099635514649716,0.0907131671741768,0.0003,0.2567636668682098,2.5,True,0,2026-07-29T07:56:35,Graph WaveNet
47,0.0994350677826902,0.0904596919951203,0.0003,0.2632883489131927,2.6,True,0,2026-07-29T07:56:37,Graph WaveNet
48,0.0993912655082377,0.0911774858013614,0.0003,0.3160987794399261,2.6,False,1,2026-07-29T07:56:40,Graph WaveNet
49,0.0991743821200433,0.0909563205972477,0.0003,0.2261703163385391,2.5,False,2,2026-07-29T07:56:43,Graph WaveNet
50,0.0993542084163361,0.0905620126196971,0.0003,0.309903472661972,2.5,False,3,2026-07-29T07:56:45,Graph WaveNet
51,0.0991504730431588,0.0903973078334724,0.0003,0.3155429363250732,2.5,True,0,2026-07-29T07:56:48,Graph WaveNet
52,0.099016913149383,0.0901925241636051,0.0003,0.3164269924163818,2.5,True,0,2026-07-29T07:56:51,Graph WaveNet
53,0.0990679049229883,0.0899949248593587,0.0003,0.3729400038719177,2.6,True,0,2026-07-29T07:56:53,Graph WaveNet
54,0.0990339268531118,0.0900371140994868,0.0003,0.3891271650791168,2.6,False,1,2026-07-29T07:56:56,Graph WaveNet
55,0.0992585457779549,0.0900896465467227,0.0003,0.3725688755512237,2.5,False,2,2026-07-29T07:56:58,Graph WaveNet
56,0.0986656888009427,0.0897923947035611,0.0003,0.2845419347286224,2.5,True,0,2026-07-29T07:57:01,Graph WaveNet
57,0.0985167508760651,0.0894861574192623,0.0003,0.4051580727100372,2.6,True,0,2026-07-29T07:57:04,Graph WaveNet
58,0.0985067453685697,0.0901664452893393,0.0003,0.2789040505886078,2.5,False,1,2026-07-29T07:57:06,Graph WaveNet
59,0.0981958479671687,0.0895101373994743,0.0003,0.2150183022022247,2.6,False,2,2026-07-29T07:57:09,Graph WaveNet
60,0.0982934012517824,0.0893221931879992,0.0003,0.2541456818580627,2.5,True,0,2026-07-29T07:57:11,Graph WaveNet
61,0.0981358292011114,0.0897270935986723,0.0003,0.2648574411869049,2.5,False,1,2026-07-29T07:57:14,Graph WaveNet
62,0.0982698812753289,0.0893560887447425,0.0003,0.3737737834453583,2.5,False,2,2026-07-29T07:57:17,Graph WaveNet
63,0.0985266128575408,0.0895351198512119,0.0003,0.4255580902099609,2.5,False,3,2026-07-29T07:57:19,Graph WaveNet
64,0.0979483167221258,0.0893431373022414,0.0003,0.3516951203346252,2.6,False,4,2026-07-29T07:57:22,Graph WaveNet
65,0.0983783841788113,0.089605393399904,0.0003,0.4255308806896209,2.6,False,5,2026-07-29T07:57:25,Graph WaveNet
66,0.0979050671170046,0.0890673701497879,0.0003,0.3760335445404053,2.6,True,0,2026-07-29T07:57:27,Graph WaveNet
67,0.0982008002125299,0.0899906381145938,0.0003,0.3507444858551025,2.5,False,1,2026-07-29T07:57:30,Graph WaveNet
68,0.0979865252152904,0.0893834385161216,0.0003,0.309184581041336,2.5,False,2,2026-07-29T07:57:32,Graph WaveNet
69,0.0976434735315186,0.0891298759360234,0.0003,0.2474762797355651,2.5,False,3,2026-07-29T07:57:35,Graph WaveNet
70,0.0976422071620658,0.0889533986183968,0.0003,0.2643608152866363,2.6,True,0,2026-07-29T07:57:38,Graph WaveNet
71,0.0975720418023539,0.0891740170645189,0.0003,0.231070801615715,2.5,False,1,2026-07-29T07:57:40,Graph WaveNet
72,0.0976973594708757,0.0890050405165651,0.0003,0.3155215978622436,2.5,False,2,2026-07-29T07:57:43,Graph WaveNet
73,0.0976860529446339,0.0889561999138894,0.0003,0.3256267607212066,2.5,False,3,2026-07-29T07:57:45,Graph WaveNet
74,0.0978795031924824,0.0888836620027547,0.0003,0.45437952876091,2.6,True,0,2026-07-29T07:57:48,Graph WaveNet
75,0.0974054516999276,0.0887180432513519,0.0003,0.2228356897830963,2.7,True,0,2026-07-29T07:57:51,Graph WaveNet
76,0.0973618041683029,0.0884867906979807,0.0003,0.2252466976642608,2.6,True,0,2026-07-29T07:57:53,Graph WaveNet
77,0.0974881858616084,0.0887136793807967,0.0003,0.3310951590538025,2.5,False,1,2026-07-29T07:57:56,Graph WaveNet
78,0.0971274257688731,0.0885557646116057,0.0003,0.2667982578277588,2.5,False,2,2026-07-29T07:57:59,Graph WaveNet
79,0.0971219944429921,0.0887644842758283,0.0003,0.3504565060138702,2.5,False,3,2026-07-29T07:58:01,Graph WaveNet
0,0.2761403192530621,0.2150146658276463,0.0003,0.0797076150774955,8.0,True,0,2026-07-29T07:58:11,AGCRN
1,0.2001217785444888,0.1620515832206705,0.0003,0.0697023719549179,8.8,True,0,2026-07-29T07:58:20,AGCRN
2,0.154143902184544,0.1304040098828928,0.0003,0.0801805481314659,7.6,True,0,2026-07-29T07:58:28,AGCRN
3,0.133397664964854,0.1197373664804867,0.0003,0.0441511198878288,8.8,True,0,2026-07-29T07:58:37,AGCRN
4,0.1256249072460027,0.1141470528647794,0.0003,0.0498343631625175,7.6,True,0,2026-07-29T07:58:44,AGCRN
5,0.1209469708931315,0.1102244984153862,0.0003,0.0439568907022476,8.3,True,0,2026-07-29T07:58:53,AGCRN
6,0.1173394581118782,0.1066954159229011,0.0003,0.0471788048744201,8.7,True,0,2026-07-29T07:59:01,AGCRN
7,0.1142410955258778,0.1045061685554273,0.0003,0.0404134504497051,7.4,True,0,2026-07-29T07:59:09,AGCRN
8,0.1115886166855529,0.1016157507323301,0.0003,0.0527949146926403,8.6,True,0,2026-07-29T07:59:17,AGCRN
9,0.1091596108052756,0.0987776089254971,0.0003,0.0385850965976715,7.5,True,0,2026-07-29T07:59:25,AGCRN
10,0.1072889507635609,0.096781866809169,0.0003,0.0460612289607524,8.6,True,0,2026-07-29T07:59:34,AGCRN
11,0.1054680069724282,0.0949504559266043,0.0003,0.0453453622758388,8.2,True,0,2026-07-29T07:59:42,AGCRN
12,0.1038669579631679,0.0941359408936657,0.0003,0.057851418852806,8.2,True,0,2026-07-29T07:59:50,AGCRN
13,0.1023764429184106,0.0928389255243998,0.0003,0.0539521425962448,8.5,True,0,2026-07-29T07:59:59,AGCRN
14,0.1012524872363268,0.0917747626592824,0.0003,0.0664581060409545,7.8,True,0,2026-07-29T08:00:07,AGCRN
15,0.1001663958960837,0.0911687920791107,0.0003,0.0564131177961826,8.5,True,0,2026-07-29T08:00:15,AGCRN
16,0.0991027715605693,0.0891479668053951,0.0003,0.0521673969924449,8.2,True,0,2026-07-29T08:00:23,AGCRN
17,0.0982076830097607,0.0882637444678898,0.0003,0.0573962926864624,8.0,True,0,2026-07-29T08:00:31,AGCRN
18,0.0972305061725469,0.0877153878765446,0.0003,0.0488743670284748,8.5,True,0,2026-07-29T08:00:40,AGCRN
19,0.0965960434832415,0.0872745178639888,0.0003,0.077329121530056,7.4,True,0,2026-07-29T08:00:47,AGCRN
20,0.095899326640826,0.0864852925168944,0.0003,0.0632003843784332,8.6,True,0,2026-07-29T08:00:56,AGCRN
21,0.0950856967777996,0.0860440206642334,0.0003,0.0577866211533546,7.9,True,0,2026-07-29T08:01:04,AGCRN
22,0.0944925030017947,0.0843724833985606,0.0003,0.069213718175888,8.1,True,0,2026-07-29T08:01:12,AGCRN
23,0.0938704392248457,0.0854004157277254,0.0003,0.0763750150799751,8.5,False,1,2026-07-29T08:01:21,AGCRN
24,0.09335948405685,0.0839531531373223,0.0003,0.0827072113752365,7.8,True,0,2026-07-29T08:01:28,AGCRN
25,0.0928104727150319,0.0833582474471448,0.0003,0.0838118121027946,8.7,True,0,2026-07-29T08:01:37,AGCRN
26,0.0921897495185935,0.0824860230006359,0.0003,0.0889051482081413,7.5,True,0,2026-07-29T08:01:45,AGCRN
27,0.0916846928033199,0.08150012668345,0.0003,0.0724782273173332,8.3,True,0,2026-07-29T08:01:53,AGCRN
28,0.0912461993786004,0.0819510400786504,0.0003,0.0872652530670166,8.4,False,1,2026-07-29T08:02:02,AGCRN
29,0.0907360026142099,0.0807663083567724,0.0003,0.0863852351903915,7.7,True,0,2026-07-29T08:02:09,AGCRN
30,0.0901058984326792,0.0810676029586529,0.0003,0.1221184059977531,8.6,False,1,2026-07-29T08:02:18,AGCRN
31,0.0897737728534164,0.0797289530490781,0.0003,0.0923019796609878,7.8,True,0,2026-07-29T08:02:26,AGCRN
32,0.0892440680946622,0.0793500534453234,0.0003,0.0904687941074371,8.6,True,0,2026-07-29T08:02:34,AGCRN
33,0.0888501214948329,0.0788975326487651,0.0003,0.1238510981202125,8.0,True,0,2026-07-29T08:02:42,AGCRN
34,0.0886569499478235,0.0796138804692488,0.0003,0.1600299477577209,8.2,False,1,2026-07-29T08:02:51,AGCRN
35,0.0882387663800637,0.0783711505214591,0.0003,0.0914042964577674,8.9,True,0,2026-07-29T08:03:00,AGCRN
36,0.0879831192748887,0.07845106741393,0.0003,0.1215128600597381,7.5,False,1,2026-07-29T08:03:07,AGCRN
37,0.087424235684531,0.0782818020126976,0.0003,0.1466077864170074,8.7,True,0,2026-07-29T08:03:16,AGCRN
38,0.0871641838288569,0.0790727684212909,0.0003,0.1203351244330406,7.7,False,1,2026-07-29T08:03:24,AGCRN
39,0.0869284865784121,0.0774642019072076,0.0003,0.1204538866877555,8.2,True,0,2026-07-29T08:03:32,AGCRN
40,0.0865246354387356,0.077044808275097,0.0003,0.1142544969916343,8.5,True,0,2026-07-29T08:03:41,AGCRN
41,0.0865619036195042,0.0768103751425559,0.0003,0.1566632688045501,7.7,True,0,2026-07-29T08:03:48,AGCRN
42,0.0862613088973276,0.0771220576140906,0.0003,0.1076070442795753,8.7,False,1,2026-07-29T08:03:57,AGCRN
43,0.0859831178417572,0.0769722356491691,0.0003,0.1301529556512832,7.5,False,2,2026-07-29T08:04:05,AGCRN
44,0.0858007765897027,0.0771095614757511,0.0003,0.2811578214168548,8.6,False,3,2026-07-29T08:04:13,AGCRN
45,0.0856516474878395,0.0767531521045244,0.0003,0.1222477480769157,8.9,True,0,2026-07-29T08:04:22,AGCRN
46,0.0853785621268408,0.0767315832877552,0.0003,0.1068472489714622,7.4,True,0,2026-07-29T08:04:30,AGCRN
47,0.0853390586572689,0.0765205629497439,0.0003,0.1460395604372024,8.6,True,0,2026-07-29T08:04:39,AGCRN
48,0.0851569119226801,0.077462012050571,0.0003,0.1396222114562988,7.5,False,1,2026-07-29T08:04:46,AGCRN
49,0.0850414604112342,0.0773661464125245,0.0003,0.1646094471216201,8.4,False,2,2026-07-29T08:04:55,AGCRN
50,0.0850948856099621,0.076413776479907,0.0003,0.1972751170396804,8.5,True,0,2026-07-29T08:05:03,AGCRN
51,0.0852135567055953,0.07559683530049,0.0003,0.190102607011795,7.8,True,0,2026-07-29T08:05:11,AGCRN
52,0.0844841403129336,0.0757179067030057,0.0003,0.1069051399827003,8.5,False,1,2026-07-29T08:05:19,AGCRN
53,0.0844426056022172,0.0770441609752047,0.0003,0.2249141484498977,7.7,False,2,2026-07-29T08:05:27,AGCRN
54,0.0844593483504358,0.0756831315274422,0.0003,0.1468030959367752,8.6,False,3,2026-07-29T08:05:36,AGCRN
55,0.0843483949755574,0.075561136662305,0.0003,0.2474002391099929,8.2,True,0,2026-07-29T08:05:44,AGCRN
56,0.0842494041218862,0.0757598598170411,0.0003,0.2102687507867813,7.8,False,1,2026-07-29T08:05:52,AGCRN
57,0.0839625545419179,0.0755363595518437,0.0003,0.1103832721710205,8.9,True,0,2026-07-29T08:06:01,AGCRN
58,0.0840571176383521,0.076405800469629,0.0003,0.1378276646137237,7.7,False,1,2026-07-29T08:06:09,AGCRN
59,0.0839090219238302,0.0750421832551013,0.0003,0.2019078880548477,8.6,True,0,2026-07-29T08:06:17,AGCRN
60,0.0836933644918295,0.0747996502361454,0.0003,0.1555760651826858,8.0,True,0,2026-07-29T08:06:25,AGCRN
61,0.0837221487865343,0.0770543545566417,0.0003,0.1742019951343536,8.0,False,1,2026-07-29T08:06:34,AGCRN
62,0.0840522911522414,0.0750356228141994,0.0003,0.239771082997322,8.5,False,2,2026-07-29T08:06:42,AGCRN
63,0.083569907765467,0.0755355524738411,0.0003,0.1707331985235214,7.6,False,3,2026-07-29T08:06:50,AGCRN
64,0.0836263965774368,0.0745425571861502,0.0003,0.1588455289602279,8.6,True,0,2026-07-29T08:06:58,AGCRN
65,0.0832705019103301,0.0755144232413271,0.0003,0.1273257136344909,7.7,False,1,2026-07-29T08:07:06,AGCRN
66,0.0833562365436292,0.0750684308727364,0.0003,0.2119438350200653,8.4,False,2,2026-07-29T08:07:15,AGCRN
67,0.0832637844177392,0.0756425223016476,0.0003,0.3319076299667358,8.6,False,3,2026-07-29T08:07:23,AGCRN
68,0.0834539399860979,0.0749152956509983,0.0003,0.2543280720710754,7.5,False,4,2026-07-29T08:07:31,AGCRN
69,0.0829946118560466,0.0752766819691265,0.0003,0.2263766527175903,8.5,False,5,2026-07-29T08:07:39,AGCRN
70,0.0829784089228609,0.0747480730188416,0.0003,0.1733223050832748,7.4,False,6,2026-07-29T08:07:47,AGCRN
71,0.0828572942824154,0.0761280558839604,0.00015,0.1500823497772216,8.5,False,7,2026-07-29T08:07:55,AGCRN
72,0.082487224812036,0.0739879418205428,0.00015,0.126340851187706,8.1,True,0,2026-07-29T08:08:03,AGCRN
73,0.0824990368970147,0.0744199591514828,0.00015,0.1900165826082229,7.9,False,1,2026-07-29T08:08:11,AGCRN
74,0.0824124523080312,0.0747272529444851,0.00015,0.1729539632797241,8.9,False,2,2026-07-29T08:08:20,AGCRN
75,0.0824057038504998,0.0742101880138392,0.00015,0.1392608880996704,7.4,False,3,2026-07-29T08:08:28,AGCRN
76,0.082355900469062,0.0740767170439709,0.00015,0.1608772873878479,8.7,False,4,2026-07-29T08:08:37,AGCRN
77,0.082314427786476,0.0742886215039007,0.00015,0.1534233391284942,7.8,False,5,2026-07-29T08:08:44,AGCRN
78,0.0822770098081001,0.0743180193252616,0.00015,0.1934264600276947,8.3,False,6,2026-07-29T08:08:53,AGCRN
79,0.0822865371029455,0.0749453362691533,7.5e-05,0.1570337861776352,8.5,False,7,2026-07-29T08:09:01,AGCRN
0,0.202123800935326,0.1361209661341638352003,0.3163448572158813,4.4,True,0,2026-07-29T08:09:08,TGALSTM
1,0.1342907933415947,0.1144815353001212,0.0003,0.2860515713691711,4.4,True,0,2026-07-29T08:09:12,TGALSTM
2,0.1245033292488737,0.1090995991541134,0.0003,0.2702651619911194,4.4,True,0,2026-07-29T08:09:16,TGALSTM
3,0.1213022091559001,0.1085086968000773,0.0003,0.2235563695430755,4.4,True,0,2026-07-29T08:09:21,TGALSTM
4,0.1190046601570569,0.1049738060887698,0.0003,0.2382290214300155,4.4,True,0,2026-07-29T08:09:25,TGALSTM
5,0.1171899334578723,0.1038352190465717,0.0003,0.2423825711011886,4.4,True,0,2026-07-29T08:09:30,TGALSTM
6,0.1163429560078369,0.1041881197265216,0.0003,0.2856549024581909,4.3,False,1,2026-07-29T08:09:34,TGALSTM
7,0.1154032472562004,0.1021222903669535,0.0003,0.2156569063663482,4.3,True,0,2026-07-29T08:09:38,TGALSTM
8,0.1142467929111732,0.10110027383972,0.0003,0.2080731689929962,4.3,True,0,2026-07-29T08:09:43,TGALSTM
9,0.1133523672982886,0.0999082776380109,0.0003,0.2203814834356308,4.3,True,0,2026-07-29T08:09:47,TGALSTM
10,0.1128363698065935,0.1011826310020226,0.0003,0.2634309828281402,4.2,False,1,2026-07-29T08:09:51,TGALSTM
11,0.1121517198262633,0.0986876082043726,0.0003,0.1940113455057144,4.3,True,0,2026-07-29T08:09:56,TGALSTM
12,0.1117119816633371,0.0999867226723786,0.0003,0.2311544120311737,4.2,False,1,2026-07-29T08:10:00,TGALSTM
13,0.1111880393637405,0.0986856466548128,0.0003,0.3277178108692169,4.2,True,0,2026-07-29T08:10:04,TGALSTM
14,0.11035720709261,0.0979275393535147,0.0003,0.1915716528892517,4.3,True,0,2026-07-29T08:10:09,TGALSTM
15,0.1107977557313311,0.0973964875952883,0.0003,0.2294380962848663,4.3,True,0,2026-07-29T08:10:13,TGALSTM
16,0.1095651195763231,0.0974244720988221,0.0003,0.1895235627889633,4.2,False,1,2026-07-29T08:10:17,TGALSTM
17,0.1093681202976258,0.0973092155469642,0.0003,0.2128666192293167,4.3,True,0,2026-07-29T08:10:22,TGALSTM
18,0.1090514930558728,0.0974661787296389,0.0003,0.2056794166564941,4.2,False,1,2026-07-29T08:10:26,TGALSTM
19,0.1086871455495174,0.0983525821632081,0.0003,0.2091636061668396,4.2,False,2,2026-07-29T08:10:30,TGALSTM
20,0.1084733859687061,0.0956577835502205,0.0003,0.2097191661596298,4.3,True,0,2026-07-29T08:10:35,TGALSTM
21,0.1078251692456203,0.0957183412961907,0.0003,0.2166985273361206,4.3,False,1,2026-07-29T08:10:39,TGALSTM
22,0.1080295326454298,0.0955263797889699,0.0003,0.2636688351631164,4.3,True,0,2026-07-29T08:10:43,TGALSTM
23,0.1076994754455901,0.0960153317549726,0.0003,0.303550660610199,4.2,False,1,2026-07-29T08:10:48,TGALSTM
24,0.1072884261771872,0.0969462889236408,0.0003,0.2757296562194824,4.3,False,2,2026-07-29T08:10:52,TGALSTM
25,0.107166323016633,0.095423626007287,0.0003,0.2373743802309036,4.3,True,0,2026-07-29T08:10:56,TGALSTM
26,0.106671390395898,0.0941024144272227,0.0003,0.2181703299283981,4.3,True,0,2026-07-29T08:11:01,TGALSTM
27,0.106431815797811,0.0942068925270667,0.0003,0.1844425648450851,4.3,False,1,2026-07-29T08:11:05,TGALSTM
28,0.1062218958204919,0.0950232470756048,0.0003,0.2622601687908172,4.3,False,2,2026-07-29T08:11:09,TGALSTM
29,0.1063850176694629,0.0950392398287306,0.0003,0.2278286665678024,4.2,False,3,2026-07-29T08:11:14,TGALSTM
30,0.1060091656315457,0.0968257495417044,0.0003,0.2655489146709442,4.2,False,4,2026-07-29T08:11:18,TGALSTM
31,0.1061034667295414,0.0931906928154793,0.0003,0.2629940807819366,4.3,True,0,2026-07-29T08:11:22,TGALSTM
32,0.1053335996938275,0.0930849054193758,0.0003,0.2308483123779297,4.3,True,0,2026-07-29T08:11:27,TGALSTM
33,0.1055172699329617,0.0944086633786395,0.0003,0.3371123075485229,4.2,False,1,2026-07-29T08:11:31,TGALSTM
34,0.1055100676613849,0.0943031155473583,0.0003,0.2255680859088897,4.3,False,2,2026-07-29T08:11:35,TGALSTM
35,0.1051471267918964,0.0956342470023658,0.0003,0.2705920934677124,4.2,False,3,2026-07-29T08:11:40,TGALSTM
36,0.104948747911296,0.0928841356474619,0.0003,0.2307625710964203,4.3,True,0,2026-07-29T08:11:44,TGALSTM
37,0.1047324881285101,0.093300492308297,0.0003,0.2492209672927856,4.3,False,1,2026-07-29T08:11:48,TGALSTM
38,0.1045971326120607,0.0952728578186297,0.0003,0.2105137556791305,4.2,False,2,2026-07-29T08:11:53,TGALSTM
39,0.1048282021349603,0.0927208857303792,0.0003,0.2438057214021682,4.3,True,0,2026-07-29T08:11:57,TGALSTM
40,0.104373008946141,0.0923524371215275,0.0003,0.3070058524608612,4.3,True,0,2026-07-29T08:12:01,TGALSTM
41,0.1043327873388489,0.0923685268959501,0.0003,0.2150230407714843,4.2,False,1,2026-07-29T08:12:06,TGALSTM
42,0.1041243825476248,0.0923702269383184,0.0003,0.2573135197162628,4.2,False,2,2026-07-29T08:12:10,TGALSTM
43,0.1037629247039229,0.0929173409611314,0.0003,0.2626557052135467,4.2,False,3,2026-07-29T08:12:14,TGALSTM
44,0.1037724957033828,0.093344282399822,0.0003,0.3179829716682434,4.3,False,4,2026-07-29T08:12:18,TGALSTM
45,0.1034559060584057,0.0932138470503,0.0003,0.2484014481306076,4.2,False,5,2026-07-29T08:12:23,TGALSTM
46,0.1031368559042176,0.0932964066473337,0.0003,0.2319439351558685,4.2,False,6,2026-07-29T08:12:27,TGALSTM
47,0.1037376542995264,0.0919985183320202,0.0003,0.2858794331550598,4.3,True,0,2026-07-29T08:12:31,TGALSTM
48,0.1030936188095218,0.091908763725679,0.0003,0.2084373384714126,4.3,True,0,2026-07-29T08:12:36,TGALSTM
49,0.1031869188114837,0.0920620190573262,0.0003,0.2334846258163452,4.2,False,1,2026-07-29T08:12:40,TGALSTM
50,0.1028923515435103,0.0915283951294291,0.0003,0.2613894343376159,4.3,True,0,2026-07-29T08:12:44,TGALSTM
51,0.1030961069104435,0.0916831872047303,0.0003,0.3121697306632995,4.2,False,1,2026-07-29T08:12:49,TGALSTM
52,0.1026783261325333,0.0906398250506474,0.0003,0.2064467966556549,4.3,True,0,2026-07-29T08:12:53,TGALSTM
53,0.1025149853347422,0.0912434087431692,0.0003,0.2643439173698425,4.2,False,1,2026-07-29T08:12:57,TGALSTM
54,0.1025656061676832,0.0921462520875118,0.0003,0.253750592470169,4.3,False,2,2026-07-29T08:13:02,TGALSTM
55,0.1026851206526651,0.0914270443493848,0.0003,0.3614805936813354,4.2,False,3,2026-07-29T08:13:06,TGALSTM
56,0.1022540600908981,0.0925480178096792,0.0003,0.2321263998746872,4.2,False,4,2026-07-29T08:13:10,TGALSTM
57,0.1021562072438198,0.0905387071217154,0.0003,0.2862089574337005,4.3,True,0,2026-07-29T08:13:15,TGALSTM
58,0.1021569306378836,0.0923106162757664,0.0003,0.2345905900001526,4.2,False,1,2026-07-29T08:13:19,TGALSTM
59,0.1018647201441146,0.0897367515979887,0.0003,0.2483465522527694,4.3,True,0,2026-07-29T08:13:23,TGALSTM
60,0.1019759457844954,0.0913991103214877,0.0003,0.3461051285266876,4.3,False,1,2026-07-29T08:13:28,TGALSTM
61,0.1016962541164932,0.0908891394079386,0.0003,0.3140343427658081,4.2,False,2,2026-07-29T08:13:32,TGALSTM
62,0.1019450706112515,0.0909217944430126,0.0003,0.2856717705726623,4.2,False,3,2026-07-29T08:13:36,TGALSTM
63,0.1014788160939793,0.090794636693957,0.0003,0.2707315981388092,4.3,False,4,2026-07-29T08:13:41,TGALSTM
64,0.1013942595039095,0.090663294584214,0.0003,0.2217099666595459,4.3,False,5,2026-07-29T08:13:45,TGALSTM
65,0.1016537210607266,0.0912863061159521,0.0003,0.2590633630752563,4.2,False,6,2026-07-29T08:13:49,TGALSTM
66,0.1013731909813461,0.0899292416051849,0.00015,0.253887414932251,4.2,False,7,2026-07-29T08:13:54,TGALSTM
67,0.1005849068636422,0.0899309720639344,0.00015,0.3500877022743225,4.3,False,8,2026-07-29T08:13:58,TGALSTM
68,0.1004084873494211,0.089340169760552,0.00015,0.2691470980644226,4.3,True,0,2026-07-29T08:14:02,TGALSTM
69,0.1003310698401797,0.0890775110859137,0.00015,0.2663742005825043,4.3,True,0,2026-07-29T08:14:07,TGALSTM
70,0.100308160156339,0.0894802063294164,0.00015,0.2305434793233871,4.3,False,1,2026-07-29T08:14:11,TGALSTM
71,0.1001689994728172,0.0896859280765056,0.00015,0.261471688747406,4.2,False,2,2026-07-29T08:14:15,TGALSTM
72,0.1003003750692357,0.0897182529116724,0.00015,0.2350703626871109,4.2,False,3,2026-07-29T08:14:20,TGALSTM
73,0.1004048434915123,0.0893639137784203,0.00015,0.3785887360572815,4.3,False,4,2026-07-29T08:14:24,TGALSTM
74,0.1002094960147207,0.0895860072757516,0.00015,0.2488697618246078,4.2,False,5,2026-07-29T08:14:28,TGALSTM
75,0.1000559316559152,0.0895693228058107,0.00015,0.2707734405994415,4.2,False,6,2026-07-29T08:14:32,TGALSTM
76,0.1003617290612105,0.0895024323938312,7.5e-05,0.3103004992008209,4.3,False,7,2026-07-29T08:14:37,TGALSTM
77,0.0996234126307152,0.0890821525110648,7.5e-05,0.2655900716781616,4.3,False,8,2026-07-29T08:14:41,TGALSTM
78,0.0995760233028904,0.0888761826023295,7.5e-05,0.307781845331192,4.3,True,0,2026-07-29T08:14:45,TGALSTM
79,0.0994728264081609,0.0893081139650318,7.5e-05,0.2195262908935547,4.3,False,1,2026-07-29T08:14:50,TGALSTM
0,0.2357813957628313,0.2214343687007715,0.0003,0.3900350928306579,15.9,True,0,2026-07-30T12:55:41,TDAG-Net (persona-split)
1,0.1720846081828023,0.1438189957823072,0.0003,0.5966722965240479,14.0,True,0,2026-07-30T12:55:55,TDAG-Net (persona-split)
2,0.1494896252404202,0.1318875626548306,0.0003,0.5837326049804688,14.3,True,0,2026-07-30T12:56:09,TDAG-Net (persona-split)
3,0.1410799445359261,0.1243010525192533,0.0003,0.4905256032943725,14.7,True,0,2026-07-30T12:56:24,TDAG-Net (persona-split)
4,0.1370805083722858,0.1214805194637277,0.0003,0.563458263874054,15.0,True,0,2026-07-30T12:56:39,TDAG-Net (persona-split)
5,0.1332328814071613,0.1217879164186152,0.0003,0.4325552880764007,15.5,False,1,2026-07-30T12:56:55,TDAG-Net (persona-split)
6,0.131657037793935,0.122471272945404,0.0003,0.449666678905487,15.0,False,2,2026-07-30T12:57:10,TDAG-Net (persona-split)
7,0.1303355715104512,0.1189716248721866,0.0003,0.5719364881515503,14.9,True,0,2026-07-30T12:57:25,TDAG-Net (persona-split)
8,0.1283095579880934,0.1165900552174547,0.0003,0.5501405596733093,14.8,True,0,2026-07-30T12:57:40,TDAG-Net (persona-split)
9,0.1268208001341138,0.1132427802780172,0.0003,0.5118920207023621,14.9,True,0,2026-07-30T12:57:55,TDAG-Net (persona-split)
10,0.1256491951235048,0.1156673209516556,0.0003,0.4889285564422607,14.9,False,1,2026-07-30T12:58:10,TDAG-Net (persona-split)
11,0.1254877266961161,0.1180148584829582,0.0003,0.4964341819286346,9.9,False,2,2026-07-30T13:02:23,TDAG-Net (persona-split)
12,0.1239214496625648,0.1152902779343364,0.0003,0.3266747295856476,14.1,False,3,2026-07-30T13:02:37,TDAG-Net (persona-split)
13,0.1236909791008456,0.1159445963554329,0.0003,0.4405974745750427,14.0,False,4,2026-07-30T13:02:51,TDAG-Net (persona-split)
14,0.1221284548332403,0.1139789652693402,0.0003,0.3747884035110473,14.2,False,5,2026-07-30T13:03:06,TDAG-Net (persona-split)
15,0.1223433316572681,0.1104112783303627,0.0003,0.556614339351654,14.5,True,0,2026-07-30T13:03:20,TDAG-Net (persona-split)
16,0.1210414823103737,0.1082239534992438,0.0003,0.4319327175617218,14.7,True,0,2026-07-30T13:03:35,TDAG-Net (persona-split)
17,0.1201286846464806,0.1086087473309957,0.0003,0.3713993728160858,14.9,False,1,2026-07-30T13:03:50,TDAG-Net (persona-split)
18,0.1206032285814757,0.1094936193018169,0.0003,0.5444158911705017,16.2,False,2,2026-07-30T13:04:07,TDAG-Net (persona-split)
19,0.1197210035972542,0.1073061814838713,0.0003,0.3926661014556885,15.5,True,0,2026-07-30T13:04:22,TDAG-Net (persona-split)
20,0.1184129996614141,0.1062117108440661,0.0003,0.3594025373458862,15.6,True,0,2026-07-30T13:04:38,TDAG-Net (persona-split)
21,0.1183901293428389,0.1067061805790597,0.0003,0.4316816926002502,15.1,False,1,2026-07-30T13:04:53,TDAG-Net (persona-split)
22,0.1183463575420798,0.1076448802109603,0.0003,0.4044094681739807,14.9,False,2,2026-07-30T13:05:08,TDAG-Net (persona-split)
23,0.1175478489516855,0.1060345710797624,0.0003,0.4315097033977508,15.1,True,0,2026-07-30T13:05:23,TDAG-Net (persona-split)
24,0.1167877649049182,0.1068844494747591,0.0003,0.3264117240905761,15.2,False,1,2026-07-30T13:05:38,TDAG-Net (persona-split)
25,0.1162484015573512,0.1049723854841111,0.0003,0.4493168592453003,15.3,True,0,2026-07-30T13:05:54,TDAG-Net (persona-split)
26,0.116500055871822,0.1063930504433401,0.0003,0.373699426651001,15.2,False,1,2026-07-30T13:06:09,TDAG-Net (persona-split)
27,0.1155336995209966,0.1061251928190608,0.0003,0.3793363869190216,15.1,False,2,2026-07-30T13:06:24,TDAG-Net (persona-split)
28,0.1160262563726404,0.1051453172669305,0.0003,0.6763709783554077,15.1,False,3,2026-07-30T13:06:40,TDAG-Net (persona-split)
29,0.1150656966717688,0.1036008119091882,0.0003,0.3884742558002472,15.2,True,0,2026-07-30T13:06:55,TDAG-Net (persona-split)
30,0.1145850566553545,0.1034062767585555,0.0003,0.3470502495765686,15.2,True,0,2026-07-30T13:07:10,TDAG-Net (persona-split)
31,0.1146513613534497,0.1036341358180884,0.0003,0.3255191743373871,15.2,False,1,2026-07-30T13:07:25,TDAG-Net (persona-split)
32,0.1148877821638432,0.1040481360076547,0.0003,0.4546861350536346,11.1,False,2,2026-07-30T14:16:46,TDAG-Net (persona-split)
33,0.1137525297783233,0.1027877220249438,0.0003,0.3178861141204834,13.9,True,0,2026-07-30T14:17:00,TDAG-Net (persona-split)
34,0.1139274505796013,0.1025350262503047,0.0003,0.3369856774806976,13.9,True,0,2026-07-30T14:17:14,TDAG-Net (persona-split)
35,0.1133983448475271,0.1041656145518952,0.0003,0.4162558615207672,14.0,False,1,2026-07-30T14:17:28,TDAG-Net (persona-split)
36,0.1135569107565251,0.1027499405810466,0.0003,0.412975400686264,14.2,False,2,2026-07-30T14:17:42,TDAG-Net (persona-split)
37,0.1128953632581365,0.1017296159906046,0.0003,0.3614125847816467,14.5,True,0,2026-07-30T14:17:57,TDAG-Net (persona-split)
38,0.1128694475352109,0.1020003072508088,0.0003,0.3362948894500732,14.7,False,1,2026-07-30T14:18:12,TDAG-Net (persona-split)
39,0.1127991163468623,0.1026055567212157,0.0003,0.3732703626155853,14.9,False,2,2026-07-30T14:18:27,TDAG-Net (persona-split)
40,0.1125424719773806,0.1023069550539111,0.0003,0.3664985001087188,15.1,False,3,2026-07-30T14:18:42,TDAG-Net (persona-split)
41,0.1121069166686508,0.1016606045784531,0.0003,0.3646507859230041,15.2,True,0,2026-07-30T14:18:57,TDAG-Net (persona-split)
42,0.1118498216946046,0.1008573172839133,0.0003,0.3780159652233124,14.9,True,0,2026-07-30T14:19:12,TDAG-Net (persona-split)
43,0.1113684227833381,0.1004591460984486,0.0003,0.3482804000377655,14.9,True,0,2026-07-30T14:19:27,TDAG-Net (persona-split)
44,0.1116960861034445,0.1002561743934075,0.0003,0.637570321559906,14.9,True,0,2026-07-30T14:19:42,TDAG-Net (persona-split)
45,0.1110895222687459,0.1012474281283525,0.0003,0.3029848337173462,15.0,False,1,2026-07-30T14:19:57,TDAG-Net (persona-split)
46,0.110829136463312,0.1061162350105715,0.0003,0.3623247146606445,15.0,False,2,2026-07-30T14:20:13,TDAG-Net (persona-split)
47,0.1107087770988653,0.0995056928841622,0.0003,0.4136745035648346,15.0,True,0,2026-07-30T14:20:28,TDAG-Net (persona-split)
48,0.1108788341611296,0.1003837354563094,0.0003,0.4019232094287872,14.9,False,1,2026-07-30T14:20:43,TDAG-Net (persona-split)
49,0.1110807851448163,0.0996383321317997,0.0003,0.3851548135280609,14.8,False,2,2026-07-30T14:20:58,TDAG-Net (persona-split)
50,0.1106504390527913,0.0998410376218649,0.0003,0.3934265077114105,14.9,False,3,2026-07-30T14:21:12,TDAG-Net (persona-split)
51,0.1101098940267667,0.1009344260443698,0.0003,0.3742985427379608,14.9,False,4,2026-07-30T14:21:27,TDAG-Net (persona-split)
52,0.1096422365733555,0.0990918390452861,0.0003,0.2438395619392395,15.0,True,0,2026-07-30T14:21:43,TDAG-Net (persona-split)
53,0.1095765642412416,0.1014573854895738,0.0003,0.3087248802185058,14.9,False,1,2026-07-30T14:21:58,TDAG-Net (persona-split)
54,0.1098560886559905,0.0983191662682936,0.0003,0.3848680853843689,15.0,True,0,2026-07-30T14:22:13,TDAG-Net (persona-split)
55,0.1099843543636929,0.0983377519872162,0.0003,0.4875703155994415,14.9,False,1,2026-07-30T14:22:28,TDAG-Net (persona-split)
56,0.1092741581928599,0.0979800731926174,0.0003,0.372689813375473,14.9,True,0,2026-07-30T14:22:43,TDAG-Net (persona-split)
57,0.1092909660149406,0.0979336201325877,0.0003,0.3919263482093811,14.9,True,0,2026-07-30T14:22:58,TDAG-Net (persona-split)
58,0.1091492114650024,0.0995944785875278,0.0003,0.3458955585956573,14.9,False,1,2026-07-30T14:23:13,TDAG-Net (persona-split)
59,0.108789703970427,0.0978093149324694,0.0003,0.3555155992507934,15.0,True,0,2026-07-30T14:23:28,TDAG-Net (persona-split)
60,0.1090603747210659,0.1067483723163604,0.0003,0.3845049440860748,14.9,False,1,2026-07-30T14:23:43,TDAG-Net (persona-split)
61,0.1090073934295675,0.0987411057883566,0.0003,0.5384203195571899,14.9,False,2,2026-07-30T14:23:58,TDAG-Net (persona-split)
62,0.1084556558138721,0.0971924556562533,0.0003,0.4020137786865234,15.0,True,0,2026-07-30T14:24:13,TDAG-Net (persona-split)
63,0.1083732257505039,0.1013192931538099,0.0003,0.3457607924938202,14.9,False,1,2026-07-30T14:24:28,TDAG-Net (persona-split)
64,0.1081591948375597,0.0975543637197096,0.0003,0.3842430114746094,14.9,False,2,2026-07-30T14:24:43,TDAG-Net (persona-split)
65,0.1082497690896411,0.0977102413282289,0.0003,0.4036887884140014,14.9,False,3,2026-07-30T14:24:57,TDAG-Net (persona-split)
66,0.1083886464873513,0.0979004906756537,0.0003,0.3812824785709381,14.8,False,4,2026-07-30T14:25:12,TDAG-Net (persona-split)
67,0.1076699701639322,0.0968286215767755,0.0003,0.3608811795711517,14.9,True,0,2026-07-30T14:25:27,TDAG-Net (persona-split)
68,0.1081290576811675,0.097945005602234,0.0003,0.3810323774814605,14.9,False,1,2026-07-30T14:25:42,TDAG-Net (persona-split)
69,0.1075871215744333,0.097633309662342,0.0003,0.3388343453407287,14.9,False,2,2026-07-30T14:25:57,TDAG-Net (persona-split)
70,0.1077323061751795,0.0975373436052065,0.0003,0.4101944863796234,14.9,False,3,2026-07-30T14:26:12,TDAG-Net (persona-split)
71,0.1071051492304592,0.096059170029648,0.0003,0.308617889881134,14.9,True,0,2026-07-30T14:26:27,TDAG-Net (persona-split)
72,0.1074378932897861,0.0962204918838464,0.0003,0.48206627368927,14.9,False,1,2026-07-30T14:26:42,TDAG-Net (persona-split)
73,0.1070620405149983,0.0958376966089337,0.0003,0.4225373566150665,15.0,True,0,2026-07-30T14:26:57,TDAG-Net (persona-split)
74,0.1068995856976771,0.0959571131228745,0.0003,0.3549028933048248,14.9,False,1,2026-07-30T14:27:12,TDAG-Net (persona-split)
75,0.1069976448030262,0.0969689453614282,0.0003,0.4596014320850372,14.9,False,2,2026-07-30T14:27:27,TDAG-Net (persona-split)
76,0.1067530887958767,0.096401050973397,0.0003,0.358513206243515,14.9,False,3,2026-07-30T14:27:42,TDAG-Net (persona-split)
77,0.1069768240327363,0.0961221732035443,0.0003,0.4082942903041839,14.9,False,4,2026-07-30T14:27:57,TDAG-Net (persona-split)
78,0.10660823567228,0.0958210711295788,0.0003,0.3070087134838104,15.0,True,0,2026-07-30T14:28:12,TDAG-Net (persona-split)
79,0.1061613697927076,0.096063858450769,0.0003,0.3877164423465729,14.9,False,1,2026-07-30T14:28:27,TDAG-Net (persona-split)
0,0.2357813957628313,0.2214343687007715,0.0003,0.3900350928306579,15.9,True,0,2026-07-30T12:55:41,TDAG-Net (persona-split)
1,0.1720846081828023,0.1438189957823072,0.0003,0.5966722965240479,14.0,True,0,2026-07-30T12:55:55,TDAG-Net (persona-split)
2,0.1494896252404202,0.1318875626548306,0.0003,0.5837326049804688,14.3,True,0,2026-07-30T12:56:09,TDAG-Net (persona-split)
3,0.1410799445359261,0.1243010525192533,0.0003,0.4905256032943725,14.7,True,0,2026-07-30T12:56:24,TDAG-Net (persona-split)
4,0.1370805083722858,0.1214805194637277,0.0003,0.563458263874054,15.0,True,0,2026-07-30T12:56:39,TDAG-Net (persona-split)
5,0.1332328814071613,0.1217879164186152,0.0003,0.4325552880764007,15.5,False,1,2026-07-30T12:56:55,TDAG-Net (persona-split)
6,0.131657037793935,0.122471272945404,0.0003,0.449666678905487,15.0,False,2,2026-07-30T12:57:10,TDAG-Net (persona-split)
7,0.1303355715104512,0.1189716248721866,0.0003,0.5719364881515503,14.9,True,0,2026-07-30T12:57:25,TDAG-Net (persona-split)
8,0.1283095579880934,0.1165900552174547,0.0003,0.5501405596733093,14.8,True,0,2026-07-30T12:57:40,TDAG-Net (persona-split)
9,0.1268208001341138,0.1132427802780172,0.0003,0.5118920207023621,14.9,True,0,2026-07-30T12:57:55,TDAG-Net (persona-split)
10,0.1256491951235048,0.1156673209516556,0.0003,0.4889285564422607,14.9,False,1,2026-07-30T12:58:10,TDAG-Net (persona-split)
11,0.1254877266961161,0.1180148584829582,0.0003,0.4964341819286346,9.9,False,2,2026-07-30T13:02:23,TDAG-Net (persona-split)
12,0.1239214496625648,0.1152902779343364,0.0003,0.3266747295856476,14.1,False,3,2026-07-30T13:02:37,TDAG-Net (persona-split)
13,0.1236909791008456,0.1159445963554329,0.0003,0.4405974745750427,14.0,False,4,2026-07-30T13:02:51,TDAG-Net (persona-split)
14,0.1221284548332403,0.1139789652693402,0.0003,0.3747884035110473,14.2,False,5,2026-07-30T13:03:06,TDAG-Net (persona-split)
15,0.1223433316572681,0.1104112783303627,0.0003,0.556614339351654,14.5,True,0,2026-07-30T13:03:20,TDAG-Net (persona-split)
16,0.1210414823103737,0.1082239534992438,0.0003,0.4319327175617218,14.7,True,0,2026-07-30T13:03:35,TDAG-Net (persona-split)
17,0.1201286846464806,0.1086087473309957,0.0003,0.3713993728160858,14.9,False,1,2026-07-30T13:03:50,TDAG-Net (persona-split)
18,0.1206032285814757,0.1094936193018169,0.0003,0.5444158911705017,16.2,False,2,2026-07-30T13:04:07,TDAG-Net (persona-split)
19,0.1197210035972542,0.1073061814838713,0.0003,0.3926661014556885,15.5,True,0,2026-07-30T13:04:22,TDAG-Net (persona-split)
20,0.1184129996614141,0.1062117108440661,0.0003,0.3594025373458862,15.6,True,0,2026-07-30T13:04:38,TDAG-Net (persona-split)
21,0.1183901293428389,0.1067061805790597,0.0003,0.4316816926002502,15.1,False,1,2026-07-30T13:04:53,TDAG-Net (persona-split)
22,0.1183463575420798,0.1076448802109603,0.0003,0.4044094681739807,14.9,False,2,2026-07-30T13:05:08,TDAG-Net (persona-split)
23,0.1175478489516855,0.1060345710797624,0.0003,0.4315097033977508,15.1,True,0,2026-07-30T13:05:23,TDAG-Net (persona-split)
24,0.1167877649049182,0.1068844494747591,0.0003,0.3264117240905761,15.2,False,1,2026-07-30T13:05:38,TDAG-Net (persona-split)
25,0.1162484015573512,0.1049723854841111,0.0003,0.4493168592453003,15.3,True,0,2026-07-30T13:05:54,TDAG-Net (persona-split)
26,0.116500055871822,0.1063930504433401,0.0003,0.373699426651001,15.2,False,1,2026-07-30T13:06:09,TDAG-Net (persona-split)
27,0.1155336995209966,0.1061251928190608,0.0003,0.3793363869190216,15.1,False,2,2026-07-30T13:06:24,TDAG-Net (persona-split)
28,0.1160262563726404,0.1051453172669305,0.0003,0.6763709783554077,15.1,False,3,2026-07-30T13:06:40,TDAG-Net (persona-split)
29,0.1150656966717688,0.1036008119091882,0.0003,0.3884742558002472,15.2,True,0,2026-07-30T13:06:55,TDAG-Net (persona-split)
30,0.1145850566553545,0.1034062767585555,0.0003,0.3470502495765686,15.2,True,0,2026-07-30T13:07:10,TDAG-Net (persona-split)
31,0.1146513613534497,0.1036341358180884,0.0003,0.3255191743373871,15.2,False,1,2026-07-30T13:07:25,TDAG-Net (persona-split)
32,0.1148877821638432,0.1040481360076547,0.0003,0.4546861350536346,11.1,False,2,2026-07-30T14:16:46,TDAG-Net (persona-split)
33,0.1137525297783233,0.1027877220249438,0.0003,0.3178861141204834,13.9,True,0,2026-07-30T14:17:00,TDAG-Net (persona-split)
34,0.1139274505796013,0.1025350262503047,0.0003,0.3369856774806976,13.9,True,0,2026-07-30T14:17:14,TDAG-Net (persona-split)
35,0.1133983448475271,0.1041656145518952,0.0003,0.4162558615207672,14.0,False,1,2026-07-30T14:17:28,TDAG-Net (persona-split)
36,0.1135569107565251,0.1027499405810466,0.0003,0.412975400686264,14.2,False,2,2026-07-30T14:17:42,TDAG-Net (persona-split)
37,0.1128953632581365,0.1017296159906046,0.0003,0.3614125847816467,14.5,True,0,2026-07-30T14:17:57,TDAG-Net (persona-split)
38,0.1128694475352109,0.1020003072508088,0.0003,0.3362948894500732,14.7,False,1,2026-07-30T14:18:12,TDAG-Net (persona-split)
39,0.1127991163468623,0.1026055567212157,0.0003,0.3732703626155853,14.9,False,2,2026-07-30T14:18:27,TDAG-Net (persona-split)
40,0.1125424719773806,0.1023069550539111,0.0003,0.3664985001087188,15.1,False,3,2026-07-30T14:18:42,TDAG-Net (persona-split)
41,0.1121069166686508,0.1016606045784531,0.0003,0.3646507859230041,15.2,True,0,2026-07-30T14:18:57,TDAG-Net (persona-split)
42,0.1118498216946046,0.1008573172839133,0.0003,0.3780159652233124,14.9,True,0,2026-07-30T14:19:12,TDAG-Net (persona-split)
43,0.1113684227833381,0.1004591460984486,0.0003,0.3482804000377655,14.9,True,0,2026-07-30T14:19:27,TDAG-Net (persona-split)
44,0.1116960861034445,0.1002561743934075,0.0003,0.637570321559906,14.9,True,0,2026-07-30T14:19:42,TDAG-Net (persona-split)
45,0.1110895222687459,0.1012474281283525,0.0003,0.3029848337173462,15.0,False,1,2026-07-30T14:19:57,TDAG-Net (persona-split)
46,0.110829136463312,0.1061162350105715,0.0003,0.3623247146606445,15.0,False,2,2026-07-30T14:20:13,TDAG-Net (persona-split)
47,0.1107087770988653,0.0995056928841622,0.0003,0.4136745035648346,15.0,True,0,2026-07-30T14:20:28,TDAG-Net (persona-split)
48,0.1108788341611296,0.1003837354563094,0.0003,0.4019232094287872,14.9,False,1,2026-07-30T14:20:43,TDAG-Net (persona-split)
49,0.1110807851448163,0.0996383321317997,0.0003,0.3851548135280609,14.8,False,2,2026-07-30T14:20:58,TDAG-Net (persona-split)
50,0.1106504390527913,0.0998410376218649,0.0003,0.3934265077114105,14.9,False,3,2026-07-30T14:21:12,TDAG-Net (persona-split)
51,0.1101098940267667,0.1009344260443698,0.0003,0.3742985427379608,14.9,False,4,2026-07-30T14:21:27,TDAG-Net (persona-split)
52,0.1096422365733555,0.0990918390452861,0.0003,0.2438395619392395,15.0,True,0,2026-07-30T14:21:43,TDAG-Net (persona-split)
53,0.1095765642412416,0.1014573854895738,0.0003,0.3087248802185058,14.9,False,1,2026-07-30T14:21:58,TDAG-Net (persona-split)
54,0.1098560886559905,0.0983191662682936,0.0003,0.3848680853843689,15.0,True,0,2026-07-30T14:22:13,TDAG-Net (persona-split)
55,0.1099843543636929,0.0983377519872162,0.0003,0.4875703155994415,14.9,False,1,2026-07-30T14:22:28,TDAG-Net (persona-split)
56,0.1092741581928599,0.0979800731926174,0.0003,0.372689813375473,14.9,True,0,2026-07-30T14:22:43,TDAG-Net (persona-split)
57,0.1092909660149406,0.0979336201325877,0.0003,0.3919263482093811,14.9,True,0,2026-07-30T14:22:58,TDAG-Net (persona-split)
58,0.1091492114650024,0.0995944785875278,0.0003,0.3458955585956573,14.9,False,1,2026-07-30T14:23:13,TDAG-Net (persona-split)
59,0.108789703970427,0.0978093149324694,0.0003,0.3555155992507934,15.0,True,0,2026-07-30T14:23:28,TDAG-Net (persona-split)
60,0.1090603747210659,0.1067483723163604,0.0003,0.3845049440860748,14.9,False,1,2026-07-30T14:23:43,TDAG-Net (persona-split)
61,0.1090073934295675,0.0987411057883566,0.0003,0.5384203195571899,14.9,False,2,2026-07-30T14:23:58,TDAG-Net (persona-split)
62,0.1084556558138721,0.0971924556562533,0.0003,0.4020137786865234,15.0,True,0,2026-07-30T14:24:13,TDAG-Net (persona-split)
63,0.1083732257505039,0.1013192931538099,0.0003,0.3457607924938202,14.9,False,1,2026-07-30T14:24:28,TDAG-Net (persona-split)
64,0.1081591948375597,0.0975543637197096,0.0003,0.3842430114746094,14.9,False,2,2026-07-30T14:24:43,TDAG-Net (persona-split)
65,0.1082497690896411,0.0977102413282289,0.0003,0.4036887884140014,14.9,False,3,2026-07-30T14:24:57,TDAG-Net (persona-split)
66,0.1083886464873513,0.0979004906756537,0.0003,0.3812824785709381,14.8,False,4,2026-07-30T14:25:12,TDAG-Net (persona-split)
67,0.1076699701639322,0.0968286215767755,0.0003,0.3608811795711517,14.9,True,0,2026-07-30T14:25:27,TDAG-Net (persona-split)
68,0.1081290576811675,0.097945005602234,0.0003,0.3810323774814605,14.9,False,1,2026-07-30T14:25:42,TDAG-Net (persona-split)
69,0.1075871215744333,0.097633309662342,0.0003,0.3388343453407287,14.9,False,2,2026-07-30T14:25:57,TDAG-Net (persona-split)
70,0.1077323061751795,0.0975373436052065,0.0003,0.4101944863796234,14.9,False,3,2026-07-30T14:26:12,TDAG-Net (persona-split)
71,0.1071051492304592,0.096059170029648,0.0003,0.308617889881134,14.9,True,0,2026-07-30T14:26:27,TDAG-Net (persona-split)
72,0.1074378932897861,0.0962204918838464,0.0003,0.48206627368927,14.9,False,1,2026-07-30T14:26:42,TDAG-Net (persona-split)
73,0.1070620405149983,0.0958376966089337,0.0003,0.4225373566150665,15.0,True,0,2026-07-30T14:26:57,TDAG-Net (persona-split)
74,0.1068995856976771,0.0959571131228745,0.0003,0.3549028933048248,14.9,False,1,2026-07-30T14:27:12,TDAG-Net (persona-split)
75,0.1069976448030262,0.0969689453614282,0.0003,0.4596014320850372,14.9,False,2,2026-07-30T14:27:27,TDAG-Net (persona-split)
76,0.1067530887958767,0.096401050973397,0.0003,0.358513206243515,14.9,False,3,2026-07-30T14:27:42,TDAG-Net (persona-split)
77,0.1069768240327363,0.0961221732035443,0.0003,0.4082942903041839,14.9,False,4,2026-07-30T14:27:57,TDAG-Net (persona-split)
78,0.10660823567228,0.0958210711295788,0.0003,0.3070087134838104,15.0,True,0,2026-07-30T14:28:12,TDAG-Net (persona-split)
79,0.1061613697927076,0.096063858450769,0.0003,0.3877164423465729,14.9,False,1,2026-07-30T14:28:27,TDAG-Net (persona-split)
0,0.2042127491026134,0.1292462596608387,0.0003,0.2996145486831665,6.1,True,0,2026-07-30T14:28:37,TDAG-Net (ours)
1,0.1284506118887073,0.1081162287884361,0.0003,0.3083679378032684,5.7,True,0,2026-07-30T14:28:43,TDAG-Net (ours)
2,0.1182060481591539,0.1034395557592858,0.0003,0.2783851623535156,5.7,True,0,2026-07-30T14:28:49,TDAG-Net (ours)
3,0.1147557608865119,0.1016326789426934,0.0003,0.2614459097385406,5.7,True,0,2026-07-30T14:28:55,TDAG-Net (ours)
4,0.1122337973379826,0.0986436686509258,0.0003,0.2236065119504928,5.7,True,0,2026-07-30T14:29:01,TDAG-Net (ours)
5,0.109986570575735,0.0976000818331818,0.0003,0.1980443596839904,5.7,True,0,2026-07-30T14:29:06,TDAG-Net (ours)
6,0.1088950554584408,0.0964883236357798,0.0003,0.2724881470203399,5.7,True,0,2026-07-30T14:29:12,TDAG-Net (ours)
7,0.107700126675459,0.0943303021428349,0.0003,0.2292223274707794,5.7,True,0,2026-07-30T14:29:18,TDAG-Net (ours)
8,0.1059187418484425,0.0937645167194225,0.0003,0.1610646694898605,5.7,True,0,2026-07-30T14:29:24,TDAG-Net (ours)
9,0.1051107552844089,0.0930165735656743,0.0003,0.1974007785320282,5.7,True,0,2026-07-30T14:29:29,TDAG-Net (ours)
10,0.1044791114854288,0.0930091908181106,0.0003,0.2005483508110046,5.7,True,0,2026-07-30T14:29:35,TDAG-Net (ours)
11,0.1039390140182369,0.0917408282940204,0.0003,0.2346732020378112,5.7,True,0,2026-07-30T14:29:41,TDAG-Net (ours)
12,0.1029792372505743,0.0926132511634093,0.0003,0.2881160080432892,5.6,False,1,2026-07-30T14:29:47,TDAG-Net (ours)
13,0.1025645642981424,0.0911327645510107,0.0003,0.334566980600357,5.7,True,0,2026-07-30T14:29:52,TDAG-Net (ours)
14,0.1014983654677212,0.0897744605420055,0.0003,0.1938224881887436,5.7,True,0,2026-07-30T14:29:58,TDAG-Net (ours)
15,0.1014616300444026,0.0891969671043066,0.0003,0.2098691016435623,5.7,True,0,2026-07-30T14:30:04,TDAG-Net (ours)
16,0.1005174229269499,0.0895356290288024,0.0003,0.1619996428489685,5.7,False,1,2026-07-30T14:30:10,TDAG-Net (ours)
17,0.1004681983328127,0.0896049787464377,0.0003,0.202355682849884,5.6,False,2,2026-07-30T14:30:15,TDAG-Net (ours)
18,0.1002417956407253,0.0903650455504328,0.0003,0.2624100744724273,5.7,False,3,2026-07-30T14:30:21,TDAG-Net (ours)
19,0.0995531365930379,0.0885573282100997,0.0003,0.1942531466484069,5.7,True,0,2026-07-30T14:30:27,TDAG-Net (ours)
20,0.0992356003313274,0.0873506431478065,0.0003,0.2228280007839203,5.7,True,0,2026-07-30T14:30:33,TDAG-Net (ours)
21,0.0985424109540142,0.0880805779616911,0.0003,0.1815263628959655,5.7,False,1,2026-07-30T14:30:38,TDAG-Net (ours)
22,0.0985505098006227,0.0867255071362296,0.0003,0.2268092185258865,5.6,True,0,2026-07-30T14:30:44,TDAG-Net (ours)
23,0.0982461071276402,0.087514560587786,0.0003,0.2301942855119705,5.6,False,1,2026-07-30T14:30:50,TDAG-Net (ours)
24,0.0976496731186961,0.0865983445565779,0.0003,0.2248232960700988,5.7,True,0,2026-07-30T14:30:55,TDAG-Net (ours)
25,0.0977112500549672,0.0864470908930013,0.0003,0.2436234205961227,5.6,True,0,2026-07-30T14:31:01,TDAG-Net (ours)
26,0.0972208332229446,0.0858647091784975,0.0003,0.1961415708065033,5.7,True,0,2026-07-30T14:31:07,TDAG-Net (ours)
27,0.0968623727068796,0.0853937454931028,0.0003,0.187275156378746,5.7,True,0,2026-07-30T14:31:13,TDAG-Net (ours)
28,0.0971455793459336,0.0859095423103688,0.0003,0.2825956344604492,5.7,False,1,2026-07-30T14:31:18,TDAG-Net (ours)
29,0.0965627374884846,0.0868335114484959,0.0003,0.2793752253055572,5.6,False,2,2026-07-30T14:31:24,TDAG-Net (ours)
30,0.0966081510697092,0.0857352013853225,0.0003,0.2691785097122192,5.6,False,3,2026-07-30T14:31:30,TDAG-Net (ours)
31,0.0963858096645428,0.0857184682409842,0.0003,0.1942391842603683,5.7,False,4,2026-07-30T14:31:36,TDAG-Net (ours)
32,0.0961377437134365,0.0858845597767567,0.0003,0.2500363290309906,5.6,False,5,2026-07-30T14:31:41,TDAG-Net (ours)
33,0.0957518791431909,0.0845623234143624,0.0003,0.2112805992364883,5.7,True,0,2026-07-30T14:31:47,TDAG-Net (ours)
34,0.0957289891256081,0.0848060448418606,0.0003,0.1854499131441116,5.6,False,1,2026-07-30T14:31:53,TDAG-Net (ours)
35,0.0957002968087301,0.0853660192627173,0.0003,0.2057754248380661,5.6,False,2,2026-07-30T14:31:58,TDAG-Net (ours)
36,0.0952472619466729,0.0850928868729989,0.0003,0.1945325583219528,5.7,False,3,2026-07-30T14:32:04,TDAG-Net (ours)
37,0.0953465010274897,0.0858764746686914,0.0003,0.2920182049274444,5.6,False,4,2026-07-30T14:32:10,TDAG-Net (ours)
38,0.0952737294710599,0.0857313270424748,0.0003,0.241473451256752,5.6,False,5,2026-07-30T14:32:16,TDAG-Net (ours)
39,0.095069436270457,0.0850886628441103,0.0003,0.2320528179407119,5.6,False,6,2026-07-30T14:32:21,TDAG-Net (ours)
40,0.0946685056601251,0.0839934369938059,0.0003,0.2319911271333694,5.7,True,0,2026-07-30T14:32:27,TDAG-Net (ours)
41,0.0945025824092246,0.0837596387571685,0.0003,0.230087012052536,5.7,True,0,2026-07-30T14:32:33,TDAG-Net (ours)
42,0.0947279335705788,0.0848345872792568,0.0003,0.2570651769638061,5.6,False,1,2026-07-30T14:32:38,TDAG-Net (ours)
43,0.0944229254683295,0.083637758311662,0.0003,0.1934752315282821,5.7,True,0,2026-07-30T14:32:44,TDAG-Net (ours)
44,0.0945568154146383,0.0841121152043342,0.0003,0.2882863581180572,5.6,False,1,2026-07-30T14:32:50,TDAG-Net (ours)
45,0.0941226429500422,0.0837981334918148,0.0003,0.2406629621982574,5.6,False,2,2026-07-30T14:32:56,TDAG-Net (ours)
46,0.0940295358444308,0.0837090504202213,0.0003,0.229145810008049,5.7,False,3,2026-07-30T14:33:01,TDAG-Net (ours)
47,0.0937093262489025,0.0829906677724895,0.0003,0.2031686902046203,5.7,True,0,2026-07-30T14:33:07,TDAG-Net (ours)
48,0.093935951918036,0.0839620519552257,0.0003,0.3472517132759094,5.7,False,1,2026-07-30T14:33:13,TDAG-Net (ours)
49,0.0937454919729914,0.0832554076562871,0.0003,0.2073848396539688,5.6,False,2,2026-07-30T14:33:19,TDAG-Net (ours)
50,0.0935770141718151,0.0833155961072707,0.0003,0.2303670197725296,5.6,False,3,2026-07-30T14:33:24,TDAG-Net (ours)
51,0.0937097007101708,0.0831998481036542,0.0003,0.279870331287384,5.7,False,4,2026-07-30T14:33:30,TDAG-Net (ours)
52,0.093407289814818,0.082706215003362,0.0003,0.2388499528169632,5.7,True,0,2026-07-30T14:33:36,TDAG-Net (ours)
53,0.0932196373140419,0.0838972931461674,0.0003,0.2658017575740814,5.7,False,1,2026-07-30T14:33:42,TDAG-Net (ours)
54,0.0934030955145647,0.0824640616774559,0.0003,0.2878087162971496,5.7,True,0,2026-07-30T14:33:47,TDAG-Net (ours)
55,0.0934037836698385,0.0828306177978987,0.0003,0.2608149349689483,5.6,False,1,2026-07-30T14:33:53,TDAG-Net (ours)
56,0.0931623489974619,0.0827583234634373,0.0003,0.2769778370857239,5.7,False,2,2026-07-30T14:33:59,TDAG-Net (ours)
57,0.0928410648317127,0.0829883869942073,0.0003,0.2491308450698852,5.6,False,3,2026-07-30T14:34:04,TDAG-Net (ours)
58,0.0928432886908342,0.0829801371546237,0.0003,0.3695270121097564,5.7,False,4,2026-07-30T14:34:10,TDAG-Net (ours)
59,0.0930796622083737,0.0824236890280639,0.0003,0.3401219844818115,5.7,True,0,2026-07-30T14:34:16,TDAG-Net (ours)
60,0.0926093882584309,0.0826364598022057,0.0003,0.3056540489196777,5.7,False,1,2026-07-30T14:34:22,TDAG-Net (ours)
61,0.0927271775983192,0.0824121997415364,0.0003,0.3135753273963928,5.7,True,0,2026-07-30T14:34:27,TDAG-Net (ours)
62,0.0922721948269959,0.0824960325281698,0.0003,0.2420300096273422,5.6,False,1,2026-07-30T14:34:33,TDAG-Net (ours)
63,0.0927847123408055,0.0821355519877685,0.0003,0.3461460769176483,5.7,True,0,2026-07-30T14:34:39,TDAG-Net (ours)
64,0.0924477035200202,0.0817994578935942,0.0003,0.3189164996147156,5.7,True,0,2026-07-30T14:34:45,TDAG-Net (ours)
65,0.0922757673722047,0.0822869450836391,0.0003,0.2471429109573364,5.7,False,1,2026-07-30T14:34:50,TDAG-Net (ours)
66,0.0924918436250843,0.0818596611229273,0.0003,0.3204770088195801,5.6,False,2,2026-07-30T14:34:56,TDAG-Net (ours)
67,0.0925562149057021,0.0818857998474613,0.0003,0.3740693628787994,5.6,False,3,2026-07-30T14:35:02,TDAG-Net (ours)
68,0.09211318391365,0.0829887779450023,0.0003,0.365767627954483,5.7,False,4,2026-07-30T14:35:08,TDAG-Net (ours)
69,0.0918969509529543,0.0817111471033358,0.0003,0.2742232382297516,5.7,True,0,2026-07-30T14:35:13,TDAG-Net (ours)
70,0.0918442282211649,0.0812161471490021,0.0003,0.273456871509552,5.7,True,0,2026-07-30T14:35:19,TDAG-Net (ours)
71,0.091724420101433,0.08117984186162,0.0003,0.2146385759115219,5.7,True,0,2026-07-30T14:35:25,TDAG-Net (ours)
72,0.0916366693573993,0.0813986732737048,0.0003,0.2263348549604416,5.7,False,1,2026-07-30T14:35:31,TDAG-Net (ours)
73,0.0917311418678734,0.0815024499955413,0.0003,0.3044686019420624,5.7,False,2,2026-07-30T14:35:36,TDAG-Net (ours)
74,0.0917140559835748,0.0824796300749857,0.0003,0.2475975155830383,5.6,False,3,2026-07-30T14:35:42,TDAG-Net (ours)
75,0.091469453553577,0.0815945035153692,0.0003,0.3186404109001159,5.7,False,4,2026-07-30T14:35:48,TDAG-Net (ours)
76,0.0916036274406936,0.0807706356294207,0.0003,0.2571785748004913,5.7,True,0,2026-07-30T14:35:54,TDAG-Net (ours)
77,0.0916468043248732,0.0812182349899968,0.0003,0.3428528606891632,5.6,False,1,2026-07-30T14:35:59,TDAG-Net (ours)
78,0.0913209358578199,0.0812165168942986,0.0003,0.3676846623420715,5.7,False,2,2026-07-30T14:36:05,TDAG-Net (ours)
79,0.0913920219127948,0.0818434143541278,0.0003,0.3082718551158905,5.6,False,3,2026-07-30T14:36:11,TDAG-Net (ours)
0,0.2042127491026134,0.1292462596608387,0.0003,0.2996145486831665,6.1,True,0,2026-07-30T14:28:37,TDAG-Net (ours)
1,0.1284506118887073,0.1081162287884361,0.0003,0.3083679378032684,5.7,True,0,2026-07-30T14:28:43,TDAG-Net (ours)
2,0.1182060481591539,0.1034395557592858,0.0003,0.2783851623535156,5.7,True,0,2026-07-30T14:28:49,TDAG-Net (ours)
3,0.1147557608865119,0.1016326789426934,0.0003,0.2614459097385406,5.7,True,0,2026-07-30T14:28:55,TDAG-Net (ours)
4,0.1122337973379826,0.0986436686509258,0.0003,0.2236065119504928,5.7,True,0,2026-07-30T14:29:01,TDAG-Net (ours)
5,0.109986570575735,0.0976000818331818,0.0003,0.1980443596839904,5.7,True,0,2026-07-30T14:29:06,TDAG-Net (ours)
6,0.1088950554584408,0.0964883236357798,0.0003,0.2724881470203399,5.7,True,0,2026-07-30T14:29:12,TDAG-Net (ours)
7,0.107700126675459,0.0943303021428349,0.0003,0.2292223274707794,5.7,True,0,2026-07-30T14:29:18,TDAG-Net (ours)
8,0.1059187418484425,0.0937645167194225,0.0003,0.1610646694898605,5.7,True,0,2026-07-30T14:29:24,TDAG-Net (ours)
9,0.1051107552844089,0.0930165735656743,0.0003,0.1974007785320282,5.7,True,0,2026-07-30T14:29:29,TDAG-Net (ours)
10,0.1044791114854288,0.0930091908181106,0.0003,0.2005483508110046,5.7,True,0,2026-07-30T14:29:35,TDAG-Net (ours)
11,0.1039390140182369,0.0917408282940204,0.0003,0.2346732020378112,5.7,True,0,2026-07-30T14:29:41,TDAG-Net (ours)
12,0.1029792372505743,0.0926132511634093,0.0003,0.2881160080432892,5.6,False,1,2026-07-30T14:29:47,TDAG-Net (ours)
13,0.1025645642981424,0.0911327645510107,0.0003,0.334566980600357,5.7,True,0,2026-07-30T14:29:52,TDAG-Net (ours)
14,0.1014983654677212,0.0897744605420055,0.0003,0.1938224881887436,5.7,True,0,2026-07-30T14:29:58,TDAG-Net (ours)
15,0.1014616300444026,0.0891969671043066,0.0003,0.2098691016435623,5.7,True,0,2026-07-30T14:30:04,TDAG-Net (ours)
16,0.1005174229269499,0.0895356290288024,0.0003,0.1619996428489685,5.7,False,1,2026-07-30T14:30:10,TDAG-Net (ours)
17,0.1004681983328127,0.0896049787464377,0.0003,0.202355682849884,5.6,False,2,2026-07-30T14:30:15,TDAG-Net (ours)
18,0.1002417956407253,0.0903650455504328,0.0003,0.2624100744724273,5.7,False,3,2026-07-30T14:30:21,TDAG-Net (ours)
19,0.0995531365930379,0.0885573282100997,0.0003,0.1942531466484069,5.7,True,0,2026-07-30T14:30:27,TDAG-Net (ours)
20,0.0992356003313274,0.0873506431478065,0.0003,0.2228280007839203,5.7,True,0,2026-07-30T14:30:33,TDAG-Net (ours)
21,0.0985424109540142,0.0880805779616911,0.0003,0.1815263628959655,5.7,False,1,2026-07-30T14:30:38,TDAG-Net (ours)
22,0.0985505098006227,0.0867255071362296,0.0003,0.2268092185258865,5.6,True,0,2026-07-30T14:30:44,TDAG-Net (ours)
23,0.0982461071276402,0.087514560587786,0.0003,0.2301942855119705,5.6,False,1,2026-07-30T14:30:50,TDAG-Net (ours)
24,0.0976496731186961,0.0865983445565779,0.0003,0.2248232960700988,5.7,True,0,2026-07-30T14:30:55,TDAG-Net (ours)
25,0.0977112500549672,0.0864470908930013,0.0003,0.2436234205961227,5.6,True,0,2026-07-30T14:31:01,TDAG-Net (ours)
26,0.0972208332229446,0.0858647091784975,0.0003,0.1961415708065033,5.7,True,0,2026-07-30T14:31:07,TDAG-Net (ours)
27,0.0968623727068796,0.0853937454931028,0.0003,0.187275156378746,5.7,True,0,2026-07-30T14:31:13,TDAG-Net (ours)
28,0.0971455793459336,0.0859095423103688,0.0003,0.2825956344604492,5.7,False,1,2026-07-30T14:31:18,TDAG-Net (ours)
29,0.0965627374884846,0.0868335114484959,0.0003,0.2793752253055572,5.6,False,2,2026-07-30T14:31:24,TDAG-Net (ours)
30,0.0966081510697092,0.0857352013853225,0.0003,0.2691785097122192,5.6,False,3,2026-07-30T14:31:30,TDAG-Net (ours)
31,0.0963858096645428,0.0857184682409842,0.0003,0.1942391842603683,5.7,False,4,2026-07-30T14:31:36,TDAG-Net (ours)
32,0.0961377437134365,0.0858845597767567,0.0003,0.2500363290309906,5.6,False,5,2026-07-30T14:31:41,TDAG-Net (ours)
33,0.0957518791431909,0.0845623234143624,0.0003,0.2112805992364883,5.7,True,0,2026-07-30T14:31:47,TDAG-Net (ours)
34,0.0957289891256081,0.0848060448418606,0.0003,0.1854499131441116,5.6,False,1,2026-07-30T14:31:53,TDAG-Net (ours)
35,0.0957002968087301,0.0853660192627173,0.0003,0.2057754248380661,5.6,False,2,2026-07-30T14:31:58,TDAG-Net (ours)
36,0.0952472619466729,0.0850928868729989,0.0003,0.1945325583219528,5.7,False,3,2026-07-30T14:32:04,TDAG-Net (ours)
37,0.0953465010274897,0.0858764746686914,0.0003,0.2920182049274444,5.6,False,4,2026-07-30T14:32:10,TDAG-Net (ours)
38,0.0952737294710599,0.0857313270424748,0.0003,0.241473451256752,5.6,False,5,2026-07-30T14:32:16,TDAG-Net (ours)
39,0.095069436270457,0.0850886628441103,0.0003,0.2320528179407119,5.6,False,6,2026-07-30T14:32:21,TDAG-Net (ours)
40,0.0946685056601251,0.0839934369938059,0.0003,0.2319911271333694,5.7,True,0,2026-07-30T14:32:27,TDAG-Net (ours)
41,0.0945025824092246,0.0837596387571685,0.0003,0.230087012052536,5.7,True,0,2026-07-30T14:32:33,TDAG-Net (ours)
42,0.0947279335705788,0.0848345872792568,0.0003,0.2570651769638061,5.6,False,1,2026-07-30T14:32:38,TDAG-Net (ours)
43,0.0944229254683295,0.083637758311662,0.0003,0.1934752315282821,5.7,True,0,2026-07-30T14:32:44,TDAG-Net (ours)
44,0.0945568154146383,0.0841121152043342,0.0003,0.2882863581180572,5.6,False,1,2026-07-30T14:32:50,TDAG-Net (ours)
45,0.0941226429500422,0.0837981334918148,0.0003,0.2406629621982574,5.6,False,2,2026-07-30T14:32:56,TDAG-Net (ours)
46,0.0940295358444308,0.0837090504202213,0.0003,0.229145810008049,5.7,False,3,2026-07-30T14:33:01,TDAG-Net (ours)
47,0.0937093262489025,0.0829906677724895,0.0003,0.2031686902046203,5.7,True,0,2026-07-30T14:33:07,TDAG-Net (ours)
48,0.093935951918036,0.0839620519552257,0.0003,0.3472517132759094,5.7,False,1,2026-07-30T14:33:13,TDAG-Net (ours)
49,0.0937454919729914,0.0832554076562871,0.0003,0.2073848396539688,5.6,False,2,2026-07-30T14:33:19,TDAG-Net (ours)
50,0.0935770141718151,0.0833155961072707,0.0003,0.2303670197725296,5.6,False,3,2026-07-30T14:33:24,TDAG-Net (ours)
51,0.0937097007101708,0.0831998481036542,0.0003,0.279870331287384,5.7,False,4,2026-07-30T14:33:30,TDAG-Net (ours)
52,0.093407289814818,0.082706215003362,0.0003,0.2388499528169632,5.7,True,0,2026-07-30T14:33:36,TDAG-Net (ours)
53,0.0932196373140419,0.0838972931461674,0.0003,0.2658017575740814,5.7,False,1,2026-07-30T14:33:42,TDAG-Net (ours)
54,0.0934030955145647,0.0824640616774559,0.0003,0.2878087162971496,5.7,True,0,2026-07-30T14:33:47,TDAG-Net (ours)
55,0.0934037836698385,0.0828306177978987,0.0003,0.2608149349689483,5.6,False,1,2026-07-30T14:33:53,TDAG-Net (ours)
56,0.0931623489974619,0.0827583234634373,0.0003,0.2769778370857239,5.7,False,2,2026-07-30T14:33:59,TDAG-Net (ours)
57,0.0928410648317127,0.0829883869942073,0.0003,0.2491308450698852,5.6,False,3,2026-07-30T14:34:04,TDAG-Net (ours)
58,0.0928432886908342,0.0829801371546237,0.0003,0.3695270121097564,5.7,False,4,2026-07-30T14:34:10,TDAG-Net (ours)
59,0.0930796622083737,0.0824236890280639,0.0003,0.3401219844818115,5.7,True,0,2026-07-30T14:34:16,TDAG-Net (ours)
60,0.0926093882584309,0.0826364598022057,0.0003,0.3056540489196777,5.7,False,1,2026-07-30T14:34:22,TDAG-Net (ours)
61,0.0927271775983192,0.0824121997415364,0.0003,0.3135753273963928,5.7,True,0,2026-07-30T14:34:27,TDAG-Net (ours)
62,0.0922721948269959,0.0824960325281698,0.0003,0.2420300096273422,5.6,False,1,2026-07-30T14:34:33,TDAG-Net (ours)
63,0.0927847123408055,0.0821355519877685,0.0003,0.3461460769176483,5.7,True,0,2026-07-30T14:34:39,TDAG-Net (ours)
64,0.0924477035200202,0.0817994578935942,0.0003,0.3189164996147156,5.7,True,0,2026-07-30T14:34:45,TDAG-Net (ours)
65,0.0922757673722047,0.0822869450836391,0.0003,0.2471429109573364,5.7,False,1,2026-07-30T14:34:50,TDAG-Net (ours)
66,0.0924918436250843,0.0818596611229273,0.0003,0.3204770088195801,5.6,False,2,2026-07-30T14:34:56,TDAG-Net (ours)
67,0.0925562149057021,0.0818857998474613,0.0003,0.3740693628787994,5.6,False,3,2026-07-30T14:35:02,TDAG-Net (ours)
68,0.09211318391365,0.0829887779450023,0.0003,0.365767627954483,5.7,False,4,2026-07-30T14:35:08,TDAG-Net (ours)
69,0.0918969509529543,0.0817111471033358,0.0003,0.2742232382297516,5.7,True,0,2026-07-30T14:35:13,TDAG-Net (ours)
70,0.0918442282211649,0.0812161471490021,0.0003,0.273456871509552,5.7,True,0,2026-07-30T14:35:19,TDAG-Net (ours)
71,0.091724420101433,0.08117984186162,0.0003,0.2146385759115219,5.7,True,0,2026-07-30T14:35:25,TDAG-Net (ours)
72,0.0916366693573993,0.0813986732737048,0.0003,0.2263348549604416,5.7,False,1,2026-07-30T14:35:31,TDAG-Net (ours)
73,0.0917311418678734,0.0815024499955413,0.0003,0.3044686019420624,5.7,False,2,2026-07-30T14:35:36,TDAG-Net (ours)
74,0.0917140559835748,0.0824796300749857,0.0003,0.2475975155830383,5.6,False,3,2026-07-30T14:35:42,TDAG-Net (ours)
75,0.091469453553577,0.0815945035153692,0.0003,0.3186404109001159,5.7,False,4,2026-07-30T14:35:48,TDAG-Net (ours)
76,0.0916036274406936,0.0807706356294207,0.0003,0.2571785748004913,5.7,True,0,2026-07-30T14:35:54,TDAG-Net (ours)
77,0.0916468043248732,0.0812182349899968,0.0003,0.3428528606891632,5.6,False,1,2026-07-30T14:35:59,TDAG-Net (ours)
78,0.0913209358578199,0.0812165168942986,0.0003,0.3676846623420715,5.7,False,2,2026-07-30T14:36:05,TDAG-Net (ours)
79,0.0913920219127948,0.0818434143541278,0.0003,0.3082718551158905,5.6,False,3,2026-07-30T14:36:11,TDAG-Net (ours)
0,0.2357747366795173,0.2198351245005052,0.0003,0.3897880613803863,14.9,True,0,2026-07-30T14:36:29,TDAG-Net w/o PC-HGAT
1,0.1722580429944363,0.1451861545607284,0.0003,0.6165205240249634,14.9,True,0,2026-07-30T14:36:43,TDAG-Net w/o PC-HGAT
2,0.1496187698055099,0.1318026606689442,0.0003,0.5827863812446594,14.9,True,0,2026-07-30T14:36:59,TDAG-Net w/o PC-HGAT
3,0.1411824049857946,0.1244166826645096,0.0003,0.5045694708824158,14.9,True,0,2026-07-30T14:37:14,TDAG-Net w/o PC-HGAT
4,0.1372237591298072,0.1214300481663955,0.0003,0.5702032446861267,14.9,True,0,2026-07-30T14:37:29,TDAG-Net w/o PC-HGAT
5,0.1333582315143648,0.1231022920909818,0.0003,0.437293142080307,14.9,False,1,2026-07-30T14:37:43,TDAG-Net w/o PC-HGAT
6,0.1318211575622087,0.1243152091136345,0.0003,0.4555265605449676,14.9,False,2,2026-07-30T14:37:58,TDAG-Net w/o PC-HGAT
7,0.1304987715495811,0.1180134279714835,0.0003,0.5761558413505554,14.9,True,0,2026-07-30T14:38:13,TDAG-Net w/o PC-HGAT
8,0.1283581306646158,0.1166405164442219,0.0003,0.540167510509491,14.9,True,0,2026-07-30T14:38:28,TDAG-Net w/o PC-HGAT
9,0.1269833417711677,0.1135709396266675,0.0003,0.5153608918190002,14.9,True,0,2026-07-30T14:38:43,TDAG-Net w/o PC-HGAT
10,0.1257679534154933,0.1155440230945964,0.0003,0.4880396425724029,14.8,False,1,2026-07-30T14:38:58,TDAG-Net w/o PC-HGAT
11,0.1251420786747565,0.1176754255052451,0.0003,0.4982444047927856,14.8,False,2,2026-07-30T14:39:13,TDAG-Net w/o PC-HGAT
12,0.1241471942800741,0.1144902036412731,0.0003,0.3274044394493103,14.8,False,3,2026-07-30T14:39:28,TDAG-Net w/o PC-HGAT
13,0.1237696863137758,0.1156963278631587,0.0003,0.4386614561080932,14.8,False,4,2026-07-30T14:39:43,TDAG-Net w/o PC-HGAT
14,0.1223416659530702,0.113297079700035,0.0003,0.388082355260849,14.9,True,0,2026-07-30T14:39:58,TDAG-Net w/o PC-HGAT
15,0.1225924639420194,0.1110365940974308,0.0003,0.5365551114082336,14.9,True,0,2026-07-30T14:40:13,TDAG-Net w/o PC-HGAT
16,0.1212194424245383,0.1083678934764076,0.0003,0.4334098100662231,14.9,True,0,2026-07-30T14:40:28,TDAG-Net w/o PC-HGAT
17,0.1202159614353389,0.1087721564940043,0.0003,0.36143359541893,14.8,False,1,2026-07-30T14:40:43,TDAG-Net w/o PC-HGAT
18,0.1207247064827562,0.1096621854947163,0.0003,0.543046236038208,14.8,False,2,2026-07-30T14:40:58,TDAG-Net w/o PC-HGAT
19,0.1199576404887241,0.1071114295295306,0.0003,0.3874494731426239,14.9,True,0,2026-07-30T14:41:13,TDAG-Net w/o PC-HGAT
20,0.1186152007226105,0.1068605446553492,0.0003,0.3600537180900574,14.9,True,0,2026-07-30T14:41:28,TDAG-Net w/o PC-HGAT
21,0.1185973439897809,0.1066534827043722,0.0003,0.4544494152069092,14.9,True,0,2026-07-30T14:41:43,TDAG-Net w/o PC-HGAT
22,0.1184445425049289,0.1067478506119696,0.0003,0.3863378167152405,14.8,False,1,2026-07-30T14:41:58,TDAG-Net w/o PC-HGAT
23,0.1177106213111143,0.106788990507414,0.0003,0.414350301027298,14.8,False,2,2026-07-30T14:42:13,TDAG-Net w/o PC-HGAT
24,0.1169761231967381,0.1064710857776495,0.0003,0.3238891065120697,14.9,True,0,2026-07-30T14:42:28,TDAG-Net w/o PC-HGAT
25,0.1164274694664137,0.1053420764568087,0.0003,0.4649510085582733,14.9,True,0,2026-07-30T14:42:43,TDAG-Net w/o PC-HGAT
26,0.116644257912924,0.1060951305450974,0.0003,0.3964075744152069,14.9,False,1,2026-07-30T14:42:58,TDAG-Net w/o PC-HGAT
27,0.1156954481870263,0.1067398752157504,0.0003,0.3703382611274719,14.8,False,2,2026-07-30T14:43:13,TDAG-Net w/o PC-HGAT
28,0.1162706988853412,0.1045202462227789,0.0003,0.6980027556419373,14.9,True,0,2026-07-30T14:43:27,TDAG-Net w/o PC-HGAT
29,0.1151984329243282,0.1035595195634024,0.0003,0.4086984395980835,14.9,True,0,2026-07-30T14:43:43,TDAG-Net w/o PC-HGAT
30,0.1146395607964023,0.1033277019121489,0.0003,0.3665785789489746,14.9,True,0,2026-07-30T14:43:57,TDAG-Net w/o PC-HGAT
31,0.1147146362524766,0.1040111927540747,0.0003,0.3310779333114624,14.8,False,1,2026-07-30T14:44:12,TDAG-Net w/o PC-HGAT
32,0.1148154119705105,0.104193712738189,0.0003,0.4353529512882232,14.8,False,2,2026-07-30T14:44:27,TDAG-Net w/o PC-HGAT
33,0.1137462280445046,0.1022583208159431,0.0003,0.3350203037261963,14.9,True,0,2026-07-30T14:44:42,TDAG-Net w/o PC-HGAT
34,0.1138464049487323,0.1030352071418867,0.0003,0.3429455161094665,14.9,False,1,2026-07-30T14:44:57,TDAG-Net w/o PC-HGAT
35,0.1133995383322894,0.1042018572052756,0.0003,0.4255814254283905,14.9,False,2,2026-07-30T14:45:12,TDAG-Net w/o PC-HGAT
36,0.1134286202408455,0.1025571683114701,0.0003,0.3774934709072113,14.9,False,3,2026-07-30T14:45:27,TDAG-Net w/o PC-HGAT
37,0.1131153063787208,0.1020302738134677,0.0003,0.3426057994365692,14.9,True,0,2026-07-30T14:45:42,TDAG-Net w/o PC-HGAT
38,0.1129958209755656,0.1022792342272433,0.0003,0.3363793790340423,14.9,False,1,2026-07-30T14:45:57,TDAG-Net w/o PC-HGAT
39,0.1128913926226752,0.1023313918939003,0.0003,0.400990217924118,14.9,False,2,2026-07-30T14:46:12,TDAG-Net w/o PC-HGAT
40,0.1123883233293072,0.1018880299486956,0.0003,0.3369393050670624,14.9,True,0,2026-07-30T14:46:27,TDAG-Net w/o PC-HGAT
41,0.1120440946011752,0.1015435607469344,0.0003,0.4142090380191803,14.9,True,0,2026-07-30T14:46:42,TDAG-Net w/o PC-HGAT
42,0.1118261440442158,0.1017326042874828,0.0003,0.4227579832077026,14.9,False,1,2026-07-30T14:46:57,TDAG-Net w/o PC-HGAT
43,0.1114798418768159,0.1016494549074015,0.0003,0.4515466094017029,14.8,False,2,2026-07-30T14:47:12,TDAG-Net w/o PC-HGAT
44,0.1116816719809731,0.1001210356397288,0.0003,0.6397020220756531,14.9,True,0,2026-07-30T14:47:27,TDAG-Net w/o PC-HGAT
45,0.1111289593217137,0.1019433316375528,0.0003,0.2978398203849792,14.8,False,1,2026-07-30T14:47:42,TDAG-Net w/o PC-HGAT
46,0.1108743605050411,0.105792333136548,0.0003,0.346152663230896,14.8,False,2,2026-07-30T14:47:57,TDAG-Net w/o PC-HGAT
47,0.1107994155241892,0.0995391205280691,0.0003,0.3818183243274688,14.9,True,0,2026-07-30T14:48:12,TDAG-Net w/o PC-HGAT
48,0.1108702543508875,0.1003500548201603,0.0003,0.3622391521930694,14.9,False,1,2026-07-30T14:48:27,TDAG-Net w/o PC-HGAT
49,0.1110175889435705,0.1003004879905627,0.0003,0.4149791300296783,14.8,False,2,2026-07-30T14:48:42,TDAG-Net w/o PC-HGAT
50,0.1105758042453409,0.1002408235364562,0.0003,0.3819206058979034,14.9,False,3,2026-07-30T14:48:57,TDAG-Net w/o PC-HGAT
51,0.1102377399638459,0.101065649231384,0.0003,0.4204404652118683,14.9,False,4,2026-07-30T14:49:12,TDAG-Net w/o PC-HGAT
52,0.1096998945206076,0.0996032590148868,0.0003,0.240934818983078,14.9,False,5,2026-07-30T14:49:27,TDAG-Net w/o PC-HGAT
53,0.1096369882861336,0.103346732864668,0.0003,0.2985990345478058,14.9,False,6,2026-07-30T14:49:41,TDAG-Net w/o PC-HGAT
54,0.1099194803571963,0.0979406399304395,0.0003,0.3706631362438202,14.9,True,0,2026-07-30T14:49:56,TDAG-Net w/o PC-HGAT
55,0.1098857755025664,0.0986164528671856,0.0003,0.4064495861530304,14.9,False,1,2026-07-30T14:50:11,TDAG-Net w/o PC-HGAT
56,0.1092912800364441,0.0980114491431267,0.0003,0.3504895567893982,14.8,False,2,2026-07-30T14:50:26,TDAG-Net w/o PC-HGAT
57,0.1093683650205423,0.0978454015330299,0.0003,0.4172532558441162,14.9,True,0,2026-07-30T14:50:41,TDAG-Net w/o PC-HGAT
58,0.1092161799525166,0.0990046600064078,0.0003,0.3662136793136596,14.9,False,1,2026-07-30T14:50:56,TDAG-Net w/o PC-HGAT
59,0.1087277174487218,0.0976415577006864,0.0003,0.3400613963603973,14.9,True,0,2026-07-30T14:51:11,TDAG-Net w/o PC-HGAT
60,0.109096663076799,0.1075234918312712,0.0003,0.4692384004592895,14.8,False,1,2026-07-30T14:51:26,TDAG-Net w/o PC-HGAT
61,0.109072780576381,0.0978759325795121,0.0003,0.5313181281089783,14.8,False,2,2026-07-30T14:51:41,TDAG-Net w/o PC-HGAT
62,0.1083727529088219,0.0975849249369495,0.0003,0.3292689025402069,14.9,True,0,2026-07-30T14:51:56,TDAG-Net w/o PC-HGAT
63,0.1082402998929495,0.1014090384673941,0.0003,0.3054888844490051,14.8,False,1,2026-07-30T14:52:11,TDAG-Net w/o PC-HGAT
64,0.1081421580452185,0.0974160771776031,0.0003,0.3896906077861786,14.9,True,0,2026-07-30T14:52:26,TDAG-Net w/o PC-HGAT
65,0.1081786461092613,0.0974624597027406,0.0003,0.4238904416561126,14.9,False,1,2026-07-30T14:52:41,TDAG-Net w/o PC-HGAT
66,0.1081945131604488,0.0981258502291454,0.0003,0.3720155358314514,14.9,False,2,2026-07-30T14:52:56,TDAG-Net w/o PC-HGAT
67,0.107644866488792,0.0973090669447249,0.0003,0.2945923507213592,14.9,True,0,2026-07-30T14:53:11,TDAG-Net w/o PC-HGAT
68,0.1080125309281296,0.097140309288279,0.0003,0.3775802552700043,14.9,True,0,2026-07-30T14:53:26,TDAG-Net w/o PC-HGAT
69,0.1076270497107243,0.0966827604141864,0.0003,0.424536645412445,14.9,True,0,2026-07-30T14:53:41,TDAG-Net w/o PC-HGAT
70,0.1076583564936459,0.0979089339847093,0.0003,0.4091706573963165,14.9,False,1,2026-07-30T14:53:56,TDAG-Net w/o PC-HGAT
71,0.1070872848833,0.0958135439963131,0.0003,0.3118501603603363,14.9,True,0,2026-07-30T14:54:11,TDAG-Net w/o PC-HGAT
72,0.1074448009441187,0.0970327703507391,0.0003,0.4929870665073395,14.8,False,1,2026-07-30T14:54:26,TDAG-Net w/o PC-HGAT
73,0.1069916584170781,0.0955159446777223,0.0003,0.3953228592872619,14.9,True,0,2026-07-30T14:54:41,TDAG-Net w/o PC-HGAT
74,0.1068912592235502,0.0958018603396939,0.0003,0.3613613247871399,14.8,False,1,2026-07-30T14:54:56,TDAG-Net w/o PC-HGAT
75,0.1067603044784986,0.0966730080135576,0.0003,0.395781397819519,14.9,False,2,2026-07-30T14:55:11,TDAG-Net w/o PC-HGAT
76,0.1067038770232881,0.0963073374478371,0.0003,0.4035859704017639,14.8,False,3,2026-07-30T14:55:25,TDAG-Net w/o PC-HGAT
77,0.1069565125382863,0.0962886974461131,0.0003,0.4201149642467499,14.8,False,4,2026-07-30T14:55:40,TDAG-Net w/o PC-HGAT
78,0.1066308383594502,0.095263953515134,0.0003,0.3213078081607818,14.9,True,0,2026-07-30T14:55:55,TDAG-Net w/o PC-HGAT
79,0.1062770266290549,0.0962224140108286,0.0003,0.4465541839599609,14.9,False,1,2026-07-30T14:56:10,TDAG-Net w/o PC-HGAT
0,0.2357747366795173,0.2198351245005052,0.0003,0.3897880613803863,14.9,True,0,2026-07-30T14:56:29,TDAG-Net w/o EC-AAM
1,0.1722580429944363,0.1451861545607284,0.0003,0.6165205240249634,14.9,True,0,2026-07-30T14:56:44,TDAG-Net w/o EC-AAM
2,0.1496187698055099,0.1318026606689442,0.0003,0.5827863812446594,14.9,True,0,2026-07-30T14:56:59,TDAG-Net w/o EC-AAM
3,0.1411824049857946,0.1244166826645096,0.0003,0.5045694708824158,14.9,True,0,2026-07-30T14:57:14,TDAG-Net w/o EC-AAM
4,0.1372237591298072,0.1214300481663955,0.0003,0.5702032446861267,14.9,True,0,2026-07-30T14:57:29,TDAG-Net w/o EC-AAM
5,0.1333582315143648,0.1231022920909818,0.0003,0.437293142080307,14.8,False,1,2026-07-30T14:57:44,TDAG-Net w/o EC-AAM
6,0.1318211575622087,0.1243152091136345,0.0003,0.4555265605449676,14.8,False,2,2026-07-30T14:57:59,TDAG-Net w/o EC-AAM
7,0.1304987715495811,0.1180134279714835,0.0003,0.5761558413505554,14.9,True,0,2026-07-30T14:58:14,TDAG-Net w/o EC-AAM
8,0.1283581306646158,0.1166405164442219,0.0003,0.540167510509491,14.9,True,0,2026-07-30T14:58:29,TDAG-Net w/o EC-AAM
9,0.1269833417711677,0.1135709396266675,0.0003,0.5153608918190002,14.9,True,0,2026-07-30T14:58:43,TDAG-Net w/o EC-AAM
10,0.1257679534154933,0.1155440230945964,0.0003,0.4880396425724029,14.8,False,1,2026-07-30T14:58:58,TDAG-Net w/o EC-AAM
11,0.1251420786747565,0.1176754255052451,0.0003,0.4982444047927856,14.8,False,2,2026-07-30T14:59:13,TDAG-Net w/o EC-AAM
12,0.1241471942800741,0.1144902036412731,0.0003,0.3274044394493103,14.8,False,3,2026-07-30T14:59:28,TDAG-Net w/o EC-AAM
13,0.1237696863137758,0.1156963278631587,0.0003,0.4386614561080932,14.8,False,4,2026-07-30T14:59:43,TDAG-Net w/o EC-AAM
14,0.1223416659530702,0.113297079700035,0.0003,0.388082355260849,14.9,True,0,2026-07-30T14:59:58,TDAG-Net w/o EC-AAM
15,0.1225924639420194,0.1110365940974308,0.0003,0.5365551114082336,14.9,True,0,2026-07-30T15:00:13,TDAG-Net w/o EC-AAM
16,0.1212194424245383,0.1083678934764076,0.0003,0.4334098100662231,14.9,True,0,2026-07-30T15:00:28,TDAG-Net w/o EC-AAM
17,0.1202159614353389,0.1087721564940043,0.0003,0.36143359541893,14.9,False,1,2026-07-30T15:00:43,TDAG-Net w/o EC-AAM
18,0.1207247064827562,0.1096621854947163,0.0003,0.543046236038208,14.8,False,2,2026-07-30T15:00:58,TDAG-Net w/o EC-AAM
19,0.1199576404887241,0.1071114295295306,0.0003,0.3874494731426239,14.9,True,0,2026-07-30T15:01:13,TDAG-Net w/o EC-AAM
20,0.1186152007226105,0.1068605446553492,0.0003,0.3600537180900574,14.9,True,0,2026-07-30T15:01:28,TDAG-Net w/o EC-AAM
21,0.1185973439897809,0.1066534827043722,0.0003,0.4544494152069092,14.9,True,0,2026-07-30T15:01:43,TDAG-Net w/o EC-AAM
22,0.1184445425049289,0.1067478506119696,0.0003,0.3863378167152405,14.8,False,1,2026-07-30T15:01:58,TDAG-Net w/o EC-AAM
23,0.1177106213111143,0.106788990507414,0.0003,0.414350301027298,14.8,False,2,2026-07-30T15:02:13,TDAG-Net w/o EC-AAM
24,0.1169761231967381,0.1064710857776495,0.0003,0.3238891065120697,14.9,True,0,2026-07-30T15:02:28,TDAG-Net w/o EC-AAM
25,0.1164274694664137,0.1053420764568087,0.0003,0.4649510085582733,14.9,True,0,2026-07-30T15:02:43,TDAG-Net w/o EC-AAM
26,0.116644257912924,0.1060951305450974,0.0003,0.3964075744152069,14.8,False,1,2026-07-30T15:02:57,TDAG-Net w/o EC-AAM
27,0.1156954481870263,0.1067398752157504,0.0003,0.3703382611274719,14.8,False,2,2026-07-30T15:03:12,TDAG-Net w/o EC-AAM
28,0.1162706988853412,0.1045202462227789,0.0003,0.6980027556419373,14.9,True,0,2026-07-30T15:03:27,TDAG-Net w/o EC-AAM
29,0.1151984329243282,0.1035595195634024,0.0003,0.4086984395980835,14.9,True,0,2026-07-30T15:03:42,TDAG-Net w/o EC-AAM
30,0.1146395607964023,0.1033277019121489,0.0003,0.3665785789489746,14.9,True,0,2026-07-30T15:03:57,TDAG-Net w/o EC-AAM
31,0.1147146362524766,0.1040111927540747,0.0003,0.3310779333114624,14.8,False,1,2026-07-30T15:04:12,TDAG-Net w/o EC-AAM
32,0.1148154119705105,0.104193712738189,0.0003,0.4353529512882232,14.8,False,2,2026-07-30T15:04:27,TDAG-Net w/o EC-AAM
33,0.1137462280445046,0.1022583208159431,0.0003,0.3350203037261963,14.9,True,0,2026-07-30T15:04:42,TDAG-Net w/o EC-AAM
34,0.1138464049487323,0.1030352071418867,0.0003,0.3429455161094665,14.8,False,1,2026-07-30T15:04:57,TDAG-Net w/o EC-AAM
35,0.1133995383322894,0.1042018572052756,0.0003,0.4255814254283905,14.8,False,2,2026-07-30T15:05:12,TDAG-Net w/o EC-AAM
36,0.1134286202408455,0.1025571683114701,0.0003,0.3774934709072113,14.8,False,3,2026-07-30T15:05:27,TDAG-Net w/o EC-AAM
37,0.1131153063787208,0.1020302738134677,0.0003,0.3426057994365692,14.9,True,0,2026-07-30T15:05:42,TDAG-Net w/o EC-AAM
38,0.1129958209755656,0.1022792342272433,0.0003,0.3363793790340423,14.8,False,1,2026-07-30T15:05:57,TDAG-Net w/o EC-AAM
39,0.1128913926226752,0.1023313918939003,0.0003,0.400990217924118,14.8,False,2,2026-07-30T15:06:12,TDAG-Net w/o EC-AAM
40,0.1123883233293072,0.1018880299486956,0.0003,0.3369393050670624,14.9,True,0,2026-07-30T15:06:27,TDAG-Net w/o EC-AAM
41,0.1120440946011752,0.1015435607469344,0.0003,0.4142090380191803,14.9,True,0,2026-07-30T15:06:42,TDAG-Net w/o EC-AAM
42,0.1118261440442158,0.1017326042874828,0.0003,0.4227579832077026,14.8,False,1,2026-07-30T15:06:56,TDAG-Net w/o EC-AAM
43,0.1114798418768159,0.1016494549074015,0.0003,0.4515466094017029,14.8,False,2,2026-07-30T15:07:11,TDAG-Net w/o EC-AAM
44,0.1116816719809731,0.1001210356397288,0.0003,0.6397020220756531,14.9,True,0,2026-07-30T15:07:26,TDAG-Net w/o EC-AAM
45,0.1111289593217137,0.1019433316375528,0.0003,0.2978398203849792,14.8,False,1,2026-07-30T15:07:41,TDAG-Net w/o EC-AAM
46,0.1108743605050411,0.105792333136548,0.0003,0.346152663230896,14.8,False,2,2026-07-30T15:07:56,TDAG-Net w/o EC-AAM
47,0.1107994155241892,0.0995391205280691,0.0003,0.3818183243274688,14.9,True,0,2026-07-30T15:08:11,TDAG-Net w/o EC-AAM
48,0.1108702543508875,0.1003500548201603,0.0003,0.3622391521930694,14.8,False,1,2026-07-30T15:08:26,TDAG-Net w/o EC-AAM
49,0.1110175889435705,0.1003004879905627,0.0003,0.4149791300296783,14.8,False,2,2026-07-30T15:08:41,TDAG-Net w/o EC-AAM
50,0.1105758042453409,0.1002408235364562,0.0003,0.3819206058979034,14.8,False,3,2026-07-30T15:08:56,TDAG-Net w/o EC-AAM
51,0.1102377399638459,0.101065649231384,0.0003,0.4204404652118683,14.8,False,4,2026-07-30T15:09:11,TDAG-Net w/o EC-AAM
52,0.1096998945206076,0.0996032590148868,0.0003,0.240934818983078,14.9,False,5,2026-07-30T15:09:26,TDAG-Net w/o EC-AAM
53,0.1096369882861336,0.103346732864668,0.0003,0.2985990345478058,14.8,False,6,2026-07-30T15:09:41,TDAG-Net w/o EC-AAM
54,0.1099194803571963,0.0979406399304395,0.0003,0.3706631362438202,14.9,True,0,2026-07-30T15:09:56,TDAG-Net w/o EC-AAM
55,0.1098857755025664,0.0986164528671856,0.0003,0.4064495861530304,14.8,False,1,2026-07-30T15:10:10,TDAG-Net w/o EC-AAM
56,0.1092912800364441,0.0980114491431267,0.0003,0.3504895567893982,14.8,False,2,2026-07-30T15:10:25,TDAG-Net w/o EC-AAM
57,0.1093683650205423,0.0978454015330299,0.0003,0.4172532558441162,14.9,True,0,2026-07-30T15:10:40,TDAG-Net w/o EC-AAM
58,0.1092161799525166,0.0990046600064078,0.0003,0.3662136793136596,14.8,False,1,2026-07-30T15:10:55,TDAG-Net w/o EC-AAM
59,0.1087277174487218,0.0976415577006864,0.0003,0.3400613963603973,14.9,True,0,2026-07-30T15:11:10,TDAG-Net w/o EC-AAM
60,0.109096663076799,0.1075234918312712,0.0003,0.4692384004592895,14.8,False,1,2026-07-30T15:11:25,TDAG-Net w/o EC-AAM
61,0.109072780576381,0.0978759325795121,0.0003,0.5313181281089783,14.8,False,2,2026-07-30T15:11:40,TDAG-Net w/o EC-AAM
62,0.1083727529088219,0.0975849249369495,0.0003,0.3292689025402069,14.9,True,0,2026-07-30T15:11:55,TDAG-Net w/o EC-AAM
63,0.1082402998929495,0.1014090384673941,0.0003,0.3054888844490051,14.8,False,1,2026-07-30T15:12:10,TDAG-Net w/o EC-AAM
64,0.1081421580452185,0.0974160771776031,0.0003,0.3896906077861786,14.9,True,0,2026-07-30T15:12:25,TDAG-Net w/o EC-AAM
65,0.1081786461092613,0.0974624597027406,0.0003,0.4238904416561126,14.8,False,1,2026-07-30T15:12:40,TDAG-Net w/o EC-AAM
66,0.1081945131604488,0.0981258502291454,0.0003,0.3720155358314514,14.8,False,2,2026-07-30T15:12:55,TDAG-Net w/o EC-AAM
67,0.107644866488792,0.0973090669447249,0.0003,0.2945923507213592,14.9,True,0,2026-07-30T15:13:10,TDAG-Net w/o EC-AAM
68,0.1080125309281296,0.097140309288279,0.0003,0.3775802552700043,14.9,True,0,2026-07-30T15:13:25,TDAG-Net w/o EC-AAM
69,0.1076270497107243,0.0966827604141864,0.0003,0.424536645412445,14.9,True,0,2026-07-30T15:13:40,TDAG-Net w/o EC-AAM
70,0.1076583564936459,0.0979089339847093,0.0003,0.4091706573963165,14.8,False,1,2026-07-30T15:13:55,TDAG-Net w/o EC-AAM
71,0.1070872848833,0.0958135439963131,0.0003,0.3118501603603363,14.9,True,0,2026-07-30T15:14:10,TDAG-Net w/o EC-AAM
72,0.1074448009441187,0.0970327703507391,0.0003,0.4929870665073395,14.8,False,1,2026-07-30T15:14:24,TDAG-Net w/o EC-AAM
73,0.1069916584170781,0.0955159446777223,0.0003,0.3953228592872619,14.9,True,0,2026-07-30T15:14:39,TDAG-Net w/o EC-AAM
74,0.1068912592235502,0.0958018603396939,0.0003,0.3613613247871399,14.8,False,1,2026-07-30T15:14:54,TDAG-Net w/o EC-AAM
75,0.1067603044784986,0.0966730080135576,0.0003,0.395781397819519,14.8,False,2,2026-07-30T15:15:09,TDAG-Net w/o EC-AAM
76,0.1067038770232881,0.0963073374478371,0.0003,0.4035859704017639,14.8,False,3,2026-07-30T15:15:24,TDAG-Net w/o EC-AAM
77,0.1069565125382863,0.0962886974461131,0.0003,0.4201149642467499,14.8,False,4,2026-07-30T15:15:39,TDAG-Net w/o EC-AAM
78,0.1066308383594502,0.095263953515134,0.0003,0.3213078081607818,14.9,True,0,2026-07-30T15:15:54,TDAG-Net w/o EC-AAM
79,0.1062770266290549,0.0962224140108286,0.0003,0.4465541839599609,14.8,False,1,2026-07-30T15:16:09,TDAG-Net w/o EC-AAM
0,0.2356401246655118,0.2078353222254868,0.0003,0.4552750885486603,14.8,True,0,2026-07-30T15:16:27,TDAG-Net w/o Adaptive
1,0.1753290378785395,0.1528044704880033,0.0003,0.5790890455245972,14.9,True,0,2026-07-30T15:16:42,TDAG-Net w/o Adaptive
2,0.1540102459899671,0.1333608449651644,0.0003,0.6828600764274597,14.9,True,0,2026-07-30T15:16:57,TDAG-Net w/o Adaptive
3,0.1415167345122976,0.1218750938609406,0.0003,0.8772770762443542,14.9,True,0,2026-07-30T15:17:12,TDAG-Net w/o Adaptive
4,0.1351258316865334,0.124660703588973,0.0003,0.570661187171936,14.9,False,1,2026-07-30T15:17:27,TDAG-Net w/o Adaptive
5,0.1303817854805307,0.1136330374322094,0.0003,0.5288082361221313,14.9,True,0,2026-07-30T15:17:42,TDAG-Net w/o Adaptive
6,0.1276736571566089,0.1130599508082473,0.0003,0.5798437595367432,14.9,True,0,2026-07-30T15:17:57,TDAG-Net w/o Adaptive
7,0.1271629980632237,0.1196680139381806,0.0003,0.5401115417480469,14.8,False,1,2026-07-30T15:18:12,TDAG-Net w/o Adaptive
8,0.1249556170387582,0.1100824947704325,0.0003,0.4698195159435272,14.9,True,0,2026-07-30T15:18:27,TDAG-Net w/o Adaptive
9,0.1232689671791516,0.1102708756596177,0.0003,0.463646650314331,14.8,False,1,2026-07-30T15:18:42,TDAG-Net w/o Adaptive
10,0.1223879221048983,0.1082325099179377,0.0003,0.5561892986297607,14.9,True,0,2026-07-30T15:18:57,TDAG-Net w/o Adaptive
11,0.1214453147662864,0.1087208102037618,0.0003,0.4313267171382904,14.8,False,1,2026-07-30T15:19:12,TDAG-Net w/o Adaptive
12,0.1206306324391574,0.1100005499281726,0.0003,0.4489244818687439,14.8,False,2,2026-07-30T15:19:27,TDAG-Net w/o Adaptive
13,0.1202025811423312,0.1239700941266594,0.0003,0.5617963075637817,14.9,False,3,2026-07-30T15:19:42,TDAG-Net w/o Adaptive
14,0.1188470579765655,0.1248981702949974,0.0003,0.4401907622814178,14.9,False,4,2026-07-30T15:19:57,TDAG-Net w/o Adaptive
15,0.1194049774945437,0.1043048176382269,0.0003,0.4962243437767029,14.9,True,0,2026-07-30T15:20:12,TDAG-Net w/o Adaptive
16,0.1181423787396032,0.1042052616293613,0.0003,0.4070543646812439,14.9,True,0,2026-07-30T15:20:27,TDAG-Net w/o Adaptive
17,0.1174755663662166,0.1170992651483514,0.0003,0.436335802078247,14.8,False,1,2026-07-30T15:20:41,TDAG-Net w/o Adaptive
18,0.1171489571640779,0.1127490835202919,0.0003,0.5038884878158569,14.8,False,2,2026-07-30T15:20:56,TDAG-Net w/o Adaptive
19,0.1171291019726585,0.1029534688690206,0.0003,0.4200717806816101,14.9,True,0,2026-07-30T15:21:11,TDAG-Net w/o Adaptive
20,0.1158159261712661,0.1019167253276804,0.0003,0.4873690605163574,14.9,True,0,2026-07-30T15:21:26,TDAG-Net w/o Adaptive
21,0.1152329915827447,0.1018069392622827,0.0003,0.4129688739776611,14.9,True,0,2026-07-30T15:21:41,TDAG-Net w/o Adaptive
22,0.1162056508627566,0.1020701303259357,0.0003,0.584123432636261,14.8,False,1,2026-07-30T15:21:56,TDAG-Net w/o Adaptive
23,0.1146616902816426,0.1024836645676539,0.0003,0.4394265711307525,14.9,False,2,2026-07-30T15:22:11,TDAG-Net w/o Adaptive
24,0.1140473253779359,0.1019049717911652,0.0003,0.3917520940303802,14.8,False,3,2026-07-30T15:22:26,TDAG-Net w/o Adaptive
25,0.1137276446753805,0.1015472438309218,0.0003,0.4108412265777588,14.9,True,0,2026-07-30T15:22:41,TDAG-Net w/o Adaptive
26,0.1133491576209173,0.1002995649373138,0.0003,0.4187681674957275,14.9,True,0,2026-07-30T15:22:56,TDAG-Net w/o Adaptive
27,0.1130352968370521,0.1029007992410397,0.0003,0.5438182950019836,14.9,False,1,2026-07-30T15:23:11,TDAG-Net w/o Adaptive
28,0.1132054831627961,0.1004614823057756,0.0003,0.5673452019691467,14.8,False,2,2026-07-30T15:23:26,TDAG-Net w/o Adaptive
29,0.1118730680955635,0.0988716627624663,0.0003,0.342475950717926,14.9,True,0,2026-07-30T15:23:41,TDAG-Net w/o Adaptive
30,0.1121731734701565,0.104526243858285,0.0003,0.4508083462715149,14.8,False,1,2026-07-30T15:23:56,TDAG-Net w/o Adaptive
31,0.1119921216597923,0.1012089557045108,0.0003,0.3587572872638702,14.9,False,2,2026-07-30T15:24:11,TDAG-Net w/o Adaptive
32,0.1112263582073725,0.0989232232364324,0.0003,0.3609781563282013,14.8,False,3,2026-07-30T15:24:26,TDAG-Net w/o Adaptive
33,0.1107914390472265,0.0984003362911088,0.0003,0.3817399740219116,14.9,True,0,2026-07-30T15:24:41,TDAG-Net w/o Adaptive
34,0.1113869871084506,0.1001793032327851,0.0003,0.4230197966098785,14.9,False,1,2026-07-30T15:24:56,TDAG-Net w/o Adaptive
35,0.110749733038656,0.0976976848074368,0.0003,0.3641971349716186,14.9,True,0,2026-07-30T15:25:11,TDAG-Net w/o Adaptive
36,0.1107160138396116,0.0989261016167782,0.0003,0.4338512122631073,14.9,False,1,2026-07-30T15:25:26,TDAG-Net w/o Adaptive
37,0.1104038489061397,0.0990252577914641,0.0003,0.4695814251899719,14.8,False,2,2026-07-30T15:25:41,TDAG-Net w/o Adaptive
38,0.1101223138662485,0.0976834805620895,0.0003,0.4630697965621948,14.9,True,0,2026-07-30T15:25:56,TDAG-Net w/o Adaptive
39,0.1095528785671506,0.0970753580741174,0.0003,0.413123607635498,14.9,True,0,2026-07-30T15:26:11,TDAG-Net w/o Adaptive
40,0.109700235413326,0.1025551509234931,0.0003,0.3968582153320312,14.9,False,1,2026-07-30T15:26:26,TDAG-Net w/o Adaptive
41,0.1092827107880141,0.0975092141019119,0.0003,0.3639487028121948,14.9,False,2,2026-07-30T15:26:41,TDAG-Net w/o Adaptive
42,0.1090274469865547,0.0987365785781498,0.0003,0.4859253168106079,14.9,False,3,2026-07-30T15:26:55,TDAG-Net w/o Adaptive
43,0.1085375043717059,0.0964565482604634,0.0003,0.3302339613437652,14.9,True,0,2026-07-30T15:27:10,TDAG-Net w/o Adaptive
44,0.1085498584004548,0.097990422458439,0.0003,0.4565393328666687,14.8,False,1,2026-07-30T15:27:25,TDAG-Net w/o Adaptive
45,0.1088275147172121,0.0970246115146757,0.0003,0.4261431992053985,14.8,False,2,2026-07-30T15:27:40,TDAG-Net w/o Adaptive
46,0.1081398501992225,0.0991628939633841,0.0003,0.3719563484191894,14.9,False,3,2026-07-30T15:27:55,TDAG-Net w/o Adaptive
47,0.1084116844194276,0.0954987456674104,0.0003,0.3605827689170837,14.9,True,0,2026-07-30T15:28:10,TDAG-Net w/o Adaptive
48,0.108280949130818,0.0951672367096602,0.0003,0.400391012430191,14.9,True,0,2026-07-30T15:28:25,TDAG-Net w/o Adaptive
49,0.1083334500154296,0.1020418832917789,0.0003,0.4427363276481628,14.8,False,1,2026-07-30T15:28:40,TDAG-Net w/o Adaptive
50,0.107222202862357,0.0953907610459642,0.0003,0.3102835118770599,14.8,False,2,2026-07-30T15:28:55,TDAG-Net w/o Adaptive
51,0.1079378062879646,0.0967149094238386,0.0003,0.5441011190414429,14.8,False,3,2026-07-30T15:29:10,TDAG-Net w/o Adaptive
52,0.1077634021148576,0.0943051468130651,0.0003,0.452016144990921,14.9,True,0,2026-07-30T15:29:25,TDAG-Net w/o Adaptive
53,0.1074593653063197,0.0951163071197467,0.0003,0.4865939319133758,14.8,False,1,2026-07-30T15:29:40,TDAG-Net w/o Adaptive
54,0.1067742736784966,0.0950089989045819,0.0003,0.3153450191020965,14.9,False,2,2026-07-30T15:29:55,TDAG-Net w/o Adaptive
55,0.1072360294697049,0.0949497030904659,0.0003,0.4007689356803894,14.9,False,3,2026-07-30T15:30:10,TDAG-Net w/o Adaptive
56,0.1064641571470669,0.0947099739869872,0.0003,0.3315435647964477,14.9,False,4,2026-07-30T15:30:25,TDAG-Net w/o Adaptive
57,0.1067034577111621,0.0978690569217388,0.0003,0.3640631437301636,14.9,False,5,2026-07-30T15:30:40,TDAG-Net w/o Adaptive
58,0.1064835044053884,0.0954540857820065,0.0003,0.4878537654876709,14.8,False,6,2026-07-30T15:30:55,TDAG-Net w/o Adaptive
59,0.1061076920766096,0.0944902357328069,0.00015,0.4190066158771515,14.9,False,7,2026-07-30T15:31:09,TDAG-Net w/o Adaptive
60,0.105333740730862,0.0941192792667137,0.00015,0.2925290465354919,14.9,True,0,2026-07-30T15:31:24,TDAG-Net w/o Adaptive
61,0.1052417252417449,0.0943151721423798,0.00015,0.3105279207229614,14.8,False,1,2026-07-30T15:31:39,TDAG-Net w/o Adaptive
62,0.1053733114357833,0.0941289693199016,0.00015,0.440094918012619,14.8,False,2,2026-07-30T15:31:54,TDAG-Net w/o Adaptive
63,0.1049867488525726,0.093188890757469,0.00015,0.3629356026649475,14.9,True,0,2026-07-30T15:32:09,TDAG-Net w/o Adaptive
64,0.1049452517877568,0.0941310261713934,0.00015,0.2974548637866974,14.8,False,1,2026-07-30T15:32:24,TDAG-Net w/o Adaptive
65,0.1052168963538421,0.0938926910224196,0.00015,0.2983181476593017,14.9,False,2,2026-07-30T15:32:39,TDAG-Net w/o Adaptive
66,0.1050872013300329,0.0927395920095208,0.00015,0.3810144066810608,14.9,True,0,2026-07-30T15:32:54,TDAG-Net w/o Adaptive
67,0.1047640844852059,0.0934506877847425,0.00015,0.3889709115028381,14.9,False,1,2026-07-30T15:33:09,TDAG-Net w/o Adaptive
68,0.1046842023566529,0.0935681028352989,0.00015,0.3389238715171814,14.8,False,2,2026-07-30T15:33:24,TDAG-Net w/o Adaptive
69,0.1045423741851534,0.0927161832677794,0.00015,0.3540934026241302,14.9,True,0,2026-07-30T15:33:39,TDAG-Net w/o Adaptive
70,0.1048103468922468,0.0952420192514802,0.00015,0.3401786386966705,14.8,False,1,2026-07-30T15:33:54,TDAG-Net w/o Adaptive
71,0.1045345357486179,0.0932490739275466,0.00015,0.3742502629756927,14.8,False,2,2026-07-30T15:34:09,TDAG-Net w/o Adaptive
72,0.1043905475146168,0.0927232295110985,0.00015,0.3187138438224792,14.9,False,3,2026-07-30T15:34:24,TDAG-Net w/o Adaptive
73,0.1043919954817373,0.0935637744573446,0.00015,0.3593068718910217,14.9,False,4,2026-07-30T15:34:39,TDAG-Net w/o Adaptive
74,0.1043750578230554,0.0929516501479096,0.00015,0.3590681552886963,14.9,False,5,2026-07-30T15:34:54,TDAG-Net w/o Adaptive
75,0.1042453640273639,0.0943154700018547,0.00015,0.3937031626701355,14.8,False,6,2026-07-30T15:35:09,TDAG-Net w/o Adaptive
76,0.1043681420140214,0.0925554000659958,0.00015,0.4287798404693603,14.9,True,0,2026-07-30T15:35:24,TDAG-Net w/o Adaptive
77,0.1045627701904747,0.092974907790239,0.00015,0.5029420256614685,14.9,False,1,2026-07-30T15:35:38,TDAG-Net w/o Adaptive
78,0.1042334003926633,0.09534472235284,0.00015,0.3731032013893127,14.9,False,2,2026-07-30T15:35:53,TDAG-Net w/o Adaptive
79,0.1041453295520373,0.0931176383989852,0.00015,0.3482217192649841,14.8,False,3,2026-07-30T15:36:08,TDAG-Net w/o Adaptive
