lag_days,acf,persona
0.009259259259259259,0.9727284139402165,Commuter
0.018518518518518517,0.9127238644625961,Commuter
0.027777777777777776,0.8297613678883878,Commuter
0.037037037037037035,0.7148196990931566,Commuter
0.046296296296296294,0.5862476335413216,Commuter
0.05555555555555555,0.4588711298457684,Commuter
0.06481481481481481,0.3310961384152311,Commuter
0.07407407407407407,0.21072121717818804,Commuter
0.08333333333333333,0.10422081499638328,Commuter
0.09259259259259259,0.009705636634891605,Commuter
0.10185185185185185,-0.07092321527682961,Commuter
0.1111111111111111,-0.13729506669194538,Commuter
0.12037037037037036,-0.1927776098651789,Commuter
0.12962962962962962,-0.2369387388820699,Commuter
0.1388888888888889,-0.27035173254208955,Commuter
0.14814814814814814,-0.296127859859761,Commuter
0.1574074074074074,-0.31410674018110585,Commuter
0.16666666666666666,-0.3250736214869881,Commuter
0.17592592592592593,-0.33188581890102825,Commuter
0.18518518518518517,-0.33425024188467384,Commuter
0.19444444444444445,-0.33369520413986664,Commuter
0.2037037037037037,-0.33208901302334426,Commuter
0.21296296296296297,-0.3283956898735308,Commuter
0.2222222222222222,-0.3240765996138723,Commuter
0.23148148148148148,-0.3205013666949188,Commuter
0.24074074074074073,-0.3162336927193243,Commuter
0.25,-0.31199984953281495,Commuter
0.25925925925925924,-0.30875219415378546,Commuter
0.26851851851851855,-0.30492974188766325,Commuter
0.2777777777777778,-0.3003502717375979,Commuter
0.28703703703703703,-0.2957245528952991,Commuter
0.2962962962962963,-0.28944983572562577,Commuter
0.3055555555555556,-0.2808537795752223,Commuter
0.3148148148148148,-0.2703118716506615,Commuter
0.32407407407407407,-0.255580488090483,Commuter
0.3333333333333333,-0.23642678409001464,Commuter
0.3425925925925926,-0.21300529401709428,Commuter
0.35185185185185186,-0.18282618633760775,Commuter
0.3611111111111111,-0.14641573224082294,Commuter
0.37037037037037035,-0.10494326440998618,Commuter
0.37962962962962965,-0.057124384074317074,Commuter
0.3888888888888889,-0.004224001730750452,Commuter
0.39814814814814814,0.051080613622951916,Commuter
0.4074074074074074,0.1080659202607038,Commuter
0.4166666666666667,0.16348743717377817,Commuter
0.42592592592592593,0.2136230397613026,Commuter
0.4351851851851852,0.25913313010837075,Commuter
0.4444444444444444,0.2966320131710859,Commuter
0.4537037037037037,0.3231673558884056,Commuter
0.46296296296296297,0.3454831144773153,Commuter
0.4722222222222222,0.3623899419364164,Commuter
0.48148148148148145,0.36995773705144086,Commuter
0.49074074074074076,0.38172582470519606,Commuter
0.5,0.39708200233376456,Commuter
0.5092592592592593,0.4049834239432462,Commuter
0.5185185185185185,0.4163114271316245,Commuter
0.5277777777777778,0.42878880473121245,Commuter
0.5370370370370371,0.4276171470110172,Commuter
0.5462962962962963,0.4175613824905277,Commuter
0.5555555555555556,0.3992278602325931,Commuter
0.5648148148148148,0.36527879090750237,Commuter
0.5740740740740741,0.3195887178575589,Commuter
0.5833333333333334,0.26631395536840685,Commuter
0.5925925925925926,0.20533419066409497,Commuter
0.6018518518518519,0.1412951158822718,Commuter
0.6111111111111112,0.07814976510358153,Commuter
0.6203703703703703,0.017245787768368874,Commuter
0.6296296296296297,-0.03809364952080414,Commuter
0.6388888888888888,-0.08647772102595545,Commuter
0.6481481481481481,-0.1288348429703543,Commuter
0.6574074074074074,-0.16386410713524294,Commuter
0.6666666666666666,-0.19137600462508259,Commuter
0.6759259259259259,-0.21387208164810442,Commuter
0.6851851851851852,-0.2311973824986537,Commuter
0.6944444444444444,-0.2439247777041301,Commuter
0.7037037037037037,-0.2544562961364589,Commuter
0.7129629629629629,-0.2624701836377705,Commuter
0.7222222222222222,-0.26878834699029674,Commuter
0.7314814814814815,-0.2750814234464119,Commuter
0.7407407407407407,-0.2806687527371169,Commuter
0.75,-0.28587070448797075,Commuter
0.7592592592592593,-0.2921177197724347,Commuter
0.7685185185185185,-0.29841926695772214,Commuter
0.7777777777777778,-0.30418933923874814,Commuter
0.7870370370370371,-0.3106513150382977,Commuter
0.7962962962962963,-0.31640010585199196,Commuter
0.8055555555555556,-0.320123245395673,Commuter
0.8148148148148148,-0.322710622610713,Commuter
0.8240740740740741,-0.3223682253982556,Commuter
0.8333333333333334,-0.3176940775765981,Commuter
0.8425925925925926,-0.30887386485360485,Commuter
0.8518518518518519,-0.29341018278178765,Commuter
0.8611111111111112,-0.2708183853551927,Commuter
0.8703703703703703,-0.2413572657707442,Commuter
0.8796296296296297,-0.20225766718668894,Commuter
0.8888888888888888,-0.15319114406442041,Commuter
0.8981481481481481,-0.09494951659026005,Commuter
0.9074074074074074,-0.024644789933948932,Commuter
0.9166666666666666,0.05722727417012199,Commuter
0.9259259259259259,0.14860290076392518,Commuter
0.9351851851851852,0.25125638485320995,Commuter
0.9444444444444444,0.35979249117502676,Commuter
0.9537037037037037,0.4673024785738662,Commuter
0.9629629629629629,0.5755524683074713,Commuter
0.9722222222222222,0.672577018848981,Commuter
0.9814814814814815,0.7426721145319229,Commuter
0.9907407407407407,0.7935955015760867,Commuter
1.0,0.8173075567610072,Commuter
1.0092592592592593,0.7955936119880677,Commuter
1.0185185185185186,0.7463421201202933,Commuter
1.0277777777777777,0.677819460962782,Commuter
1.037037037037037,0.5820523357080107,Commuter
1.0462962962962963,0.47459988072013337,Commuter
1.0555555555555556,0.36774815272730205,Commuter
1.0648148148148149,0.2597540385869027,Commuter
1.0740740740740742,0.1574999932170568,Commuter
1.0833333333333333,0.06663222789748369,Commuter
1.0925925925925926,-0.014529620204225952,Commuter
1.1018518518518519,-0.08400872055557825,Commuter
1.1111111111111112,-0.1413230194942925,Commuter
1.1203703703703705,-0.1893795179509279,Commuter
1.1296296296296295,-0.22747547980541802,Commuter
1.1388888888888888,-0.25598338759142464,Commuter
1.1481481481481481,-0.2777283139397379,Commuter
1.1574074074074074,-0.2924063146095008,Commuter
1.1666666666666667,-0.3007093399710235,Commuter
1.1759259259259258,-0.3053299081334518,Commuter
1.1851851851851851,-0.3060274957018392,Commuter
1.1944444444444444,-0.3042153930206069,Commuter
1.2037037037037037,-0.3017536603003942,Commuter
1.212962962962963,-0.29768722043148627,Commuter
1.2222222222222223,-0.29332618674094013,Commuter
1.2314814814814814,-0.2900953998849655,Commuter
1.2407407407407407,-0.2865606811934398,Commuter
1.25,-0.2832909993083226,Commuter
1.2592592592592593,-0.2812144110493975,Commuter
1.2685185185185186,-0.2787163880216721,Commuter
1.2777777777777777,-0.27560329888734825,Commuter
1.287037037037037,-0.27249957918262085,Commuter
1.2962962962962963,-0.26777199336261065,Commuter
1.3055555555555556,-0.26081728140877464,Commuter
1.3148148148148149,-0.25200602520151993,Commuter
1.3240740740740742,-0.23919703491152597,Commuter
1.3333333333333333,-0.2223248608066548,Commuter
1.3425925925925926,-0.20158462371988203,Commuter
1.3518518518518519,-0.17465769234813963,Commuter
1.3611111111111112,-0.14223526081381568,Commuter
1.3703703703703705,-0.10544016458906312,Commuter
1.3796296296296295,-0.06301588163704991,Commuter
1.3888888888888888,-0.016163281982140974,Commuter
1.3981481481481481,0.03271708372180361,Commuter
1.4074074074074074,0.0831741306625843,Commuter
1.4166666666666667,0.13247383459267706,Commuter
1.4259259259259258,0.17733312117024944,Commuter
1.4351851851851851,0.21850891686438326,Commuter
1.4444444444444444,0.2531186082619585,Commuter
1.4537037037037037,0.2784522328630825,Commuter
1.462962962962963,0.3002249039108303,Commuter
1.4722222222222223,0.317322853366902,Commuter
1.4814814814814814,0.32607968422891576,Commuter
1.4907407407407407,0.33777610941076885,Commuter
1.5,0.35182491753882666,Commuter
1.5092592592592593,0.3587356065596379,Commuter
1.5185185185185186,0.3678396501397964,Commuter
1.5277777777777777,0.37717090823469807,Commuter
1.537037037037037,0.37420445869960867,Commuter
1.5462962962962963,0.36343804671999275,Commuter
1.5555555555555556,0.34551453277084987,Commuter
1.5648148148148149,0.3141097313742179,Commuter
1.5740740740740742,0.27283341357678587,Commuter
1.5833333333333333,0.22533856001170172,Commuter
1.5925925925925926,0.17130349610654372,Commuter
1.6018518518518519,0.11483614432498442,Commuter
1.6111111111111112,0.05937689727964964,Commuter
1.6203703703703705,0.005876910397990514,Commuter
1.6296296296296295,-0.042678145554526155,Commuter
1.6388888888888888,-0.08499502655029188,Commuter
1.6481481481481481,-0.12206793058227673,Commuter
1.6574074074074074,-0.15261327153341425,Commuter
1.6666666666666667,-0.1763465660654653,Commuter
1.6759259259259258,-0.19564443902209813,Commuter
1.6851851851851851,-0.21025222779063324,Commuter
1.6944444444444444,-0.2206335270443773,Commuter
1.7037037037037037,-0.22910220718020757,Commuter
1.712962962962963,-0.23530805990946432,Commuter
1.7222222222222223,-0.2399618757406842,Commuter
1.7314814814814814,-0.2447832665841535,Commuter
1.7407407407407407,-0.24913408763847067,Commuter
1.75,-0.2533070887578286,Commuter
1.7592592592592593,-0.25876390768240476,Commuter
1.7685185185185186,-0.2645702387674321,Commuter
1.7777777777777777,-0.27021609683272213,Commuter
1.787037037037037,-0.2768853826688816,Commuter
1.7962962962962963,-0.2831836498622974,Commuter
1.8055555555555556,-0.28787190170624577,Commuter
1.8148148148148149,-0.2916921865362445,Commuter
1.8240740740740742,-0.29291255291724794,Commuter
1.8333333333333333,-0.29017923704110243,Commuter
1.8425925925925926,-0.2836036402719268,Commuter
1.8518518518518519,-0.27084063868137054,Commuter
1.8611111111111112,-0.25155334393721757,Commuter
1.8703703703703705,-0.2261027802109702,Commuter
1.8796296296296295,-0.1920028140877065,Commuter
1.8888888888888888,-0.14918336690899253,Commuter
1.8981481481481481,-0.09860406979651312,Commuter
1.9074074074074074,-0.03784453686386815,Commuter
1.9166666666666667,0.03254091473865038,Commuter
1.9259259259259258,0.11040633476326621,Commuter
1.9351851851851851,0.1973410774337998,Commuter
1.9444444444444444,0.28878116310831375,Commuter
1.9537037037037037,0.37863734167526963,Commuter
1.962962962962963,0.4686501890687535,Commuter
1.9722222222222223,0.5493247147626305,Commuter
1.9814814814814814,0.6074068146029695,Commuter
1.9907407407407407,0.649436359415011,Commuter
2.0,0.6690835768716887,Commuter
2.009259259259259,0.6511199761736849,Commuter
2.0185185185185186,0.6103323151752511,Commuter
2.0277777777777777,0.553395106308375,Commuter
2.037037037037037,0.4735271094373963,Commuter
2.0462962962962963,0.3837443301920531,Commuter
2.0555555555555554,0.29394250277659983,Commuter
2.064814814814815,0.20236294465950214,Commuter
2.074074074074074,0.11510185927557212,Commuter
2.0833333333333335,0.037079048025102465,Commuter
2.0925925925925926,-0.03327479589734408,Commuter
2.1018518518518516,-0.09392148141799596,Commuter
2.111111111111111,-0.1441848977613085,Commuter
2.1203703703703702,-0.18654169979648136,Commuter
2.1296296296296298,-0.2201037701077369,Commuter
2.138888888888889,-0.24499533986585825,Commuter
2.1481481481481484,-0.2637344626321296,Commuter
2.1574074074074074,-0.27590317706890755,Commuter
2.1666666666666665,-0.28208131487907645,Commuter
2.175925925925926,-0.2847674927697102,Commuter
2.185185185185185,-0.28376845029144165,Commuter
2.1944444444444446,-0.28044961987307154,Commuter
2.2037037037037037,-0.27660612544876045,Commuter
2.212962962962963,-0.27139573633979575,Commuter
2.2222222222222223,-0.2661182099655931,Commuter
2.2314814814814814,-0.2621083029927719,Commuter
2.240740740740741,-0.2580585004393514,Commuter
2.25,-0.25449433815151723,Commuter
2.259259259259259,-0.25219802161004606,Commuter
2.2685185185185186,-0.24957657326200658,Commuter
2.2777777777777777,-0.24642733360971,Commuter
2.287037037037037,-0.2432580811905846,Commuter
2.2962962962962963,-0.23834005184732932,Commuter
2.3055555555555554,-0.23118881275602782,Commuter
2.314814814814815,-0.22211688676582433,Commuter
2.324074074074074,-0.20902350273652823,Commuter
2.3333333333333335,-0.19201799942839715,Commuter
2.3425925925925926,-0.1712849818931918,Commuter
2.3518518518518516,-0.14454607215901666,Commuter
2.361111111111111,-0.11271370910145043,Commuter
2.3703703703703702,-0.07692964089451887,Commuter
2.3796296296296298,-0.03582980542309828,Commuter
2.388888888888889,0.009232479624936365,Commuter
2.3981481481481484,0.05584985089259627,Commuter
2.4074074074074074,0.10373948239726621,Commuter
2.4166666666666665,0.15023847863070378,Commuter
2.425925925925926,0.1921446334138173,Commuter
2.435185185185185,0.230216034068758,Commuter
2.4444444444444446,0.2616529659738267,Commuter
2.4537037037037037,0.2837473332539248,Commuter
2.462962962962963,0.3017683376868498,Commuter
2.4722222222222223,0.3146509621355779,Commuter
2.4814814814814814,0.3188217524993195,Commuter
2.490740740740741,0.32454272852096444,Commuter
2.5,0.3318212513937053,Commuter
2.509259259259259,0.3322506018825018,Commuter
2.5185185185185186,0.33419959860146653,Commuter
2.5277777777777777,0.33665201916119425,Commuter
2.537037037037037,0.3288697367012364,Commuter
2.5462962962962963,0.3148149023589155,Commuter
2.5555555555555554,0.2952727126203972,Commuter
2.564814814814815,0.2647259678261745,Commuter
2.574074074074074,0.22632259652823036,Commuter
2.5833333333333335,0.18310675469539578,Commuter
2.5925925925925926,0.13444970046703383,Commuter
2.6018518518518516,0.08391456421219559,Commuter
2.611111111111111,0.03445916934695847,Commuter
2.6203703703703702,-0.013390935922008353,Commuter
2.6296296296296298,-0.056991785400592215,Commuter
2.638888888888889,-0.09508335657416492,Commuter
2.6481481481481484,-0.1287297625212552,Commuter
2.6574074074074074,-0.15665455017956256,Commuter
2.6666666666666665,-0.17844732536563804,Commuter
2.675925925925926,-0.19625697451164123,Commuter
2.685185185185185,-0.2098053058624492,Commuter
2.6944444444444446,-0.21934094324850634,Commuter
2.7037037037037037,-0.22700985210891428,Commuter
2.712962962962963,-0.23244746511693967,Commuter
2.7222222222222223,-0.23622296032020765,Commuter
2.7314814814814814,-0.24007904160435362,Commuter
2.740740740740741,-0.2434814528317745,Commuter
2.75,-0.24666549526059592,Commuter
2.759259259259259,-0.2511299933745932,Commuter
2.7685185185185186,-0.25608037814667284,Commuter
2.7777777777777777,-0.2610350630441576,Commuter
2.787037037037037,-0.26715095641964115,Commuter
2.7962962962962963,-0.27310056170146035,Commuter
2.8055555555555554,-0.27767772528858925,Commuter
2.814814814814815,-0.2815654487566151,Commuter
2.824074074074074,-0.2830378961840335,Commuter
2.8333333333333335,-0.28078384333252243,Commuter
2.8425925925925926,-0.27473122278777845,Commuter
2.8518518518518516,-0.2626388256240902,Commuter
2.861111111111111,-0.24417889427933426,Commuter
2.8703703703703702,-0.21967574268752477,Commuter
2.8796296296296298,-0.18675595352198707,Commuter
2.888888888888889,-0.1454606576005067,Commuter
2.8981481481481484,-0.09681538807211382,Commuter
2.9074074074074074,-0.038547067562177344,Commuter
2.9166666666666665,0.02861891217912738,Commuter
2.925925925925926,0.10257346699069964,Commuter
2.935185185185185,0.18470890459568548,Commuter
2.9444444444444446,0.2706504361007022,Commuter
2.9537037037037037,0.35465065612951624,Commuter
2.962962962962963,0.43840823617155067,Commuter
2.9722222222222223,0.5130622641325558,Commuter
2.9814814814814814,0.566484815565065,Commuter
2.990740740740741,0.6048514977771252,Commuter
3.0,0.6221617380063931,Commuter
3.009259259259259,0.6045600925126525,Commuter
3.0185185185185186,0.5659162804223283,Commuter
3.0277777777777777,0.5121578018226997,Commuter
3.037037037037037,0.4371390415768663,Commuter
3.0462962962962963,0.3530562705289809,Commuter
3.0555555555555554,0.2688122176518216,Commuter
3.064814814814815,0.18274802061613243,Commuter
3.074074074074074,0.10062818681129294,Commuter
3.0833333333333335,0.0269402190599171,Commuter
3.0925925925925926,-0.03975642918913702,Commuter
3.1018518518518516,-0.09741068526792478,Commuter
3.111111111111111,-0.14535481360172217,Commuter
3.1203703703703702,-0.18590909012089013,Commuter
3.1296296296296298,-0.21805893120083347,Commuter
3.138888888888889,-0.24189911862421945,Commuter
3.1481481481481484,-0.25979189311743284,Commuter
3.1574074074074074,-0.271352857531251,Commuter
3.1666666666666665,-0.27705296720832645,Commuter
3.175925925925926,-0.27926662838575517,Commuter
3.185185185185185,-0.27788573417999535,Commuter
3.1944444444444446,-0.27422405515120823,Commuter
3.2037037037037037,-0.27002570582544616,Commuter
3.212962962962963,-0.26453101743904034,Commuter
3.2222222222222223,-0.25898756511861437,Commuter
3.2314814814814814,-0.25468451310317153,Commuter
3.240740740740741,-0.25041319033409243,Commuter
3.25,-0.24665073116896122,Commuter
3.259259259259259,-0.24415856690644622,Commuter
3.2685185185185186,-0.241394585125577,Commuter
3.2777777777777777,-0.23815974436068318,Commuter
3.287037037037037,-0.23495253047767017,Commuter
3.2962962962962963,-0.2300056194336472,Commuter
3.3055555555555554,-0.2227862233945728,Commuter
3.314814814814815,-0.21364569351213988,Commuter
3.324074074074074,-0.20043612436199276,Commuter
3.3333333333333335,-0.18308081296900502,Commuter
3.3425925925925926,-0.16181240519764037,Commuter
3.3518518518518516,-0.13443037491896256,Commuter
3.361111111111111,-0.10162887775684017,Commuter
3.3703703703703702,-0.0646205924991627,Commuter
3.3796296296296298,-0.02219803330439667,Commuter
3.388888888888889,0.024285908195311852,Commuter
3.3981481481481484,0.07227997055527557,Commuter
3.4074074074074074,0.12141889370685656,Commuter
3.4166666666666665,0.1688696579478068,Commuter
3.425925925925926,0.21124452726527018,Commuter
3.435185185185185,0.2492341397714001,Commuter
3.4444444444444446,0.2798350841675423,Commuter
3.4537037037037037,0.30020424682045604,Commuter
3.462962962962963,0.3156311332122156,Commuter
3.4722222222222223,0.3251485435176356,Commuter
3.4814814814814814,0.32501126682187254,Commuter
3.490740740740741,0.3256357037347959,Commuter
3.5,0.32760978030676985,Commuter
3.509259259259259,0.3226469935102076,Commuter
3.5185185185185186,0.3191395762233215,Commuter
3.5277777777777777,0.3167069821487106,Commuter
3.537037037037037,0.30512653080167895,Commuter
3.5462962962962963,0.28814688559726587,Commuter
3.5555555555555554,0.2667681554832065,Commuter
3.564814814814815,0.23572037949196545,Commuter
3.574074074074074,0.19787847437553432,Commuter
3.5833333333333335,0.15610466476341664,Commuter
3.5925925925925926,0.10961023917492085,Commuter
3.6018518518518516,0.06166498857237638,Commuter
3.611111111111111,0.015020529351202913,Commuter
3.6203703703703702,-0.030031891389860132,Commuter
3.6296296296296298,-0.07101570405511463,Commuter
3.638888888888889,-0.10668218700034868,Commuter
3.6481481481481484,-0.13826721522747967,Commuter
3.6574074074074074,-0.1645422593954492,Commuter
3.6666666666666665,-0.1849290740142911,Commuter
3.675925925925926,-0.2015679762598161,Commuter
3.685185185185185,-0.2141821852435461,Commuter
3.6944444444444446,-0.222910243232484,Commuter
3.7037037037037037,-0.2298636092436604,Commuter
3.712962962962963,-0.23464027081909514,Commuter
3.7222222222222223,-0.23779887312065923,Commuter
3.7314814814814814,-0.24102011968263024,Commuter
3.740740740740741,-0.2438083709739593,Commuter
3.75,-0.24634726959516845,Commuter
3.759259259259259,-0.25015457245371553,Commuter
3.7685185185185186,-0.25447971522766283,Commuter
3.7777777777777777,-0.2587934799245791,Commuter
3.787037037037037,-0.26430954651125516,Commuter
3.7962962962962963,-0.2697203706321146,Commuter
3.8055555555555554,-0.2737878516223397,Commuter
3.814814814814815,-0.2772769645422522,Commuter
3.824074074074074,-0.27844572400594936,Commuter
3.8333333333333335,-0.2759378827859342,Commuter
3.8425925925925926,-0.26980777890463536,Commuter
3.8518518518518516,-0.25770288492177423,Commuter
3.861111111111111,-0.2391713228493603,Commuter
3.8703703703703702,-0.21459732545121518,Commuter
3.8796296296296298,-0.18152337953468217,Commuter
3.888888888888889,-0.13993355033341098,Commuter
3.8981481481481484,-0.09075119308946067,Commuter
3.9074074074074074,-0.03160063399167509,Commuter
3.9166666666666665,0.036809592353472656,Commuter
3.925925925925926,0.11244253115704236,Commuter
3.935185185185185,0.19676650603404572,Commuter
3.9444444444444446,0.28515901590860726,Commuter
3.9537037037037037,0.37178670676996073,Commuter
3.962962962962963,0.45826219581360345,Commuter
3.9722222222222223,0.5352994195070967,Commuter
3.9814814814814814,0.5903234590744051,Commuter
3.990740740740741,0.6297315901805108,Commuter
4.0,0.6472406945473131,Commuter
4.0092592592592595,0.6285002823317487,Commuter
4.018518518518518,0.5879773459898638,Commuter
4.027777777777778,0.5318360239248696,Commuter
4.037037037037037,0.4537653752139759,Commuter
4.046296296296297,0.3664130753349884,Commuter
4.055555555555555,0.279031234749128,Commuter
4.064814814814815,0.18996486353036837,Commuter
4.074074074074074,0.10510255163469545,Commuter
4.083333333333333,0.029058903995414442,Commuter
4.092592592592593,-0.03966369911099548,Commuter
4.101851851851852,-0.09899316229929797,Commuter
4.111111111111111,-0.1482701438310068,Commuter
4.12037037037037,-0.189895245523377,Commuter
4.12962962962963,-0.22290673929840016,Commuter
4.138888888888889,-0.2473710742569039,Commuter
4.148148148148148,-0.26571588303262655,Commuter
4.157407407407407,-0.27759507003653217,Commuter
4.166666666666667,-0.2834987968676807,Commuter
4.175925925925926,-0.28577932359035063,Commuter
4.185185185185185,-0.2843816021614868,Commuter
4.194444444444445,-0.2806440774385325,Commuter
4.203703703703703,-0.27629025908105015,Commuter
4.212962962962963,-0.27055573492059104,Commuter
4.222222222222222,-0.26475439670248135,Commuter
4.231481481481482,-0.2601587625628701,Commuter
4.2407407407407405,-0.25550292299579935,Commuter
4.25,-0.25136675033039285,Commuter
4.2592592592592595,-0.24847241571548714,Commuter
4.268518518518518,-0.24525346352205687,Commuter
4.277777777777778,-0.24152700510535205,Commuter
4.287037037037037,-0.23780724882484702,Commuter
4.296296296296297,-0.2323246104567743,Commuter
4.305555555555555,-0.2245485371321385,Commuter
4.314814814814815,-0.21484219651015599,Commuter
4.324074074074074,-0.20101912089349078,Commuter
4.333333333333333,-0.18300949243291426,Commuter
4.342592592592593,-0.16100189092815945,Commuter
4.351851851851852,-0.1327889819820341,Commuter
4.361111111111111,-0.09905892954535189,Commuter
4.37037037037037,-0.06096689726835927,Commuter
4.37962962962963,-0.017350139119798727,Commuter
4.388888888888889,0.030388354668627268,Commuter
4.398148148148148,0.07969224932669987,Commuter
4.407407407407407,0.13017617704552323,Commuter
4.416666666666667,0.17883853934449795,Commuter
4.425925925925926,0.2221969180496287,Commuter
4.435185185185185,0.2609913755688163,Commuter
4.444444444444445,0.2921463970859263,Commuter
4.453703703703703,0.3126288863410264,Commuter
4.462962962962963,0.32801805168898285,Commuter
4.472222222222222,0.33743565628877953,Commuter
4.481481481481482,0.33694808951610816,Commuter
4.4907407407407405,0.3374054195357132,Commuter
4.5,0.33949432693932907,Commuter
4.5092592592592595,0.3346091217462561,Commuter
4.518518518518518,0.33137222269693817,Commuter
4.527777777777778,0.3294231050665413,Commuter
4.537037037037037,0.31807568501754674,Commuter
4.546296296296297,0.3011403924811108,Commuter
4.555555555555555,0.27961578117749325,Commuter
4.564814814814815,0.24804260394412073,Commuter
4.574074074074074,0.20928907201275532,Commuter
4.583333333333333,0.1663322217786703,Commuter
4.592592592592593,0.1184339916782326,Commuter
4.601851851851852,0.06891838042522944,Commuter
4.611111111111111,0.02062069359859165,Commuter
4.62037037037037,-0.026044018771412995,Commuter
4.62962962962963,-0.06860532895690423,Commuter
4.638888888888889,-0.10573932226003435,Commuter
4.648148148148148,-0.13867363847385805,Commuter
4.657407407407407,-0.1662012740078508,Commuter
4.666666666666667,-0.1876917947194237,Commuter
4.675925925925926,-0.20531211652157036,Commuter
4.685185185185185,-0.2188039601344574,Commuter
4.694444444444445,-0.22828623475672205,Commuter
4.703703703703703,-0.2358705001022044,Commuter
4.712962962962963,-0.24119841104772377,Commuter
4.722222222222222,-0.24482637654255976,Commuter
4.731481481481482,-0.24844572899340472,Commuter
4.7407407407407405,-0.25155748041713766,Commuter
4.75,-0.2544305505467753,Commuter
4.7592592592592595,-0.2585718973228454,Commuter
4.768518518518518,-0.26321374836027106,Commuter
4.777777777777778,-0.26789611798087987,Commuter
4.787037037037037,-0.27384815755981257,Commuter
4.796296296296297,-0.2796659959051258,Commuter
4.805555555555555,-0.2841445858917082,Commuter
4.814814814814815,-0.2880544542262746,Commuter
4.824074074074074,-0.28957481365305365,Commuter
4.833333333333333,-0.28734330292855115,Commuter
4.842592592592593,-0.2813389778157854,Commuter
4.851851851851852,-0.2692129243181935,Commuter
4.861111111111111,-0.2505224398792341,Commuter
4.87037037037037,-0.22556128913307996,Commuter
4.87962962962963,-0.19188465972719565,Commuter
4.888888888888889,-0.14948254296918434,Commuter
4.898148148148148,-0.0992304908924943,Commuter
4.907407407407407,-0.03867246172173129,Commuter
4.916666666666667,0.031386447331766716,Commuter
4.925925925925926,0.10888821420759211,Commuter
4.935185185185185,0.19541306508189388,Commuter
4.944444444444445,0.28609775088244627,Commuter
4.953703703703703,0.3749341585536801,Commuter
4.962962962962963,0.4637087766863835,Commuter
4.972222222222222,0.5426767984832145,Commuter
4.981481481481482,0.598890249184212,Commuter
4.9907407407407405,0.6391405768827774,Commuter
5.0,0.6567773345537787,Commuter
5.0092592592592595,0.6370688862238063,Commuter
5.018518518518518,0.5951702601333901,Commuter
5.027777777777778,0.5373569199420554,Commuter
5.037037037037037,0.457101515929021,Commuter
5.046296296296297,0.3676631594074148,Commuter
5.055555555555555,0.27853690920367014,Commuter
5.064814814814815,0.18800040211344685,Commuter
5.074074074074074,0.10217152276338581,Commuter
5.083333333333333,0.025636205699745715,Commuter
5.092592592592593,-0.04322948556340119,Commuter
5.101851851851852,-0.10232426496581007,Commuter
5.111111111111111,-0.15120517294370997,Commuter
5.12037037037037,-0.19244917690286473,Commuter
5.12962962962963,-0.22504375038923197,Commuter
5.138888888888889,-0.24921764989515494,Commuter
5.148148148148148,-0.2674896174019156,Commuter
5.157407407407407,-0.27935141699032207,Commuter
5.166666666666667,-0.285332902675872,Commuter
5.175925925925926,-0.28794277768436943,Commuter
5.185185185185185,-0.28688464724181595,Commuter
5.194444444444445,-0.28343334229842965,Commuter
5.203703703703703,-0.2793533525026715,Commuter
5.212962962962963,-0.2737578903180011,Commuter
5.222222222222222,-0.2679228739999339,Commuter
5.231481481481482,-0.26320956574529686,Commuter
5.2407407407407405,-0.25830830599745347,Commuter
5.25,-0.2537554359084211,Commuter
5.2592592592592595,-0.25039607761863436,Commuter
5.268518518518518,-0.24667286120570966,Commuter
5.277777777777778,-0.24238362787460188,Commuter
5.287037037037037,-0.23812355895948806,Commuter
5.296296296296297,-0.23212695793623417,Commuter
5.305555555555555,-0.223807373327815,Commuter
5.314814814814815,-0.21354405526718243,Commuter
5.324074074074074,-0.1990677086703727,Commuter
5.333333333333333,-0.1801983366779729,Commuter
5.342592592592593,-0.1570841634522595,Commuter
5.351851851851852,-0.1273295417266113,Commuter
5.361111111111111,-0.09161967839355017,Commuter
5.37037037037037,-0.051072132831962484,Commuter
5.37962962962963,-0.00444803030359043,Commuter
5.388888888888889,0.04676416038906643,Commuter
5.398148148148148,0.09977101183745325,Commuter
5.407407407407407,0.15395162993846553,Commuter
5.416666666666667,0.2059931250744911,Commuter
5.425925925925926,0.25198132010169216,Commuter
5.435185185185185,0.29243934122200843,Commuter
5.444444444444445,0.3238420149544725,Commuter
5.453703703703703,0.3428012568410368,Commuter
5.462962962962963,0.35537776407297444,Commuter
5.472222222222222,0.3608155056544343,Commuter
5.481481481481482,0.35483615910406247,Commuter
5.4907407407407405,0.3494277279390418,Commuter
5.5,0.3459897411678644,Commuter
5.5092592592592595,0.33538832666767515,Commuter
5.518518518518518,0.32692845559860273,Commuter
5.527777777777778,0.3206892463899092,Commuter
5.537037037037037,0.30544062011118167,Commuter
5.546296296296297,0.2850750186853128,Commuter
5.555555555555555,0.26057880005596773,Commuter
5.564814814814815,0.22633006065878694,Commuter
5.574074074074074,0.18522343593948543,Commuter
5.583333333333333,0.1401658771169796,Commuter
5.592592592592593,0.09053635335759287,Commuter
5.601851851851852,0.039694876265060436,Commuter
5.611111111111111,-0.009608737041828143,Commuter
5.62037037037037,-0.05679723238801112,Commuter
5.62962962962963,-0.0993305412820813,Commuter
5.638888888888889,-0.1362699160088871,Commuter
5.648148148148148,-0.16866432612894797,Commuter
5.657407407407407,-0.1952598112974277,Commuter
5.666666666666667,-0.2158326773171779,Commuter
5.675925925925926,-0.2325400542022456,Commuter
5.685185185185185,-0.24508601134117428,Commuter
5.694444444444445,-0.2537699993190558,Commuter
5.703703703703703,-0.2607276424792461,Commuter
5.712962962962963,-0.2655465992464187,Commuter
5.722222222222222,-0.2688452800755256,Commuter
5.731481481481482,-0.27224907482008837,Commuter
5.7407407407407405,-0.2751513245336352,Commuter
5.75,-0.2778233267083723,Commuter
5.7592592592592595,-0.28171752481680873,Commuter
5.768518518518518,-0.28600362237935606,Commuter
5.777777777777778,-0.29012990240062897,Commuter
5.787037037037037,-0.2954053639552036,Commuter
5.796296296296297,-0.3003887210531164,Commuter
5.805555555555555,-0.30382485146210664,Commuter
5.814814814814815,-0.306563178589064,Commuter
5.824074074074074,-0.3067453138282082,Commuter
5.833333333333333,-0.3028851986530335,Commuter
5.842592592592593,-0.2950323619966864,Commuter
5.851851851851852,-0.28070052808390217,Commuter
5.861111111111111,-0.2594118776199095,Commuter
5.87037037037037,-0.2313553127249511,Commuter
5.87962962962963,-0.1937928882760195,Commuter
5.888888888888889,-0.14657773955483738,Commuter
5.898148148148148,-0.0903943002916192,Commuter
5.907407407407407,-0.02253023276172872,Commuter
5.916666666666667,0.056336333331183805,Commuter
5.925925925925926,0.1442113260452387,Commuter
5.935185185185185,0.24277651028031502,Commuter
5.944444444444445,0.34663159015116585,Commuter
5.953703703703703,0.4492047077534228,Commuter
5.962962962962963,0.552188234953457,Commuter
5.972222222222222,0.6440540952389066,Commuter
5.981481481481482,0.7098332840271494,Commuter
5.9907407407407405,0.7571052756987732,Commuter
6.0,0.7780933022622482,Commuter
6.0092592592592595,0.7554893167179544,Commuter
6.018518518518518,0.7066946029952589,Commuter
6.027777777777778,0.6394282664964897,Commuter
6.037037037037037,0.5461821150712036,Commuter
6.046296296296297,0.4420921159762923,Commuter
6.055555555555555,0.3386554104112441,Commuter
6.064814814814815,0.23413897341709328,Commuter
6.074074074074074,0.13536106462479364,Commuter
6.083333333333333,0.04758965459359394,Commuter
6.092592592592593,-0.03091327401187517,Commuter
6.101851851851852,-0.09814141900747576,Commuter
6.111111111111111,-0.15358637917654977,Commuter
6.12037037037037,-0.20015954079207773,Commuter
6.12962962962963,-0.2370976492876466,Commuter
6.138888888888889,-0.2647172837328593,Commuter
6.148148148148148,-0.2857422624798755,Commuter
6.157407407407407,-0.29981660583366565,Commuter
6.166666666666667,-0.3075643702013075,Commuter
6.175925925925926,-0.3115886162718615,Commuter
6.185185185185185,-0.3116140508477501,Commuter
6.194444444444445,-0.3089899378819401,Commuter
6.203703703703703,-0.3055266139462588,Commuter
6.212962962962963,-0.30029079031498734,Commuter
6.222222222222222,-0.2945925162021594,Commuter
6.231481481481482,-0.28983979435090446,Commuter
6.2407407407407405,-0.2846650496952042,Commuter
6.25,-0.2796622985447617,Commuter
6.2592592592592595,-0.2757126459679785,Commuter
6.268518518518518,-0.27126950043174497,Commuter
6.277777777777778,-0.2661191139631008,Commuter
6.287037037037037,-0.2608713314802438,Commuter
6.296296296296297,-0.2538396680212137,Commuter
6.305555555555555,-0.24438052461794058,Commuter
6.314814814814815,-0.23281637405504918,Commuter
6.324074074074074,-0.21688283921737653,Commuter
6.333333333333333,-0.1963806705129826,Commuter
6.342592592592593,-0.17143267711531707,Commuter
6.351851851851852,-0.13948971352849127,Commuter
6.361111111111111,-0.10129749599918819,Commuter
6.37037037037037,-0.05797537049726312,Commuter
6.37962962962963,-0.00819661350601743,Commuter
6.388888888888889,0.046458038349161804,Commuter
6.398148148148148,0.10308729465136345,Commuter
6.407407407407407,0.1608985774714278,Commuter
6.416666666666667,0.21637857583341888,Commuter
6.425925925925926,0.2654326961193055,Commuter
6.435185185185185,0.30850886376940717,Commuter
6.444444444444445,0.34187928918231153,Commuter
6.453703703703703,0.3621679874243432,Commuter
6.462962962962963,0.3759468196001887,Commuter
6.472222222222222,0.3823850346131898,Commuter
6.481481481481482,0.37721036701676525,Commuter
6.4907407407407405,0.3735794366138092,Commuter
6.5,0.37283246442277934,Commuter
6.5092592592592595,0.36479615214348193,Commuter
6.518518518518518,0.3596543304692125,Commuter
6.527777777777778,0.3572198651993195,Commuter
6.537037037037037,0.3446573647205454,Commuter
6.546296296296297,0.3259569986951857,Commuter
6.555555555555555,0.30212688537159377,Commuter
6.564814814814815,0.2668307374525359,Commuter
6.574074074074074,0.22315536632685626,Commuter
6.583333333333333,0.1744389389321921,Commuter
6.592592592592593,0.120186435674652,Commuter
6.601851851851852,0.06417835804492318,Commuter
6.611111111111111,0.009588605987409838,Commuter
6.62037037037037,-0.04271399627948002,Commuter
6.62962962962963,-0.09001209055675051,Commuter
6.638888888888889,-0.13119744941563075,Commuter
6.648148148148148,-0.16728285981255395,Commuter
6.657407407407407,-0.19703267164600963,Commuter
6.666666666666667,-0.22025668255942826,Commuter
6.675925925925926,-0.23925684219669568,Commuter
6.685185185185185,-0.25377269528237945,Commuter
6.694444444444445,-0.2641919408173622,Commuter
6.703703703703703,-0.2727607092890355,Commuter
6.712962962962963,-0.2790526267748893,Commuter
6.722222222222222,-0.2837244461857134,Commuter
6.731481481481482,-0.28842252653203526,Commuter
6.7407407407407405,-0.2924814051236265,Commuter
6.75,-0.29611346357066376,Commuter
6.7592592592592595,-0.3008113362642333,Commuter
6.768518518518518,-0.3056548294352309,Commuter
6.777777777777778,-0.31003201945517445,Commuter
6.787037037037037,-0.31525021271218684,Commuter
6.796296296296297,-0.3198958898002762,Commuter
6.805555555555555,-0.3226444592427102,Commuter
6.814814814814815,-0.32442054671014503,Commuter
6.824074074074074,-0.32336468984718003,Commuter
6.833333333333333,-0.3179919755044789,Commuter
6.842592592592593,-0.3083738348141455,Commuter
6.851851851851852,-0.29196635179619573,Commuter
6.861111111111111,-0.2682815685323261,Commuter
6.87037037037037,-0.2374230115653062,Commuter
6.87962962962963,-0.19650034703785668,Commuter
6.888888888888889,-0.14530228373172335,Commuter
6.898148148148148,-0.08443504092798478,Commuter
6.907407407407407,-0.010870484202022012,Commuter
6.916666666666667,0.07472680934771703,Commuter
6.925925925925926,0.1703920183623085,Commuter
6.935185185185185,0.27791086078641064,Commuter
6.944444444444445,0.3915089227757126,Commuter
6.953703703703703,0.5041715925089764,Commuter
6.962962962962963,0.6175441753209784,Commuter
6.972222222222222,0.7188176028893211,Commuter
6.981481481481482,0.7917728775117998,Commuter
6.9907407407407405,0.8444499092246076,Commuter
7.0,0.8682049738485986,Commuter
7.0092592592592595,0.8440835233533169,Commuter
7.018518518518518,0.7909654061638524,Commuter
7.027777777777778,0.7175487364496498,Commuter
7.037037037037037,0.6155701888243877,Commuter
7.046296296296297,0.501480149416843,Commuter
7.055555555555555,0.3882444312507358,Commuter
7.064814814814815,0.27415991626669045,Commuter
7.074074074074074,0.16644380224153918,Commuter
7.083333333333333,0.07090707483723353,Commuter
7.092592592592593,-0.014209895757543974,Commuter
7.101851851851852,-0.08696131874908802,Commuter
7.111111111111111,-0.14687047811545825,Commuter
7.12037037037037,-0.19699442831199762,Commuter
7.12962962962963,-0.23674123812838277,Commuter
7.138888888888889,-0.2665449376596358,Commuter
7.148148148148148,-0.28925165134846215,Commuter
7.157407407407407,-0.30464065003948526,Commuter
7.166666666666667,-0.31340079682326466,Commuter
7.175925925925926,-0.3182824565522512,Commuter
7.185185185185185,-0.3190327654960288,Commuter
7.194444444444445,-0.31707949577817235,Commuter
7.203703703703703,-0.31429483375162914,Commuter
7.212962962962963,-0.30974153837591734,Commuter
7.222222222222222,-0.30477418830888003,Commuter
7.231481481481482,-0.3007739593711901,Commuter
7.2407407407407405,-0.2963592370011541,Commuter
7.25,-0.29214811735328805,Commuter
7.2592592592592595,-0.2890244023642981,Commuter
7.268518518518518,-0.28542090089761174,Commuter
7.277777777777778,-0.281128964343248,Commuter
7.287037037037037,-0.2767917807354819,Commuter
7.296296296296297,-0.27073612521366325,Commuter
7.305555555555555,-0.26235480629135094,Commuter
7.314814814814815,-0.2519890130896663,Commuter
7.324074074074074,-0.23738005561200726,Commuter
7.333333333333333,-0.2184154107939144,Commuter
7.342592592592593,-0.19524488732038645,Commuter
7.351851851851852,-0.16533867847990988,Commuter
7.361111111111111,-0.12948121111303273,Commuter
7.37037037037037,-0.08878070789167208,Commuter
7.37962962962963,-0.04191713467721747,Commuter
7.388888888888889,0.009705100546498101,Commuter
7.398148148148148,0.06345540659817189,Commuter
7.407407407407407,0.11865178460100867,Commuter
7.416666666666667,0.17209111047797956,Commuter
7.425925925925926,0.22014465886415566,Commuter
7.435185185185185,0.26338040608555574,Commuter
7.444444444444445,0.2984352558959337,Commuter
7.453703703703703,0.32238683303627486,Commuter
7.462962962962963,0.341512000645094,Commuter
7.472222222222222,0.35473468178305034,Commuter
7.481481481481482,0.35826528465103785,Commuter
7.4907407407407405,0.3646956192128818,Commuter
7.5,0.37399570484240285,Commuter
7.5092592592592595,0.376071674885856,Commuter
7.518518518518518,0.38107675529079976,Commuter
7.527777777777778,0.38748462329054206,Commuter
7.537037037037037,0.3818624487324021,Commuter
7.546296296296297,0.3686856031336052,Commuter
7.555555555555555,0.34863145305767773,Commuter
7.564814814814815,0.3150130168557209,Commuter
7.574074074074074,0.2713561680156922,Commuter
7.583333333333333,0.2213295496136484,Commuter
7.592592592592593,0.1646344681501364,Commuter
7.601851851851852,0.10546583242607925,Commuter
7.611111111111111,0.04733622535362064,Commuter
7.62037037037037,-0.008693139650725022,Commuter
7.62962962962963,-0.05959821081452847,Commuter
7.638888888888889,-0.10407365627063823,Commuter
7.648148148148148,-0.14309058025580731,Commuter
7.657407407407407,-0.1753807588668759,Commuter
7.666666666666667,-0.2006861035808588,Commuter
7.675925925925926,-0.22131448174798388,Commuter
7.685185185185185,-0.23710432671711096,Commuter
7.694444444444445,-0.24851829293988503,Commuter
7.703703703703703,-0.2578371951716107,Commuter
7.712962962962963,-0.2647050634633112,Commuter
7.722222222222222,-0.26988442285577174,Commuter
7.731481481481482,-0.27507074010455906,Commuter
7.7407407407407405,-0.27958351503628137,Commuter
7.75,-0.2837070256678478,Commuter
7.7592592592592595,-0.2889483177100076,Commuter
7.768518518518518,-0.29436076761634655,Commuter
7.777777777777778,-0.2993481799763477,Commuter
7.787037037037037,-0.30517976825703524,Commuter
7.796296296296297,-0.31045201319273996,Commuter
7.805555555555555,-0.31386022513510126,Commuter
7.814814814814815,-0.31626822170476004,Commuter
7.824074074074074,-0.3158879468240641,Commuter
7.833333333333333,-0.31129611567846516,Commuter
7.842592592592593,-0.3026095790104611,Commuter
7.851851851851852,-0.2873579348186881,Commuter
7.861111111111111,-0.26512173875558914,Commuter
7.87037037037037,-0.23613841725352647,Commuter
7.87962962962963,-0.19762318109396282,Commuter
7.888888888888889,-0.14944412483693326,Commuter
7.898148148148148,-0.09236100002833075,Commuter
7.907407407407407,-0.0235385493535225,Commuter
7.916666666666667,0.0563955950104399,Commuter
7.925925925925926,0.14543837432434725,Commuter
7.935185185185185,0.2453323362565761,Commuter
7.944444444444445,0.3507377091446304,Commuter
7.953703703703703,0.4550323497423899,Commuter
7.962962962962963,0.5598392131171814,Commuter
7.972222222222222,0.6536414428849086,Commuter
7.981481481481482,0.7213589697770347,Commuter
7.9907407407407405,0.7703829901113974,Commuter
0.009259259259259259,0.9803076059322947,Casual
0.018518518518518517,0.937883425707216,Casual
0.027777777777777776,0.8786217616003811,Casual
0.037037037037037035,0.7965734170301915,Casual
0.046296296296296294,0.7046756653349235,Casual
0.05555555555555555,0.6117453718184985,Casual
0.06481481481481481,0.5160077718806112,Casual
0.07407407407407407,0.423704614335057,Casual
0.08333333333333333,0.3390857436480352,Casual
0.09259259259259259,0.26038200646137194,Casual
0.10185185185185185,0.19036556196232132,Casual
0.1111111111111111,0.12974736681731286,Casual
0.12037037037037036,0.07575804880972706,Casual
0.12962962962962962,0.030048253138014663,Casual
0.1388888888888889,-0.007566998393680003,Casual
0.14814814814814814,-0.03954509189094061,Casual
0.1574074074074074,-0.06460212648411931,Casual
0.16666666666666666,-0.08372120059992041,Casual
0.17592592592592593,-0.09947330906142579,Casual
0.18518518518518517,-0.11099955718835561,Casual
0.19444444444444445,-0.12000404014461309,Casual
0.2037037037037037,-0.1285133891944329,Casual
0.21296296296296297,-0.1354569138517653,Casual
0.2222222222222222,-0.1422228167164451,Casual
0.23148148148148148,-0.15056101315844791,Casual
0.24074074074074073,-0.1589646477453898,Casual
0.25,-0.16791228917993642,Casual
0.25925925925925924,-0.17864400209298886,Casual
0.26851851851851855,-0.18933636678198437,Casual
0.2777777777777778,-0.1995636756119695,Casual
0.28703703703703703,-0.21036090683296613,Casual
0.2962962962962963,-0.21942381039921885,Casual
0.3055555555555556,-0.2261375531034343,Casual
0.3148148148148148,-0.23146908774219138,Casual
0.32407407407407407,-0.23269105385497085,Casual
0.3333333333333333,-0.22978525445319825,Casual
0.3425925925925926,-0.22337755988349955,Casual
0.35185185185185186,-0.21091052893028228,Casual
0.3611111111111111,-0.1927074212826705,Casual
0.37037037037037035,-0.17022190877069232,Casual
0.37962962962962965,-0.14166312351445895,Casual
0.3888888888888889,-0.10783182378405065,Casual
0.39814814814814814,-0.07143329658064564,Casual
0.4074074074074074,-0.03206546593570895,Casual
0.4166666666666667,0.00811364548129458,Casual
0.42592592592592593,0.045497150207600694,Casual
0.4351851851851852,0.08129440986673657,Casual
0.4444444444444444,0.11292684893726725,Casual
0.4537037037037037,0.1367829472394095,Casual
0.46296296296296297,0.15802160117585848,Casual
0.4722222222222222,0.17514001857053466,Casual
0.48148148148148145,0.18414372093043657,Casual
0.49074074074074076,0.19480739690738913,Casual
0.5,0.20646745527119134,Casual
0.5092592592592593,0.21090403513067288,Casual
0.5185185185185185,0.21617756371721503,Casual
0.5277777777777778,0.22124670117357836,Casual
0.5370370370370371,0.21541246095869315,Casual
0.5462962962962963,0.20303412863008002,Casual
0.5555555555555556,0.18543627212991656,Casual
0.5648148148148148,0.15698578564949842,Casual
0.5740740740740741,0.1217393333673926,Casual
0.5833333333333334,0.08296772899823197,Casual
0.5925925925925926,0.039625024322001,Casual
0.6018518518518519,-0.004050342455030197,Casual
0.6111111111111112,-0.045353922850454004,Casual
0.6203703703703703,-0.08443504000837088,Casual
0.6296296296296297,-0.11805529057860031,Casual
0.6388888888888888,-0.145392481699308,Casual
0.6481481481481481,-0.16798131328777696,Casual
0.6574074074074074,-0.18411731249117264,Casual
0.6666666666666666,-0.1939843108112023,Casual
0.6759259259259259,-0.19997752062490443,Casual
0.6851851851851852,-0.20138193517502825,Casual
0.6944444444444444,-0.1987114041073955,Casual
0.7037037037037037,-0.19467409079997794,Casual
0.7129629629629629,-0.18830866789824616,Casual
0.7222222222222222,-0.18040403795106125,Casual
0.7314814814814815,-0.17323346640608925,Casual
0.7407407407407407,-0.16578815390424212,Casual
0.75,-0.15863453609535735,Casual
0.7592592592592593,-0.15344195510214323,Casual
0.7685185185185185,-0.14898721987870867,Casual
0.7777777777777778,-0.14491815624221296,Casual
0.7870370370370371,-0.1423965298114966,Casual
0.7962962962962963,-0.1396494661168729,Casual
0.8055555555555556,-0.13545445864022984,Casual
0.8148148148148148,-0.13054944189696352,Casual
0.8240740740740741,-0.12307400724435648,Casual
0.8333333333333334,-0.11134722356597429,Casual
0.8425925925925926,-0.0957591207979879,Casual
0.8518518518518519,-0.0740490946863492,Casual
0.8611111111111112,-0.04586136923941386,Casual
0.8703703703703703,-0.012225777613038197,Casual
0.8796296296296297,0.028895292329623384,Casual
0.8888888888888888,0.07716190016886759,Casual
0.8981481481481481,0.1309803724865177,Casual
0.9074074074074074,0.19266384076989557,Casual
0.9166666666666666,0.26157256664619344,Casual
0.9259259259259259,0.334936794627632,Casual
0.9351851851851852,0.4144731038368275,Casual
0.9444444444444444,0.4966131852726989,Casual
0.9537037037037037,0.5756686821260837,Casual
0.9629629629629629,0.6536216091164045,Casual
0.9722222222222222,0.7233991948015294,Casual
0.9814814814814815,0.77375558120098,Casual
0.9907407407407407,0.8099287586314504,Casual
1.0,0.8267907563600575,Casual
1.0092592592592593,0.8110666448328133,Casual
1.0185185185185186,0.7757695145597113,Casual
1.0277777777777777,0.7261151647769761,Casual
1.037037037037037,0.6567634190378566,Casual
1.0462962962962963,0.5788009524814968,Casual
1.0555555555555556,0.4995856279016447,Casual
1.0648148148148149,0.41711812765259504,Casual
1.0740740740740742,0.3370831768865382,Casual
1.0833333333333333,0.26340132520768367,Casual
1.0925925925925926,0.19434421147513006,Casual
1.1018518518518519,0.13270592896570005,Casual
1.1111111111111112,0.07930374653760167,Casual
1.1203703703703705,0.03171328194466121,Casual
1.1296296296296295,-0.008346995251916038,Casual
1.1388888888888888,-0.040879235114428265,Casual
1.1481481481481481,-0.06817227675141248,Casual
1.1574074074074074,-0.08898794254990591,Casual
1.1666666666666667,-0.1042147612906526,Casual
1.1759259259259258,-0.11631922293567334,Casual
1.1851851851851851,-0.12466776954431479,Casual
1.1944444444444444,-0.13084258056351605,Casual
1.2037037037037037,-0.13698536344547982,Casual
1.212962962962963,-0.14214508945471452,Casual
1.2222222222222223,-0.14761863012743198,Casual
1.2314814814814814,-0.15516028826535858,Casual
1.2407407407407407,-0.16327648143006024,Casual
1.25,-0.1722613569019366,Casual
1.2592592592592593,-0.18318827305712074,Casual
1.2685185185185186,-0.19423276803584824,Casual
1.2777777777777777,-0.20491057618689912,Casual
1.287037037037037,-0.21609229223964135,Casual
1.2962962962962963,-0.2255027976746517,Casual
1.3055555555555556,-0.23250836834787417,Casual
1.3148148148148149,-0.23807655095033178,Casual
1.3240740740740742,-0.2396207872927391,Casual
1.3333333333333333,-0.23713320129401297,Casual
1.3425925925925926,-0.23125284304794694,Casual
1.3518518518518519,-0.21957044573038578,Casual
1.3611111111111112,-0.20246494736372947,Casual
1.3703703703703705,-0.18143105051880615,Casual
1.3796296296296295,-0.15470412665090247,Casual
1.3888888888888888,-0.12300881959736532,Casual
1.3981481481481481,-0.08896293965923137,Casual
1.4074074074074074,-0.05209524323917774,Casual
1.4166666666666667,-0.014174164013605347,Casual
1.4259259259259258,0.021318580693263936,Casual
1.4351851851851851,0.055654998657058294,Casual
1.4444444444444444,0.08657619063121841,Casual
1.4537037037037037,0.11053159357449203,Casual
1.462962962962963,0.1321314139734055,Casual
1.4722222222222223,0.1499263770552677,Casual
1.4814814814814814,0.15995475387893837,Casual
1.4907407407407407,0.17061142279865454,Casual
1.5,0.18130195722479386,Casual
1.5092592592592593,0.18470014446122784,Casual
1.5185185185185186,0.1879457416317787,Casual
1.5277777777777777,0.1902068439562461,Casual
1.537037037037037,0.18218285662426253,Casual
1.5462962962962963,0.16816246143453759,Casual
1.5555555555555556,0.14951346861730677,Casual
1.5648148148148149,0.12115746049007355,Casual
1.5740740740740742,0.0870540407613063,Casual
1.5833333333333333,0.05014298436266166,Casual
1.5925925925925926,0.009291470308279773,Casual
1.6018518518518519,-0.031482212249534354,Casual
1.6111111111111112,-0.06982409413893283,Casual
1.6203703703703705,-0.10610653739592502,Casual
1.6296296296296295,-0.13721440030764323,Casual
1.6388888888888888,-0.1623855790902639,Casual
1.6481481481481481,-0.1831859948456784,Casual
1.6574074074074074,-0.1979304599333136,Casual
1.6666666666666667,-0.20674701809970245,Casual
1.6759259259259258,-0.21190528345027318,Casual
1.6851851851851851,-0.21267635206136135,Casual
1.6944444444444444,-0.20956393028192824,Casual
1.7037037037037037,-0.20513532182636543,Casual
1.712962962962963,-0.198500277544133,Casual
1.7222222222222223,-0.19040245322378244,Casual
1.7314814814814814,-0.1830969517877192,Casual
1.7407407407407407,-0.17576679400873133,Casual
1.75,-0.16893332242885856,Casual
1.7592592592592593,-0.16429569602312216,Casual
1.7685185185185186,-0.16082341916737772,Casual
1.7777777777777777,-0.15821892427843237,Casual
1.787037037037037,-0.15757432325155935,Casual
1.7962962962962963,-0.15716864230305005,Casual
1.8055555555555556,-0.1557675874466127,Casual
1.8148148148148149,-0.15397425325351502,Casual
1.8240740740740742,-0.1498016850830402,Casual
1.8333333333333333,-0.1416457095720361,Casual
1.8425925925925926,-0.12973080489210917,Casual
1.8518518518518519,-0.11183820776603315,Casual
1.8611111111111112,-0.08772545600989201,Casual
1.8703703703703705,-0.0585315988712689,Casual
1.8796296296296295,-0.02229868837468918,Casual
1.8888888888888888,0.02055994632814795,Casual
1.8981481481481481,0.06825364170013336,Casual
1.9074074074074074,0.12289372843380304,Casual
1.9166666666666667,0.18376779799246412,Casual
1.9259259259259258,0.24803998802246635,Casual
1.9351851851851851,0.3173644388802441,Casual
1.9444444444444444,0.38857416239326437,Casual
1.9537037037037037,0.4563901303525801,Casual
1.962962962962963,0.522851151241108,Casual
1.9722222222222223,0.5822855178894386,Casual
1.9814814814814814,0.6248387447814547,Casual
1.9907407407407407,0.655160963426223,Casual
2.0,0.6691492987171967,Casual
2.009259259259259,0.655397593688066,Casual
2.0185185185185186,0.6249350484979115,Casual
2.0277777777777777,0.5821212587372728,Casual
2.037037037037037,0.5221337496175222,Casual
2.0462962962962963,0.4546179652864729,Casual
2.0555555555555554,0.3855873877623329,Casual
2.064814814814815,0.3130014608890582,Casual
2.074074074074074,0.24211751683491273,Casual
2.0833333333333335,0.17658129460963387,Casual
2.0925925925925926,0.11467202617334664,Casual
2.1018518518518516,0.05929230685510304,Casual
2.111111111111111,0.011324641965326896,Casual
2.1203703703703702,-0.03145041302782934,Casual
2.1296296296296298,-0.06713644113351795,Casual
2.138888888888889,-0.0955973335117808,Casual
2.1481481481481484,-0.11901825926948988,Casual
2.1574074074074074,-0.1360858596150039,Casual
2.1666666666666665,-0.14755224996017222,Casual
2.175925925925926,-0.15581380467404768,Casual
2.185185185185185,-0.1603742447317271,Casual
2.1944444444444446,-0.16282742304353778,Casual
2.2037037037037037,-0.1653325637342875,Casual
2.212962962962963,-0.16712852477791404,Casual
2.2222222222222223,-0.16955545017712736,Casual
2.2314814814814814,-0.17431317399241766,Casual
2.240740740740741,-0.18008546034424003,Casual
2.25,-0.18702519235064596,Casual
2.259259259259259,-0.19611991444910643,Casual
2.2685185185185186,-0.20544787453992575,Casual
2.2777777777777777,-0.21453827436978745,Casual
2.287037037037037,-0.22408694545739183,Casual
2.2962962962962963,-0.2316314996691222,Casual
2.3055555555555554,-0.23678032000278362,Casual
2.314814814814815,-0.2403515490021024,Casual
2.324074074074074,-0.2397707834840704,Casual
2.3333333333333335,-0.23531469783037515,Casual
2.3425925925925926,-0.22749107908267377,Casual
2.3518518518518516,-0.213914128308662,Casual
2.361111111111111,-0.19517168486682296,Casual
2.3703703703703702,-0.1728127516205094,Casual
2.3796296296296298,-0.14488965219158206,Casual
2.388888888888889,-0.11236557920509258,Casual
2.3981481481481484,-0.07791111750278736,Casual
2.4074074074074074,-0.040882190815250415,Casual
2.4166666666666665,-0.00311009771371689,Casual
2.425925925925926,0.03193561463715056,Casual
2.435185185185185,0.0656179748838485,Casual
2.4444444444444446,0.09555933878484026,Casual
2.4537037037037037,0.11827920975974245,Casual
2.462962962962963,0.13818163335645284,Casual
2.4722222222222223,0.15372368661314795,Casual
2.4814814814814814,0.16107704944146117,Casual
2.490740740740741,0.168050615656199,Casual
2.5,0.1742818711773246,Casual
2.509259259259259,0.17322088926132262,Casual
2.5185185185185186,0.17138441593391515,Casual
2.5277777777777777,0.16852419055765858,Casual
2.537037037037037,0.1565367594431935,Casual
2.5462962962962963,0.13942618682351227,Casual
2.5555555555555554,0.11858363871524905,Casual
2.564814814814815,0.08941399784826667,Casual
2.574074074074074,0.055771474282213324,Casual
2.5833333333333335,0.020116925768878434,Casual
2.5925925925925926,-0.01884009132711891,Casual
2.6018518518518516,-0.05739825133074319,Casual
2.611111111111111,-0.09349607768802894,Casual
2.6203703703703702,-0.12770886030414355,Casual
2.6296296296296298,-0.15706041408770233,Casual
2.638888888888889,-0.18082518021821856,Casual
2.6481481481481484,-0.20063095725446684,Casual
2.6574074074074074,-0.21475157407794884,Casual
2.6666666666666665,-0.2232023352452362,Casual
2.675925925925926,-0.2281653122187017,Casual
2.685185185185185,-0.2289158473465228,Casual
2.6944444444444446,-0.2257807019823951,Casual
2.7037037037037037,-0.22123924329920713,Casual
2.712962962962963,-0.2144113661082,Casual
2.7222222222222223,-0.2059015224894325,Casual
2.7314814814814814,-0.19812894745902546,Casual
2.740740740740741,-0.1903151647780403,Casual
2.75,-0.18299379197106427,Casual
2.759259259259259,-0.17793843226417344,Casual
2.7685185185185186,-0.17422106110914962,Casual
2.7777777777777777,-0.1716521254075935,Casual
2.787037037037037,-0.17127637512058283,Casual
2.7962962962962963,-0.171353499669124,Casual
2.8055555555555554,-0.1707645256990589,Casual
2.814814814814815,-0.16990582754035305,Casual
2.824074074074074,-0.16676828439283037,Casual
2.8333333333333335,-0.15980355185859005,Casual
2.8425925925925926,-0.14891346937554523,Casual
2.8518518518518516,-0.13201786343670285,Casual
2.861111111111111,-0.10888793183508817,Casual
2.8703703703703702,-0.0805496843852663,Casual
2.8796296296296298,-0.04511639240051961,Casual
2.888888888888889,-0.003096531827575549,Casual
2.8981481481481484,0.04358369403304236,Casual
2.9074074074074074,0.09703042552336164,Casual
2.9166666666666665,0.15627276331652398,Casual
2.925925925925926,0.21855052801194708,Casual
2.935185185185185,0.28544299318784205,Casual
2.9444444444444446,0.35370982045625965,Casual
2.9537037037037037,0.4183715249761028,Casual
2.962962962962963,0.4813773435562452,Casual
2.9722222222222223,0.5373864295571987,Casual
2.9814814814814814,0.5773047412858913,Casual
2.990740740740741,0.6055150958617299,Casual
3.0,0.618137457702385,Casual
3.009259259259259,0.604640743817892,Casual
3.0185185185185186,0.5755325576151002,Casual
3.0277777777777777,0.5346560210899831,Casual
3.037037037037037,0.4775879427547203,Casual
3.0462962962962963,0.41348494483343384,Casual
3.0555555555555554,0.3478046785813579,Casual
3.064814814814815,0.27862500649674576,Casual
3.074074074074074,0.21093766602454797,Casual
3.0833333333333335,0.14814483438584047,Casual
3.0925925925925926,0.08866371550804118,Casual
3.1018518518518516,0.035314034095517005,Casual
3.111111111111111,-0.011057264369750366,Casual
3.1203703703703702,-0.052488460462863436,Casual
3.1296296296296298,-0.08713926542183179,Casual
3.138888888888889,-0.11474519529199753,Casual
3.1481481481481484,-0.13719905608085944,Casual
3.1574074074074074,-0.1534219082035048,Casual
3.1666666666666665,-0.16388734383580839,Casual
3.175925925925926,-0.17086924488341662,Casual
3.185185185185185,-0.17420543572097472,Casual
3.1944444444444446,-0.1754220554536905,Casual
3.2037037037037037,-0.17660638297633774,Casual
3.212962962962963,-0.17722328772735463,Casual
3.2222222222222223,-0.17849252528134418,Casual
3.2314814814814814,-0.18208829917248917,Casual
3.240740740740741,-0.18689954190503458,Casual
3.25,-0.19299478048658666,Casual
3.259259259259259,-0.20130946265167668,Casual
3.2685185185185186,-0.21002577262087915,Casual
3.2777777777777777,-0.2186096457094067,Casual
3.287037037037037,-0.22776632738121153,Casual
3.2962962962962963,-0.23503417717764077,Casual
3.3055555555555554,-0.2399183668168815,Casual
3.314814814814815,-0.24324615420977144,Casual
3.324074074074074,-0.2424768636505651,Casual
3.3333333333333335,-0.23753668291567856,Casual
3.3425925925925926,-0.2290540279068635,Casual
3.3518518518518516,-0.21480543711749686,Casual
3.361111111111111,-0.19511211066129172,Casual
3.3703703703703702,-0.17157304493539907,Casual
3.3796296296296298,-0.1424077197654756,Casual
3.388888888888889,-0.10859413064857251,Casual
3.3981481481481484,-0.0729453254164808,Casual
3.4074074074074074,-0.03475833545357695,Casual
3.4166666666666665,0.003921576969700244,Casual
3.425925925925926,0.039552693123211094,Casual
3.435185185185185,0.07346774288065766,Casual
3.4444444444444446,0.10303819395496412,Casual
3.4537037037037037,0.12485895928049227,Casual
3.462962962962963,0.14317042310300068,Casual
3.4722222222222223,0.1565969216063047,Casual
3.4814814814814814,0.16112938577864364,Casual
3.490740740740741,0.16466212130108013,Casual
3.5,0.1673194235055951,Casual
3.509259259259259,0.16248941663047495,Casual
3.5185185185185186,0.15683501466315342,Casual
3.5277777777777777,0.1504652635107736,Casual
3.537037037037037,0.1355743585605529,Casual
3.5462962962962963,0.11615362246577167,Casual
3.5555555555555554,0.09364733093557494,Casual
3.564814814814815,0.0636916012155753,Casual
3.574074074074074,0.029846649181915375,Casual
3.5833333333333335,-0.005401536554367298,Casual
3.5925925925925926,-0.04345061793072539,Casual
3.6018518518518516,-0.08085409935878732,Casual
3.611111111111111,-0.11570335561765854,Casual
3.6203703703703702,-0.1485302197240301,Casual
3.6296296296296298,-0.17668762386482603,Casual
3.638888888888889,-0.1993354914252499,Casual
3.6481481481481484,-0.21819020970718644,Casual
3.6574074074074074,-0.23168007612783148,Casual
3.6666666666666665,-0.2396405228297285,Casual
3.675925925925926,-0.24420921161909329,Casual
3.685185185185185,-0.24470862201418328,Casual
3.6944444444444446,-0.24128726436575168,Casual
3.7037037037037037,-0.23646457493970077,Casual
3.712962962962963,-0.2293108423157782,Casual
3.7222222222222223,-0.2203897380895755,Casual
3.7314814814814814,-0.2121406104754683,Casual
3.740740740740741,-0.203811380794229,Casual
3.75,-0.19589597295102854,Casual
3.759259259259259,-0.19023996183368147,Casual
3.7685185185185186,-0.1859467494149242,Casual
3.7777777777777777,-0.1827503297251822,Casual
3.787037037037037,-0.1818458522028189,Casual
3.7962962962962963,-0.181552601416051,Casual
3.8055555555555554,-0.180643659440988,Casual
3.814814814814815,-0.17965475921640017,Casual
3.824074074074074,-0.1765606164348004,Casual
3.8333333333333335,-0.16970034608676957,Casual
3.8425925925925926,-0.15921534324423664,Casual
3.8518518518518516,-0.142887565937465,Casual
3.861111111111111,-0.12024609169107957,Casual
3.8703703703703702,-0.0924544117772929,Casual
3.8796296296296298,-0.057442147824258605,Casual
3.888888888888889,-0.015605209423928809,Casual
3.8981481481481484,0.031225244346803533,Casual
3.9074074074074074,0.08522983332955755,Casual
3.9166666666666665,0.1454415167017364,Casual
3.925925925925926,0.2089978833274796,Casual
3.935185185185185,0.2775720126194504,Casual
3.9444444444444446,0.3477317986126639,Casual
3.9537037037037037,0.4143306134781048,Casual
3.962962962962963,0.47932980427249866,Casual
3.9722222222222223,0.5370941383392815,Casual
3.9814814814814814,0.5780703849366899,Casual
3.990740740740741,0.6069652971327818,Casual
4.0,0.6195516685306692,Casual
4.0092592592592595,0.6049411432091583,Casual
4.018518518518518,0.5741456058994945,Casual
4.027777777777778,0.5312142039984852,Casual
4.037037037037037,0.4715903066997509,Casual
4.046296296296297,0.40482794163404423,Casual
4.055555555555555,0.336647468380947,Casual
4.064814814814815,0.2650644194998653,Casual
4.074074074074074,0.19525979858999293,Casual
4.083333333333333,0.13067481355630517,Casual
4.092592592592593,0.06967406463317546,Casual
4.101851851851852,0.015140297660150332,Casual
4.111111111111111,-0.032083477832717186,Casual
4.12037037037037,-0.07414409029767152,Casual
4.12962962962963,-0.10923178773617422,Casual
4.138888888888889,-0.1370062976181962,Casual
4.148148148148148,-0.15944411844533501,Casual
4.157407407407407,-0.17547179893288561,Casual
4.166666666666667,-0.18563036478466713,Casual
4.175925925925926,-0.19209888535509437,Casual
4.185185185185185,-0.19481168877856767,Casual
4.194444444444445,-0.1953676320935326,Casual
4.203703703703703,-0.19574928516695517,Casual
4.212962962962963,-0.19540418424775668,Casual
4.222222222222222,-0.19572973841196017,Casual
4.231481481481482,-0.19834583708862627,Casual
4.2407407407407405,-0.2020178320313143,Casual
4.25,-0.20703699050176166,Casual
4.2592592592592595,-0.21426855318195046,Casual
4.268518518518518,-0.2218135368978369,Casual
4.277777777777778,-0.22918527710375225,Casual
4.287037037037037,-0.2371379190151957,Casual
4.296296296296297,-0.24320897039230763,Casual
4.305555555555555,-0.2468617311133929,Casual
4.314814814814815,-0.24896459806828275,Casual
4.324074074074074,-0.24694079627252383,Casual
4.333333333333333,-0.2407443003629508,Casual
4.342592592592593,-0.2309258744149024,Casual
4.351851851851852,-0.2152181524678526,Casual
4.361111111111111,-0.1940001803244804,Casual
4.37037037037037,-0.16881642826572757,Casual
4.37962962962963,-0.13794472032792054,Casual
4.388888888888889,-0.10238813851117011,Casual
4.398148148148148,-0.06498149224041005,Casual
4.407407407407407,-0.025053914969063472,Casual
4.416666666666667,0.015207647643593019,Casual
4.425925925925926,0.0521619084135502,Casual
4.435185185185185,0.087175302261089,Casual
4.444444444444445,0.11760132291361149,Casual
4.453703703703703,0.13975099903168473,Casual
4.462962962962963,0.15820011936005784,Casual
4.472222222222222,0.1715444293796371,Casual
4.481481481481482,0.17572576783248384,Casual
4.4907407407407405,0.1789948328417732,Casual
4.5,0.1814294412049998,Casual
4.5092592592592595,0.17628470535329008,Casual
4.518518518518518,0.1704355609355977,Casual
4.527777777777778,0.1640079025481313,Casual
4.537037037037037,0.14885199066217872,Casual
4.546296296296297,0.12898868352377435,Casual
4.555555555555555,0.10601537438880951,Casual
4.564814814814815,0.07531333514406682,Casual
4.574074074074074,0.04046373251814064,Casual
4.583333333333333,0.004009502229124979,Casual
4.592592592592593,-0.03537554452200154,Casual
4.601851851851852,-0.07423920285390316,Casual
4.611111111111111,-0.11065252696318306,Casual
4.62037037037037,-0.14498030339960605,Casual
4.62962962962963,-0.17461111636135923,Casual
4.638888888888889,-0.19862648377325023,Casual
4.648148148148148,-0.21874917264892835,Casual
4.657407407407407,-0.23342429781000137,Casual
4.666666666666667,-0.24240212727081933,Casual
4.675925925925926,-0.24790497948240792,Casual
4.685185185185185,-0.24923825736661348,Casual
4.694444444444445,-0.2465607045938841,Casual
4.703703703703703,-0.2423531250309864,Casual
4.712962962962963,-0.23573151737296563,Casual
4.722222222222222,-0.22728860213260527,Casual
4.731481481481482,-0.21934436297360463,Casual
4.7407407407407405,-0.21119212453035102,Casual
4.75,-0.20346154113829126,Casual
4.7592592592592595,-0.19789620454170329,Casual
4.768518518518518,-0.1936428234078459,Casual
4.777777777777778,-0.19055726867680006,Casual
4.787037037037037,-0.18982706156775642,Casual
4.796296296296297,-0.1896611389402222,Casual
4.805555555555555,-0.18887985797434345,Casual
4.814814814814815,-0.1880980704372122,Casual
4.824074074074074,-0.18509116019543362,Casual
4.833333333333333,-0.17829614896335952,Casual
4.842592592592593,-0.16778404425137877,Casual
4.851851851851852,-0.15116609295815328,Casual
4.861111111111111,-0.12812581024633513,Casual
4.87037037037037,-0.09970481562016434,Casual
4.87962962962963,-0.06377024517406372,Casual
4.888888888888889,-0.02083192788837112,Casual
4.898148148148148,0.027313353519157382,Casual
4.907407407407407,0.0829387568934571,Casual
4.916666666666667,0.1449475652253007,Casual
4.925925925925926,0.21045631339582602,Casual
4.935185185185185,0.28128766661388854,Casual
4.944444444444445,0.3537379099317437,Casual
4.953703703703703,0.42263185402826076,Casual
4.962962962962963,0.4900832431335767,Casual
4.972222222222222,0.5500317360198123,Casual
4.981481481481482,0.5927725112577787,Casual
4.9907407407407405,0.6232643289043471,Casual
5.0,0.6369651786070921,Casual
5.0092592592592595,0.622758138966967,Casual
5.018518518518518,0.5921817136307551,Casual
5.027777777777778,0.5492759457664108,Casual
5.037037037037037,0.4893672486589985,Casual
5.046296296296297,0.4224736189136986,Casual
5.055555555555555,0.35433565594391775,Casual
5.064814814814815,0.28298665488299196,Casual
5.074074074074074,0.21375856217959932,Casual
5.083333333333333,0.14997401448304665,Casual
5.092592592592593,0.0900180942972971,Casual
5.101851851851852,0.03671292632311383,Casual
5.111111111111111,-0.00924787252608565,Casual
5.12037037037037,-0.050003343179585005,Casual
5.12962962962963,-0.08383774131609342,Casual
5.138888888888889,-0.11077241026604699,Casual
5.148148148148148,-0.13271151236926312,Casual
5.157407407407407,-0.14845128417944983,Casual
5.166666666666667,-0.15873654162913012,Casual
5.175925925925926,-0.16584012263091347,Casual
5.185185185185185,-0.1693352633285509,Casual
5.194444444444445,-0.17073400122013416,Casual
5.203703703703703,-0.17208905955151677,Casual
5.212962962962963,-0.17259370070299393,Casual
5.222222222222222,-0.1736452004176607,Casual
5.231481481481482,-0.17687794661631623,Casual
5.2407407407407405,-0.18100196589143117,Casual
5.25,-0.18627591489782608,Casual
5.2592592592592595,-0.19362646720812748,Casual
5.268518518518518,-0.20121030006610796,Casual
5.277777777777778,-0.20855348944635027,Casual
5.287037037037037,-0.21645238427871644,Casual
5.296296296296297,-0.22245655575891873,Casual
5.305555555555555,-0.22607729756199207,Casual
5.314814814814815,-0.2282607065513539,Casual
5.324074074074074,-0.22639434962182592,Casual
5.333333333333333,-0.22037232753305344,Casual
5.342592592592593,-0.2107748058711277,Casual
5.351851851851852,-0.19519696025848426,Casual
5.361111111111111,-0.17407527619267985,Casual
5.37037037037037,-0.14879363581001187,Casual
5.37962962962963,-0.11759319772665904,Casual
5.388888888888889,-0.08156233121047726,Casual
5.398148148148148,-0.043560892313744166,Casual
5.407407407407407,-0.003042442089545243,Casual
5.416666666666667,0.037674136993856994,Casual
5.425925925925926,0.07461870442699851,Casual
5.435185185185185,0.10920019111649158,Casual
5.444444444444445,0.13834885772940275,Casual
5.453703703703703,0.1581941724393595,Casual
5.462962962962963,0.17367175685899,Casual
5.472222222222222,0.18341919521340902,Casual
5.481481481481482,0.1831670592686317,Casual
5.4907407407407405,0.18193858498073204,Casual
5.5,0.18020879462820455,Casual
5.5092592592592595,0.1709889964391683,Casual
5.518518518518518,0.1615447728383407,Casual
5.527777777777778,0.1522035865140279,Casual
5.537037037037037,0.13458803472566358,Casual
5.546296296296297,0.11279246731047671,Casual
5.555555555555555,0.08825157207375231,Casual
5.564814814814815,0.0564867448896743,Casual
5.574074074074074,0.021127029609704286,Casual
5.583333333333333,-0.01551650946665674,Casual
5.592592592592593,-0.054595933583552254,Casual
5.601851851851852,-0.0926193304716802,Casual
5.611111111111111,-0.12783765041867431,Casual
5.62037037037037,-0.1606522710610876,Casual
5.62962962962963,-0.18824354151756328,Casual
5.638888888888889,-0.21014915738780474,Casual
5.648148148148148,-0.22796372997617784,Casual
5.657407407407407,-0.23994478635207792,Casual
5.666666666666667,-0.24636873516936195,Casual
5.675925925925926,-0.24940567353336135,Casual
5.685185185185185,-0.2481517069088056,Casual
5.694444444444445,-0.2431525823641751,Casual
5.703703703703703,-0.23687914459442472,Casual
5.712962962962963,-0.22834279001609922,Casual
5.722222222222222,-0.21826621722538048,Casual
5.731481481481482,-0.20891141666473506,Casual
5.7407407407407405,-0.19934564944995392,Casual
5.75,-0.1902398381403798,Casual
5.7592592592592595,-0.1832335261376299,Casual
5.768518518518518,-0.17737364163063915,Casual
5.777777777777778,-0.1723763986232492,Casual
5.787037037037037,-0.1695541966677723,Casual
5.796296296296297,-0.16708443056920866,Casual
5.805555555555555,-0.1637120269839069,Casual
5.814814814814815,-0.1602532163983619,Casual
5.824074074074074,-0.1544912159552535,Casual
5.833333333333333,-0.14470156795872544,Casual
5.842592592592593,-0.1310886803671668,Casual
5.851851851851852,-0.11124720954780043,Casual
5.861111111111111,-0.08488985818837458,Casual
5.87037037037037,-0.052963155092696564,Casual
5.87962962962963,-0.013366444740820655,Casual
5.888888888888889,0.033441894122124866,Casual
5.898148148148148,0.08581824792510018,Casual
5.907407407407407,0.14610554597975545,Casual
5.916666666666667,0.2133251547074317,Casual
5.925925925925926,0.2847681062635597,Casual
5.935185185185185,0.36219556798142616,Casual
5.944444444444445,0.44178861204123354,Casual
5.953703703703703,0.518116350032933,Casual
5.962962962962963,0.5931654518457612,Casual
5.972222222222222,0.6599901080335215,Casual
5.981481481481482,0.7077835388278327,Casual
5.9907407407407405,0.7417254690532665,Casual
6.0,0.7567816250088071,Casual
6.0092592592592595,0.7403837011362399,Casual
6.018518518518518,0.7051835480250884,Casual
6.027777777777778,0.6560929604353647,Casual
6.037037037037037,0.5880753218834165,Casual
6.046296296296297,0.5120420636875922,Casual
6.055555555555555,0.43486671422152057,Casual
6.064814814814815,0.35466517205101933,Casual
6.074074074074074,0.2771386876718441,Casual
6.083333333333333,0.20589414750514484,Casual
6.092592592592593,0.13926814284054967,Casual
6.101851851851852,0.07999835049071098,Casual
6.111111111111111,0.02889592615437516,Casual
6.12037037037037,-0.016390739588571554,Casual
6.12962962962963,-0.05421715207571857,Casual
6.138888888888889,-0.0846873118216971,Casual
6.148148148148148,-0.10982379240571497,Casual
6.157407407407407,-0.12845494808985475,Casual
6.166666666666667,-0.14140283775021395,Casual
6.175925925925926,-0.15105765536809707,Casual
6.185185185185185,-0.15675615977116814,Casual
6.194444444444445,-0.16020213504343594,Casual
6.203703703703703,-0.16339051926378545,Casual
6.212962962962963,-0.16547993683334655,Casual
6.222222222222222,-0.167841256108201,Casual
6.231481481481482,-0.17220859812658876,Casual
6.2407407407407405,-0.17719249569120465,Casual
6.25,-0.1831301410237631,Casual
6.2592592592592595,-0.19107020673894315,Casual
6.268518518518518,-0.19910874463681993,Casual
6.277777777777778,-0.20681034233089368,Casual
6.287037037037037,-0.2150523692836519,Casual
6.296296296296297,-0.22141723485988077,Casual
6.305555555555555,-0.22541009661189945,Casual
6.314814814814815,-0.2278898693289051,Casual
6.324074074074074,-0.22623488610830003,Casual
6.333333333333333,-0.22039278812520074,Casual
6.342592592592593,-0.2109866416025982,Casual
6.351851851851852,-0.19544937568193196,Casual
6.361111111111111,-0.17432517719994226,Casual
6.37037037037037,-0.14900314989126173,Casual
6.37962962962963,-0.11763973722049435,Casual
6.388888888888889,-0.08134599544423336,Casual
6.398148148148148,-0.043064888448977795,Casual
6.407407407407407,-0.0023269861997142227,Casual
6.416666666666667,0.03852631589531493,Casual
6.425925925925926,0.07552139067647998,Casual
6.435185185185185,0.10995593868263574,Casual
6.444444444444445,0.13879916123481467,Casual
6.453703703703703,0.15828610841649304,Casual
6.462962962962963,0.17354427799725258,Casual
6.472222222222222,0.18317047274448595,Casual
6.481481481481482,0.18302600186097165,Casual
6.4907407407407405,0.18266701506906294,Casual
6.5,0.18259646330906246,Casual
6.5092592592592595,0.17526135117190478,Casual
6.518518518518518,0.16827901200542605,Casual
6.527777777777778,0.16183816725435549,Casual
6.537037037037037,0.14674771959318428,Casual
6.546296296296297,0.12688867440650511,Casual
6.555555555555555,0.10375953528797008,Casual
6.564814814814815,0.07248808359524993,Casual
6.574074074074074,0.0367877797808623,Casual
6.583333333333333,-0.0008164097528595218,Casual
6.592592592592593,-0.04134619818567386,Casual
6.601851851851852,-0.081174438617521,Casual
6.611111111111111,-0.11821850530504957,Casual
6.62037037037037,-0.15274626143927053,Casual
6.62962962962963,-0.18196830054666557,Casual
6.638888888888889,-0.20525554816549435,Casual
6.648148148148148,-0.2241960907261189,Casual
6.657407407407407,-0.2371209082283508,Casual
6.666666666666667,-0.24426533027368802,Casual
6.675925925925926,-0.2478896505959965,Casual
6.685185185185185,-0.2471831275682735,Casual
6.694444444444445,-0.24258224673557818,Casual
6.703703703703703,-0.23673316774662662,Casual
6.712962962962963,-0.22853947046728662,Casual
6.722222222222222,-0.21877469413255418,Casual
6.731481481481482,-0.209690926666753,Casual
6.7407407407407405,-0.20027109132043883,Casual
6.75,-0.1910466522133604,Casual
6.7592592592592595,-0.18377152202653904,Casual
6.768518518518518,-0.1772753454072547,Casual
6.777777777777778,-0.17118124455460398,Casual
6.787037037037037,-0.16682955079093342,Casual
6.796296296296297,-0.16238649303154254,Casual
6.805555555555555,-0.15663211417145523,Casual
6.814814814814815,-0.15045356212453875,Casual
6.824074074074074,-0.1417388200307702,Casual
6.833333333333333,-0.12882436535571642,Casual
6.842592592592593,-0.11195577207924416,Casual
6.851851851851852,-0.08880583972831053,Casual
6.861111111111111,-0.05905783857540632,Casual
6.87037037037037,-0.023656094775610752,Casual
6.87962962962963,0.019596465139224986,Casual
6.888888888888889,0.07012710495202212,Casual
6.898148148148148,0.12642184104151777,Casual
6.907407407407407,0.19097519716747183,Casual
6.916666666666667,0.26283230969480265,Casual
6.925925925925926,0.33927076367737297,Casual
6.935185185185185,0.4221133737428654,Casual
6.944444444444445,0.5074446543406109,Casual
6.953703703703703,0.5895644643576831,Casual
6.962962962962963,0.6704480603722016,Casual
6.972222222222222,0.7424410573358468,Casual
6.981481481481482,0.7940663112750932,Casual
6.9907407407407405,0.830780868982724,Casual
7.0,0.84708163981666,Casual
7.0092592592592595,0.8293385072431119,Casual
7.018518518518518,0.791135034990451,Casual
7.027777777777778,0.7379863146494839,Casual
7.037037037037037,0.6644403611804874,Casual
7.046296296296297,0.5821490467533552,Casual
7.055555555555555,0.49877377789903865,Casual
7.064814814814815,0.4124597321481818,Casual
7.074074074074074,0.3291418391957333,Casual
7.083333333333333,0.2525862035231337,Casual
7.092592592592593,0.18113463403816418,Casual
7.101851851851852,0.11759870590225388,Casual
7.111111111111111,0.06265347105476016,Casual
7.12037037037037,0.013942636599937946,Casual
7.12962962962963,-0.02692528517359116,Casual
7.138888888888889,-0.06015207522151517,Casual
7.148148148148148,-0.08780014928286463,Casual
7.157407407407407,-0.10876645896998961,Casual
7.166666666666667,-0.1239242710926962,Casual
7.175925925925926,-0.13579549400108554,Casual
7.185185185185185,-0.1437016319034365,Casual
7.194444444444445,-0.14934624935397592,Casual
7.203703703703703,-0.15478115999470937,Casual
7.212962962962963,-0.159126260738068,Casual
7.222222222222222,-0.1637916140227208,Casual
7.231481481481482,-0.17041680862793013,Casual
7.2407407407407405,-0.1775786716125608,Casual
7.25,-0.18568053629395767,Casual
7.2592592592592595,-0.19575242556105893,Casual
7.268518518518518,-0.20591537025247228,Casual
7.277777777777778,-0.2157076876391199,Casual
7.287037037037037,-0.2260238406571605,Casual
7.296296296296297,-0.234495851411423,Casual
7.305555555555555,-0.2405923134840607,Casual
7.314814814814815,-0.24514488518905098,Casual
7.324074074074074,-0.24555298384175828,Casual
7.333333333333333,-0.2418217277277462,Casual
7.342592592592593,-0.23445906157650376,Casual
7.351851851851852,-0.2210588214659938,Casual
7.361111111111111,-0.2021466505975597,Casual
7.37037037037037,-0.17908191017891814,Casual
7.37962962962963,-0.15006933941584932,Casual
7.388888888888889,-0.11607049608820029,Casual
7.398148148148148,-0.07987227474366557,Casual
7.407407407407407,-0.040968078266686137,Casual
7.416666666666667,-0.0014880228239440637,Casual
7.425925925925926,0.034908194197719185,Casual
7.435185185185185,0.06951181578476866,Casual
7.444444444444445,0.09968603217860668,Casual
7.453703703703703,0.12192147549581488,Casual
7.462962962962963,0.14108444611279114,Casual
7.472222222222222,0.15574987883966068,Casual
7.481481481481482,0.16196592209709776,Casual
7.4907407407407405,0.16892289866920487,Casual
7.5,0.1762262785226887,Casual
7.5092592592592595,0.17629844226289992,Casual
7.518518518518518,0.17682566070539968,Casual
7.527777777777778,0.17715539651653817,Casual
7.537037037037037,0.16762167940189296,Casual
7.546296296296297,0.15239425959128788,Casual
7.555555555555555,0.1328672502682333,Casual
7.564814814814815,0.10381916591610714,Casual
7.574074074074074,0.06923213454429579,Casual
7.583333333333333,0.03182614792732555,Casual
7.592592592592593,-0.009337203005534216,Casual
7.601851851851852,-0.050307006942905984,Casual
7.611111111111111,-0.08884566158817767,Casual
7.62037037037037,-0.1251454716068102,Casual
7.62962962962963,-0.15616410969154296,Casual
7.638888888888889,-0.18117669747057663,Casual
7.648148148148148,-0.20171954022527933,Casual
7.657407407407407,-0.21615331031295534,Casual
7.666666666666667,-0.22463819533280371,Casual
7.675925925925926,-0.22942680188055464,Casual
7.685185185185185,-0.2296832269166844,Casual
7.694444444444445,-0.2259995698018858,Casual
7.703703703703703,-0.22090703474383835,Casual
7.712962962962963,-0.21341757282841245,Casual
7.722222222222222,-0.2043596616275984,Casual
7.731481481481482,-0.19604868168511355,Casual
7.7407407407407405,-0.18742849509887605,Casual
7.75,-0.17908462402436742,Casual
7.7592592592592595,-0.17283603319652902,Casual
7.768518518518518,-0.16749628037605432,Casual
7.777777777777778,-0.16267902433180612,Casual
7.787037037037037,-0.15964550231681587,Casual
7.796296296296297,-0.15657029672357614,Casual
7.805555555555555,-0.15229139052820545,Casual
7.814814814814815,-0.14748916883771188,Casual
7.824074074074074,-0.1402402142801666,Casual
7.833333333333333,-0.1289210730351929,Casual
7.842592592592593,-0.11369705413126402,Casual
7.851851851851852,-0.09232763508055526,Casual
7.861111111111111,-0.06459465099193687,Casual
7.87037037037037,-0.03149563744569889,Casual
7.87962962962963,0.009161157543385241,Casual
7.888888888888889,0.056760158150368244,Casual
7.898148148148148,0.10969054257255502,Casual
7.907407407407407,0.1703825477802215,Casual
7.916666666666667,0.23793229968038043,Casual
7.925925925925926,0.30958936946508747,Casual
7.935185185185185,0.3871370917082897,Casual
7.944444444444445,0.4669292133249359,Casual
7.953703703703703,0.5434477245971292,Casual
7.962962962962963,0.6186018344277843,Casual
7.972222222222222,0.6856003397198318,Casual
7.981481481481482,0.733653681596396,Casual
7.9907407407407405,0.7678234149159964,Casual
0.009259259259259259,0.9882689072911536,Tourist/Visitor
0.018518518518518517,0.9641661141748837,Tourist/Visitor
0.027777777777777776,0.9293508627576357,Tourist/Visitor
0.037037037037037035,0.880958966589044,Tourist/Visitor
0.046296296296296294,0.8253524874777654,Tourist/Visitor
0.05555555555555555,0.7667555096978051,Tourist/Visitor
0.06481481481481481,0.7043942259198666,Tourist/Visitor
0.07407407407407407,0.6418602039975102,Tourist/Visitor
0.08333333333333333,0.581670493502122,Tourist/Visitor
0.09259259259259259,0.522945253131535,Tourist/Visitor
0.10185185185185185,0.46788063022826887,Tourist/Visitor
0.1111111111111111,0.4174077271855122,Tourist/Visitor
0.12037037037037036,0.3698071306739401,Tourist/Visitor
0.12962962962962962,0.3263883723127006,Tourist/Visitor
0.1388888888888889,0.28740137388899156,Tourist/Visitor
0.14814814814814814,0.25149461564919373,Tourist/Visitor
0.1574074074074074,0.21946275964201095,Tourist/Visitor
0.16666666666666666,0.1913015562066415,Tourist/Visitor
0.17592592592592593,0.16570714717200452,Tourist/Visitor
0.18518518518518517,0.1428449940326471,Tourist/Visitor
0.19444444444444445,0.12175933358129268,Tourist/Visitor
0.2037037037037037,0.10150372087394617,Tourist/Visitor
0.21296296296296297,0.08231563102940091,Tourist/Visitor
0.2222222222222222,0.06371965752725162,Tourist/Visitor
0.23148148148148148,0.04478670733670438,Tourist/Visitor
0.24074074074074073,0.026041392034698938,Tourist/Visitor
0.25,0.007266449955948847,Tourist/Visitor
0.25925925925925924,-0.011729210619375178,Tourist/Visitor
0.26851851851851855,-0.030213982212155512,Tourist/Visitor
0.2777777777777778,-0.047974094882200294,Tourist/Visitor
0.28703703703703703,-0.06502490917357336,Tourist/Visitor
0.2962962962962963,-0.08007000332127567,Tourist/Visitor
0.3055555555555556,-0.09299031571336516,Tourist/Visitor
0.3148148148148148,-0.10412886211374081,Tourist/Visitor
0.32407407407407407,-0.11185616720896387,Tourist/Visitor
0.3333333333333333,-0.1169677956267765,Tourist/Visitor
0.3425925925925926,-0.11921782112739841,Tourist/Visitor
0.35185185185185186,-0.11710986553679126,Tourist/Visitor
0.3611111111111111,-0.11167811070421318,Tourist/Visitor
0.37037037037037035,-0.10329239812266078,Tourist/Visitor
0.37962962962962965,-0.09088161512740173,Tourist/Visitor
0.3888888888888889,-0.07529026222441668,Tourist/Visitor
0.39814814814814814,-0.05811980972268423,Tourist/Visitor
0.4074074074074074,-0.038652728228374275,Tourist/Visitor
0.4166666666666667,-0.018167291670925696,Tourist/Visitor
0.42592592592592593,0.0013770988068535059,Tourist/Visitor
0.4351851851851852,0.020673921223844163,Tourist/Visitor
0.4444444444444444,0.03837000511853399,Tourist/Visitor
0.4537037037037037,0.05267433771095205,Tourist/Visitor
0.46296296296296297,0.0656237266545215,Tourist/Visitor
0.4722222222222222,0.07623899534701437,Tourist/Visitor
0.48148148148148145,0.0827579853865031,Tourist/Visitor
0.49074074074074076,0.08905039608976284,Tourist/Visitor
0.5,0.09452313771465373,Tourist/Visitor
0.5092592592592593,0.09573214170895997,Tourist/Visitor
0.5185185185185185,0.09597978970305925,Tourist/Visitor
0.5277777777777778,0.09509386899338869,Tourist/Visitor
0.5370370370370371,0.08872895587269408,Tourist/Visitor
0.5462962962962963,0.07869293140142886,Tourist/Visitor
0.5555555555555556,0.06609027983549993,Tourist/Visitor
0.5648148148148148,0.048474022029242225,Tourist/Visitor
0.5740740740740741,0.027827157097228127,Tourist/Visitor
0.5833333333333334,0.006002200755494275,Tourist/Visitor
0.5925925925925926,-0.01772067486811838,Tourist/Visitor
0.6018518518518519,-0.04118774459897289,Tourist/Visitor
0.6111111111111112,-0.06263750616527979,Tourist/Visitor
0.6203703703703703,-0.08275173494309508,Tourist/Visitor
0.6296296296296297,-0.09964008109439076,Tourist/Visitor
0.6388888888888888,-0.11247243340472135,Tourist/Visitor
0.6481481481481481,-0.12215524078142138,Tourist/Visitor
0.6574074074074074,-0.128147728216045,Tourist/Visitor
0.6666666666666666,-0.12989020897510625,Tourist/Visitor
0.6759259259259259,-0.12853956340902659,Tourist/Visitor
0.6851851851851852,-0.12441747459351506,Tourist/Visitor
0.6944444444444444,-0.1170310663584295,Tourist/Visitor
0.7037037037037037,-0.10789052829429102,Tourist/Visitor
0.7129629629629629,-0.09668123935695874,Tourist/Visitor
0.7222222222222222,-0.08360076109801742,Tourist/Visitor
0.7314814814814815,-0.06992873201541633,Tourist/Visitor
0.7407407407407407,-0.05558544861244956,Tourist/Visitor
0.75,-0.04096576250183102,Tourist/Visitor
0.7592592592592593,-0.026746946380265483,Tourist/Visitor
0.7685185185185185,-0.012564669306211891,Tourist/Visitor
0.7777777777777778,0.0015800131890035523,Tourist/Visitor
0.7870370370370371,0.015443980919723698,Tourist/Visitor
0.7962962962962963,0.029875133270855746,Tourist/Visitor
0.8055555555555556,0.04528467513967392,Tourist/Visitor
0.8148148148148148,0.06169687637136103,Tourist/Visitor
0.8240740740740741,0.07991583600053195,Tourist/Visitor
0.8333333333333334,0.10098220658305725,Tourist/Visitor
0.8425925925925926,0.12496864289336222,Tourist/Visitor
0.8518518518518519,0.15313402107239543,Tourist/Visitor
0.8611111111111112,0.18500604962358996,Tourist/Visitor
0.8703703703703703,0.21992697407607242,Tourist/Visitor
0.8796296296296297,0.25903984067233615,Tourist/Visitor
0.8888888888888888,0.30168782656554605,Tourist/Visitor
0.8981481481481481,0.34669002217922235,Tourist/Visitor
0.9074074074074074,0.39544598308839607,Tourist/Visitor
0.9166666666666666,0.44721311291542587,Tourist/Visitor
0.9259259259259259,0.49980043446999445,Tourist/Visitor
0.9351851851851852,0.5540267618777553,Tourist/Visitor
0.9444444444444444,0.6078149158702661,Tourist/Visitor
0.9537037037037037,0.6578602982247932,Tourist/Visitor
0.9629629629629629,0.7050865358684363,Tourist/Visitor
0.9722222222222222,0.7460666906351924,Tourist/Visitor
0.9814814814814815,0.775402636885183,Tourist/Visitor
0.9907407407407407,0.79548423594269,Tourist/Visitor
1.0,0.8041840505444601,Tourist/Visitor
1.0092592592592593,0.7947529376088713,Tourist/Visitor
1.0185185185185186,0.773932539107766,Tourist/Visitor
1.0277777777777777,0.7438035493102747,Tourist/Visitor
1.037037037037037,0.7018936971829749,Tourist/Visitor
1.0462962962962963,0.6535661915558414,Tourist/Visitor
1.0555555555555556,0.602400869005308,Tourist/Visitor
1.0648148148148149,0.5473559104711309,Tourist/Visitor
1.0740740740740742,0.49168619157785265,Tourist/Visitor
1.0833333333333333,0.43778717965733693,Tourist/Visitor
1.0925925925925926,0.3846784325454654,Tourist/Visitor
1.1018518518518519,0.33458232623617623,Tourist/Visitor
1.1111111111111112,0.2884702015115141,Tourist/Visitor
1.1203703703703705,0.24473174176689086,Tourist/Visitor
1.1296296296296295,0.2047315357358694,Tourist/Visitor
1.1388888888888888,0.16890488855949903,Tourist/Visitor
1.1481481481481481,0.13598727967149035,Tourist/Visitor
1.1574074074074074,0.1068202470726425,Tourist/Visitor
1.1666666666666667,0.08128091455291657,Tourist/Visitor
1.1759259259259258,0.05826126300460909,Tourist/Visitor
1.1851851851851851,0.03779993681901706,Tourist/Visitor
1.1944444444444444,0.01891404747053766,Tourist/Visitor
1.2037037037037037,0.0007037976323231105,Tourist/Visitor
1.212962962962963,-0.016790856166375736,Tourist/Visitor
1.2222222222222223,-0.03393205599075272,Tourist/Visitor
1.2314814814814814,-0.0516644048505166,Tourist/Visitor
1.2407407407407407,-0.06949440136825649,Tourist/Visitor
1.25,-0.08741146550476302,Tourist/Visitor
1.2592592592592593,-0.10571578507159628,Tourist/Visitor
1.2685185185185186,-0.12346618944186903,Tourist/Visitor
1.2777777777777777,-0.14046205653660912,Tourist/Visitor
1.287037037037037,-0.15666890973633352,Tourist/Visitor
1.2962962962962963,-0.17079605566086584,Tourist/Visitor
1.3055555555555556,-0.1826917424794314,Tourist/Visitor
1.3148148148148149,-0.19274039884414343,Tourist/Visitor
1.3240740740740742,-0.1994186531271192,Tourist/Visitor
1.3333333333333333,-0.20359220936195035,Tourist/Visitor
1.3425925925925926,-0.20493115247907376,Tourist/Visitor
1.3518518518518519,-0.20206549961889722,Tourist/Visitor
1.3611111111111112,-0.1960500902867371,Tourist/Visitor
1.3703703703703705,-0.18727080738045496,Tourist/Visitor
1.3796296296296295,-0.17470203544152502,Tourist/Visitor
1.3888888888888888,-0.1590522107918675,Tourist/Visitor
1.3981481481481481,-0.14193200849742124,Tourist/Visitor
1.4074074074074074,-0.1226517916713796,Tourist/Visitor
1.4166666666666667,-0.10227167205635014,Tourist/Visitor
1.4259259259259258,-0.08266157870638678,Tourist/Visitor
1.4351851851851851,-0.06307381468466666,Tourist/Visitor
1.4444444444444444,-0.0447841517847882,Tourist/Visitor
1.4537037037037037,-0.029637526757105907,Tourist/Visitor
1.462962962962963,-0.015678911787271148,Tourist/Visitor
1.4722222222222223,-0.004115759369676812,Tourist/Visitor
1.4814814814814814,0.003457341598581112,Tourist/Visitor
1.4907407407407407,0.010111374762618192,Tourist/Visitor
1.5,0.01527196111580564,Tourist/Visitor
1.5092592592592593,0.016200553098260493,Tourist/Visitor
1.5185185185185186,0.01541223195452943,Tourist/Visitor
1.5277777777777777,0.01296289037781554,Tourist/Visitor
1.537037037037037,0.005170330206090849,Tourist/Visitor
1.5462962962962963,-0.006194785572075644,Tourist/Visitor
1.5555555555555556,-0.02001433752981949,Tourist/Visitor
1.5648148148148149,-0.03845361290658165,Tourist/Visitor
1.5740740740740742,-0.05943365869071014,Tourist/Visitor
1.5833333333333333,-0.08138213562059904,Tourist/Visitor
1.5925925925925926,-0.10499172844428904,Tourist/Visitor
1.6018518518518519,-0.1280839200877338,Tourist/Visitor
1.6111111111111112,-0.14924235604320638,Tourist/Visitor
1.6203703703703705,-0.16911627331523305,Tourist/Visitor
1.6296296296296295,-0.18595399355857772,Tourist/Visitor
1.6388888888888888,-0.19878825742376788,Tourist/Visitor
1.6481481481481481,-0.20873150656501038,Tourist/Visitor
1.6574074074074074,-0.21521136965213342,Tourist/Visitor
1.6666666666666667,-0.21744914025516845,Tourist/Visitor
1.6759259259259258,-0.21687593876844893,Tourist/Visitor
1.6851851851851851,-0.21356746076061317,Tourist/Visitor
1.6944444444444444,-0.2070549856644116,Tourist/Visitor
1.7037037037037037,-0.19877117827219143,Tourist/Visitor
1.712962962962963,-0.18847641027230166,Tourist/Visitor
1.7222222222222223,-0.1763431155652953,Tourist/Visitor
1.7314814814814814,-0.16354415163565578,Tourist/Visitor
1.7407407407407407,-0.1501889530744397,Tourist/Visitor
1.75,-0.1365331417847043,Tourist/Visitor
1.7592592592592593,-0.12340728422483711,Tourist/Visitor
1.7685185185185186,-0.1104956093413357,Tourist/Visitor
1.7777777777777777,-0.09782516781234388,Tourist/Visitor
1.787037037037037,-0.08572773280015926,Tourist/Visitor
1.7962962962962963,-0.07322334395961398,Tourist/Visitor
1.8055555555555556,-0.06003558074856316,Tourist/Visitor
1.8148148148148149,-0.046000971061729075,Tourist/Visitor
1.8240740740740742,-0.030255576209599653,Tourist/Visitor
1.8333333333333333,-0.011846726108541716,Tourist/Visitor
1.8425925925925926,0.009448893431811288,Tourist/Visitor
1.8518518518518519,0.03474743672403976,Tourist/Visitor
1.8611111111111112,0.06364725747829483,Tourist/Visitor
1.8703703703703705,0.0952721944145255,Tourist/Visitor
1.8796296296296295,0.13085171577726662,Tourist/Visitor
1.8888888888888888,0.16968181852913128,Tourist/Visitor
1.8981481481481481,0.21049897505674425,Tourist/Visitor
1.9074074074074074,0.2545815683067977,Tourist/Visitor
1.9166666666666667,0.3011209093947094,Tourist/Visitor
1.9259259259259258,0.34809979480938125,Tourist/Visitor
1.9351851851851851,0.39616300621069284,Tourist/Visitor
1.9444444444444444,0.44355357255415373,Tourist/Visitor
1.9537037037037037,0.4872655039776572,Tourist/Visitor
1.962962962962963,0.5281959689578808,Tourist/Visitor
1.9722222222222223,0.5636050600193256,Tourist/Visitor
1.9814814814814814,0.5888355331097822,Tourist/Visitor
1.9907407407407407,0.606060843951568,Tourist/Visitor
2.0,0.6135365884617262,Tourist/Visitor
2.009259259259259,0.6054808832502205,Tourist/Visitor
2.0185185185185186,0.5875771403860519,Tourist/Visitor
2.0277777777777777,0.561504702205252,Tourist/Visitor
2.037037037037037,0.525104247849216,Tourist/Visitor
2.0462962962962963,0.48289551791507784,Tourist/Visitor
2.0555555555555554,0.43782377818085366,Tourist/Visitor
2.064814814814815,0.38887194116545937,Tourist/Visitor
2.074074074074074,0.33897400105139464,Tourist/Visitor
2.0833333333333335,0.29042795383191145,Tourist/Visitor
2.0925925925925926,0.24225162328752908,Tourist/Visitor
2.1018518518518516,0.19673070109262783,Tourist/Visitor
2.111111111111111,0.15481202386565107,Tourist/Visitor
2.1203703703703702,0.11510476220356305,Tourist/Visitor
2.1296296296296298,0.07887197218307702,Tourist/Visitor
2.138888888888889,0.04673657599069524,Tourist/Visitor
2.1481481481481484,0.0173276386982146,Tourist/Visitor
2.1574074074074074,-0.008392138013903606,Tourist/Visitor
2.1666666666666665,-0.030312137968916263,Tourist/Visitor
2.175925925925926,-0.049728067664386214,Tourist/Visitor
2.185185185185185,-0.06661744867598796,Tourist/Visitor
2.1944444444444446,-0.08190446772840451,Tourist/Visitor
2.2037037037037037,-0.09656428053866262,Tourist/Visitor
2.212962962962963,-0.11063236541879035,Tourist/Visitor
2.2222222222222223,-0.12455745649293466,Tourist/Visitor
2.2314814814814814,-0.13911626717432193,Tourist/Visitor
2.240740740740741,-0.1540762424798893,Tourist/Visitor
2.25,-0.16922549461751069,Tourist/Visitor
2.259259259259259,-0.18486636806616683,Tourist/Visitor
2.2685185185185186,-0.19996554616581202,Tourist/Visitor
2.2777777777777777,-0.21435179791278305,Tourist/Visitor
2.287037037037037,-0.22796104583676408,Tourist/Visitor
2.2962962962962963,-0.2392524088249043,Tourist/Visitor
2.3055555555555554,-0.2483790574257732,Tourist/Visitor
2.314814814814815,-0.2555894845429737,Tourist/Visitor
2.324074074074074,-0.2593594172398397,Tourist/Visitor
2.3333333333333335,-0.2607343732295127,Tourist/Visitor
2.3425925925925926,-0.2592982082013402,Tourist/Visitor
2.3518518518518516,-0.2537066428643532,Tourist/Visitor
2.361111111111111,-0.24518137610431837,Tourist/Visitor
2.3703703703703702,-0.23411614475934311,Tourist/Visitor
2.3796296296296298,-0.21919833473067418,Tourist/Visitor
2.388888888888889,-0.20154982413642997,Tourist/Visitor
2.3981481481481484,-0.18260452453330564,Tourist/Visitor
2.4074074074074074,-0.16166595558289515,Tourist/Visitor
2.4166666666666665,-0.13988456956929557,Tourist/Visitor
2.425925925925926,-0.11909063772586759,Tourist/Visitor
2.435185185185185,-0.09850088224802377,Tourist/Visitor
2.4444444444444446,-0.07951918493265044,Tourist/Visitor
2.4537037037037037,-0.06383073765220272,Tourist/Visitor
2.462962962962963,-0.049753841974903595,Tourist/Visitor
2.4722222222222223,-0.03848350350852385,Tourist/Visitor
2.4814814814814814,-0.03147415395563988,Tourist/Visitor
2.490740740740741,-0.02591774646476089,Tourist/Visitor
2.5,-0.022427737153039796,Tourist/Visitor
2.509259259259259,-0.023240145018453878,Tourist/Visitor
2.5185185185185186,-0.02604896738175434,Tourist/Visitor
2.5277777777777777,-0.03083079905830917,Tourist/Visitor
2.537037037037037,-0.04032973647133862,Tourist/Visitor
2.5462962962962963,-0.05306816041611911,Tourist/Visitor
2.5555555555555554,-0.06783636134271222,Tourist/Visitor
2.564814814814815,-0.08655911463393885,Tourist/Visitor
2.574074074074074,-0.10724145586363894,Tourist/Visitor
2.5833333333333335,-0.12837914117536434,Tourist/Visitor
2.5925925925925926,-0.15087747877978197,Tourist/Visitor
2.6018518518518516,-0.17278384998286758,Tourist/Visitor
2.611111111111111,-0.19268374296139218,Tourist/Visitor
2.6203703703703702,-0.2113744112522554,Tourist/Visitor
2.6296296296296298,-0.22711207647679088,Tourist/Visitor
2.638888888888889,-0.23910051088082696,Tourist/Visitor
2.6481481481481484,-0.2483122230814147,Tourist/Visitor
2.6574074074074074,-0.2542311071018099,Tourist/Visitor
2.6666666666666665,-0.2561127208767575,Tourist/Visitor
2.675925925925926,-0.25519530562487003,Tourist/Visitor
2.685185185185185,-0.2517362519401721,Tourist/Visitor
2.6944444444444446,-0.245060709171099,Tourist/Visitor
2.7037037037037037,-0.2366070399538933,Tourist/Visitor
2.712962962962963,-0.22608952741429494,Tourist/Visitor
2.7222222222222223,-0.21361100106723774,Tourist/Visitor
2.7314814814814814,-0.20039849568548437,Tourist/Visitor
2.740740740740741,-0.18667001175730583,Tourist/Visitor
2.75,-0.17261857629136773,Tourist/Visitor
2.759259259259259,-0.1590887244433726,Tourist/Visitor
2.7685185185185186,-0.14586003858486069,Tourist/Visitor
2.7777777777777777,-0.13304026955645948,Tourist/Visitor
2.787037037037037,-0.12080190705440541,Tourist/Visitor
2.7962962962962963,-0.10832484654185687,Tourist/Visitor
2.8055555555555554,-0.09531160681372357,Tourist/Visitor
2.814814814814815,-0.08157863379548771,Tourist/Visitor
2.824074074074074,-0.0661530943271399,Tourist/Visitor
2.8333333333333335,-0.04818513654965403,Tourist/Visitor
2.8425925925925926,-0.027173317893865786,Tourist/Visitor
2.8518518518518516,-0.0021525854673427576,Tourist/Visitor
2.861111111111111,0.02642797787936919,Tourist/Visitor
2.8703703703703702,0.0579066524965347,Tourist/Visitor
2.8796296296296298,0.09336480189929726,Tourist/Visitor
2.888888888888889,0.1320205863236968,Tourist/Visitor
2.8981481481481484,0.17249750478580844,Tourist/Visitor
2.9074074074074074,0.21617522613221127,Tourist/Visitor
2.9166666666666665,0.26203933978663213,Tourist/Visitor
2.925925925925926,0.308082710069707,Tourist/Visitor
2.935185185185185,0.3549534796658866,Tourist/Visitor
2.9444444444444446,0.4007995542528826,Tourist/Visitor
2.9537037037037037,0.4428213690656602,Tourist/Visitor
2.962962962962963,0.4818213670441745,Tourist/Visitor
2.9722222222222223,0.515304564365121,Tourist/Visitor
2.9814814814814814,0.5390280028878203,Tourist/Visitor
2.990740740740741,0.5550158751753652,Tourist/Visitor
3.0,0.5616052529654569,Tourist/Visitor
3.009259259259259,0.5536382284602372,Tourist/Visitor
3.0185185185185186,0.536315658368374,Tourist/Visitor
3.0277777777777777,0.5112923488923619,Tourist/Visitor
3.037037037037037,0.4764224378680693,Tourist/Visitor
3.0462962962962963,0.43607143576896373,Tourist/Visitor
3.0555555555555554,0.39287340104899443,Tourist/Visitor
3.064814814814815,0.3458511031365315,Tourist/Visitor
3.074074074074074,0.2978726803742616,Tourist/Visitor
3.0833333333333335,0.25105294939177614,Tourist/Visitor
3.0925925925925926,0.20446505330832948,Tourist/Visitor
3.1018518518518516,0.16031106664520622,Tourist/Visitor
3.111111111111111,0.11948825103024462,Tourist/Visitor
3.1203703703703702,0.08078278120816214,Tourist/Visitor
3.1296296296296298,0.04535992097094572,Tourist/Visitor
3.138888888888889,0.013929644226946508,Tourist/Visitor
3.1481481481481484,-0.014634406835563654,Tourist/Visitor
3.1574074074074074,-0.039507892130537535,Tourist/Visitor
3.1666666666666665,-0.06041219606364014,Tourist/Visitor
3.175925925925926,-0.07854075967150506,Tourist/Visitor
3.185185185185185,-0.09423712199885526,Tourist/Visitor
3.1944444444444446,-0.10823443323554897,Tourist/Visitor
3.2037037037037037,-0.12163233053118575,Tourist/Visitor
3.212962962962963,-0.13453123843983608,Tourist/Visitor
3.2222222222222223,-0.14725141921296928,Tourist/Visitor
3.2314814814814814,-0.16072357396462586,Tourist/Visitor
3.240740740740741,-0.1746577538652351,Tourist/Visitor
3.25,-0.18887633641165313,Tourist/Visitor
3.259259259259259,-0.20363641505820723,Tourist/Visitor
3.2685185185185186,-0.2180322556946252,Tourist/Visitor
3.2777777777777777,-0.23173449479034108,Tourist/Visitor
3.287037037037037,-0.24470134632856005,Tourist/Visitor
3.2962962962962963,-0.2554766075459193,Tourist/Visitor
3.3055555555555554,-0.26412825145786684,Tourist/Visitor
3.314814814814815,-0.27080338935155035,Tourist/Visitor
3.324074074074074,-0.2741013522822844,Tourist/Visitor
3.3333333333333335,-0.27479677939926817,Tourist/Visitor
3.3425925925925926,-0.2726231319439865,Tourist/Visitor
3.3518518518518516,-0.2663234422226046,Tourist/Visitor
3.361111111111111,-0.2569191906229454,Tourist/Visitor
3.3703703703703702,-0.244848888836994,Tourist/Visitor
3.3796296296296298,-0.22890541754981406,Tourist/Visitor
3.388888888888889,-0.21022607833082926,Tourist/Visitor
3.3981481481481484,-0.1903441000951271,Tourist/Visitor
3.4074074074074074,-0.16848338530909968,Tourist/Visitor
3.4166666666666665,-0.1459785226641835,Tourist/Visitor
3.425925925925926,-0.12462284876299913,Tourist/Visitor
3.435185185185185,-0.10360417056446855,Tourist/Visitor
3.4444444444444446,-0.08456943448513057,Tourist/Visitor
3.4537037037037037,-0.06904155804791431,Tourist/Visitor
3.462962962962963,-0.05546975810008086,Tourist/Visitor
3.4722222222222223,-0.04498653592973978,Tourist/Visitor
3.4814814814814814,-0.039188946222419155,Tourist/Visitor
3.490740740740741,-0.03522446086246621,Tourist/Visitor
3.5,-0.03341241145454449,Tourist/Visitor
3.509259259259259,-0.0360089927586475,Tourist/Visitor
3.5185185185185186,-0.04082530703012017,Tourist/Visitor
3.5277777777777777,-0.047276040455229394,Tourist/Visitor
3.537037037037037,-0.05830053684279751,Tourist/Visitor
3.5462962962962963,-0.07224150583236492,Tourist/Visitor
3.5555555555555554,-0.08797262291859514,Tourist/Visitor
3.564814814814815,-0.1071793078806485,Tourist/Visitor
3.574074074074074,-0.12805981428867771,Tourist/Visitor
3.5833333333333335,-0.14919517174926966,Tourist/Visitor
3.5925925925925926,-0.1713982933835475,Tourist/Visitor
3.6018518518518516,-0.19278145405515376,Tourist/Visitor
3.611111111111111,-0.21224063753735578,Tourist/Visitor
3.6203703703703702,-0.2302995845430822,Tourist/Visitor
3.6296296296296298,-0.2455736158710221,Tourist/Visitor
3.638888888888889,-0.2570566195063703,Tourist/Visitor
3.6481481481481484,-0.26588725527103385,Tourist/Visitor
3.6574074074074074,-0.2715891777635937,Tourist/Visitor
3.6666666666666665,-0.27323505922957303,Tourist/Visitor
3.675925925925926,-0.27220223936785215,Tourist/Visitor
3.685185185185185,-0.2686720068942843,Tourist/Visitor
3.6944444444444446,-0.26188527299651454,Tourist/Visitor
3.7037037037037037,-0.2532746047388475,Tourist/Visitor
3.712962962962963,-0.24261038460644885,Tourist/Visitor
3.7222222222222223,-0.22987657171886045,Tourist/Visitor
3.7314814814814814,-0.21638556126630826,Tourist/Visitor
3.740740740740741,-0.20228908405075532,Tourist/Visitor
3.75,-0.18779620617704004,Tourist/Visitor
3.759259259259259,-0.17390460761436888,Tourist/Visitor
3.7685185185185186,-0.16030836222325667,Tourist/Visitor
3.7777777777777777,-0.14711625000246567,Tourist/Visitor
3.787037037037037,-0.13452356442543856,Tourist/Visitor
3.7962962962962963,-0.12176230660775575,Tourist/Visitor
3.8055555555555554,-0.10849712484269541,Tourist/Visitor
3.814814814814815,-0.09456240639037941,Tourist/Visitor
3.824074074074074,-0.07898474656755479,Tourist/Visitor
3.8333333333333335,-0.060910800016668744,Tourist/Visitor
3.8425925925925926,-0.039937760369518495,Tourist/Visitor
3.8518518518518516,-0.015043514881540578,Tourist/Visitor
3.861111111111111,0.013475984963966526,Tourist/Visitor
3.8703703703703702,0.044798569266330766,Tourist/Visitor
3.8796296296296298,0.08022370010489571,Tourist/Visitor
3.888888888888889,0.11891074507282015,Tourist/Visitor
3.8981481481481484,0.1595972951680415,Tourist/Visitor
3.9074074074074074,0.20368225319485536,Tourist/Visitor
3.9166666666666665,0.25021357390758797,Tourist/Visitor
3.925925925925926,0.2969112909068746,Tourist/Visitor
3.935185185185185,0.3446621641151534,Tourist/Visitor
3.9444444444444446,0.39145787381599595,Tourist/Visitor
3.9537037037037037,0.4343250708369868,Tourist/Visitor
3.962962962962963,0.4742023798173105,Tourist/Visitor
3.9722222222222223,0.5085066523739118,Tourist/Visitor
3.9814814814814814,0.5326469448629568,Tourist/Visitor
3.990740740740741,0.5488996595069527,Tourist/Visitor
4.0,0.5554568090219015,Tourist/Visitor
4.0092592592592595,0.546922488836426,Tourist/Visitor
4.018518518518518,0.528818688926689,Tourist/Visitor
4.027777777777778,0.5028473640652972,Tourist/Visitor
4.037037037037037,0.46679361131477576,Tourist/Visitor
4.046296296296297,0.42523265939781696,Tourist/Visitor
4.055555555555555,0.38088199612124096,Tourist/Visitor
4.064814814814815,0.33278848285537144,Tourist/Visitor
4.074074074074074,0.2838331567885229,Tourist/Visitor
4.083333333333333,0.23622002617718874,Tourist/Visitor
4.092592592592593,0.18905366654903308,Tourist/Visitor
4.101851851851852,0.14452262045274594,Tourist/Visitor
4.111111111111111,0.10354139462444027,Tourist/Visitor
4.12037037037037,0.06478533404349221,Tourist/Visitor
4.12962962962963,0.029468554965219138,Tourist/Visitor
4.138888888888889,-0.0016828501909261426,Tourist/Visitor
4.148148148148148,-0.029900102221881508,Tourist/Visitor
4.157407407407407,-0.054357475639823245,Tourist/Visitor
4.166666666666667,-0.07484116537822497,Tourist/Visitor
4.175925925925926,-0.09247271500400348,Tourist/Visitor
4.185185185185185,-0.10767265697709223,Tourist/Visitor
4.194444444444445,-0.12112451837203052,Tourist/Visitor
4.203703703703703,-0.133922228483697,Tourist/Visitor
4.212962962962963,-0.1461854769472136,Tourist/Visitor
4.222222222222222,-0.15834590472405008,Tourist/Visitor
4.231481481481482,-0.171278819299674,Tourist/Visitor
4.2407407407407405,-0.18460866429149156,Tourist/Visitor
4.25,-0.1981813686575589,Tourist/Visitor
4.2592592592592595,-0.21230034503961207,Tourist/Visitor
4.268518518518518,-0.22596835037241528,Tourist/Visitor
4.277777777777778,-0.23887335413595917,Tourist/Visitor
4.287037037037037,-0.2509954115450831,Tourist/Visitor
4.296296296296297,-0.2609315159057387,Tourist/Visitor
4.305555555555555,-0.2686511763300786,Tourist/Visitor
4.314814814814815,-0.2744366634648787,Tourist/Visitor
4.324074074074074,-0.2768541999174218,Tourist/Visitor
4.333333333333333,-0.2767056091141846,Tourist/Visitor
4.342592592592593,-0.27365787037007516,Tourist/Visitor
4.351851851851852,-0.2663808957276632,Tourist/Visitor
4.361111111111111,-0.2559817101639367,Tourist/Visitor
4.37037037037037,-0.24290070617794246,Tourist/Visitor
4.37962962962963,-0.22591304776577925,Tourist/Visitor
4.388888888888889,-0.20624308430314212,Tourist/Visitor
4.398148148148148,-0.18535466623749397,Tourist/Visitor
4.407407407407407,-0.162383253958693,Tourist/Visitor
4.416666666666667,-0.13886140982120684,Tourist/Visitor
4.425925925925926,-0.11667762930782906,Tourist/Visitor
4.435185185185185,-0.09492452959606706,Tourist/Visitor
4.444444444444445,-0.07525108110769865,Tourist/Visitor
4.453703703703703,-0.05954846153186749,Tourist/Visitor
4.462962962962963,-0.0458549405915346,Tourist/Visitor
4.472222222222222,-0.0353607742878433,Tourist/Visitor
4.481481481481482,-0.029794057612821275,Tourist/Visitor
4.4907407407407405,-0.026076864738709207,Tourist/Visitor
4.5,-0.024547736353972976,Tourist/Visitor
4.5092592592592595,-0.027613902732866482,Tourist/Visitor
4.518518518518518,-0.03276669571936435,Tourist/Visitor
4.527777777777778,-0.039620937752862205,Tourist/Visitor
4.537037037037037,-0.05104126151497332,Tourist/Visitor
4.546296296296297,-0.06545897940057754,Tourist/Visitor
4.555555555555555,-0.08161546034380716,Tourist/Visitor
4.564814814814815,-0.10130876038133972,Tourist/Visitor
4.574074074074074,-0.12281615989008296,Tourist/Visitor
4.583333333333333,-0.14464123592264788,Tourist/Visitor
4.592592592592593,-0.1674762515749712,Tourist/Visitor
4.601851851851852,-0.18963827723083743,Tourist/Visitor
4.611111111111111,-0.20988851572523728,Tourist/Visitor
4.62037037037037,-0.22865904820454733,Tourist/Visitor
4.62962962962963,-0.24465160279923187,Tourist/Visitor
4.638888888888889,-0.2568598262524433,Tourist/Visitor
4.648148148148148,-0.2662318581027732,Tourist/Visitor
4.657407407407407,-0.27256592187640244,Tourist/Visitor
4.666666666666667,-0.27477415700684676,Tourist/Visitor
4.675925925925926,-0.2741760718248626,Tourist/Visitor
4.685185185185185,-0.2710844766565814,Tourist/Visitor
4.694444444444445,-0.2647148472870709,Tourist/Visitor
4.703703703703703,-0.25639501740938375,Tourist/Visitor
4.712962962962963,-0.2459263966737943,Tourist/Visitor
4.722222222222222,-0.23337836769639092,Tourist/Visitor
4.731481481481482,-0.21998822689685807,Tourist/Visitor
4.7407407407407405,-0.20592739158218526,Tourist/Visitor
4.75,-0.19158573598777623,Tourist/Visitor
4.7592592592592595,-0.1777204439373541,Tourist/Visitor
4.768518518518518,-0.16420526493732518,Tourist/Visitor
4.777777777777778,-0.15106904575838365,Tourist/Visitor
4.787037037037037,-0.13863470797587638,Tourist/Visitor
4.796296296296297,-0.12600242812837395,Tourist/Visitor
4.805555555555555,-0.11285091338155745,Tourist/Visitor
4.814814814814815,-0.09902677422932409,Tourist/Visitor
4.824074074074074,-0.0835125791659952,Tourist/Visitor
4.833333333333333,-0.06545832134012963,Tourist/Visitor
4.842592592592593,-0.044465790734980006,Tourist/Visitor
4.851851851851852,-0.019392246387953428,Tourist/Visitor
4.861111111111111,0.009486782843560512,Tourist/Visitor
4.87037037037037,0.04128413931159442,Tourist/Visitor
4.87962962962963,0.07733978336129063,Tourist/Visitor
4.888888888888889,0.11685097257049848,Tourist/Visitor
4.898148148148148,0.15850841085454678,Tourist/Visitor
4.907407407407407,0.2038178462911616,Tourist/Visitor
4.916666666666667,0.25160302881579966,Tourist/Visitor
4.925925925925926,0.29969733492286765,Tourist/Visitor
4.935185185185185,0.3490914811298396,Tourist/Visitor
4.944444444444445,0.3975580705372116,Tourist/Visitor
4.953703703703703,0.442111414819541,Tourist/Visitor
4.962962962962963,0.4838398834010919,Tourist/Visitor
4.972222222222222,0.5199181685867561,Tourist/Visitor
4.981481481481482,0.5456290060439608,Tourist/Visitor
4.9907407407407405,0.5633586645859078,Tourist/Visitor
5.0,0.5711618774558077,Tourist/Visitor
5.0092592592592595,0.5635213187567109,Tourist/Visitor
5.018518518518518,0.5461950264767165,Tourist/Visitor
5.027777777777778,0.5208569701688675,Tourist/Visitor
5.037037037037037,0.4852422254803409,Tourist/Visitor
5.046296296296297,0.44425091332318034,Tourist/Visitor
5.055555555555555,0.4004888191510585,Tourist/Visitor
5.064814814814815,0.3530864627060773,Tourist/Visitor
5.074074074074074,0.3051145748645227,Tourist/Visitor
5.083333333333333,0.25851240471150455,Tourist/Visitor
5.092592592592593,0.21257298800512256,Tourist/Visitor
5.101851851851852,0.16932658293010622,Tourist/Visitor
5.111111111111111,0.12961794831893736,Tourist/Visitor
5.12037037037037,0.09216325125440017,Tourist/Visitor
5.12962962962963,0.05817096900363828,Tourist/Visitor
5.138888888888889,0.027935065010076317,Tourist/Visitor
5.148148148148148,0.0005002728481773911,Tourist/Visitor
5.157407407407407,-0.023362404829904485,Tourist/Visitor
5.166666666666667,-0.04360870905905061,Tourist/Visitor
5.175925925925926,-0.061406894690961916,Tourist/Visitor
5.185185185185185,-0.07677329857757548,Tourist/Visitor
5.194444444444445,-0.09055664345728145,Tourist/Visitor
5.203703703703703,-0.10381695513062035,Tourist/Visitor
5.212962962962963,-0.11641912719130186,Tourist/Visitor
5.222222222222222,-0.12887695996672796,Tourist/Visitor
5.231481481481482,-0.141978802779065,Tourist/Visitor
5.2407407407407405,-0.15530533335183108,Tourist/Visitor
5.25,-0.1689037536298339,Tourist/Visitor
5.2592592592592595,-0.1828980488715546,Tourist/Visitor
5.268518518518518,-0.19637906542009329,Tourist/Visitor
5.277777777777778,-0.2091046709791439,Tourist/Visitor
5.287037037037037,-0.2210111244219424,Tourist/Visitor
5.296296296296297,-0.23074078757680627,Tourist/Visitor
5.305555555555555,-0.2382315206475387,Tourist/Visitor
5.314814814814815,-0.24398118763448987,Tourist/Visitor
5.324074074074074,-0.24632688796840066,Tourist/Visitor
5.333333333333333,-0.24615992143368884,Tourist/Visitor
5.342592592592593,-0.24320095194320834,Tourist/Visitor
5.351851851851852,-0.2360640196094865,Tourist/Visitor
5.361111111111111,-0.225845406989631,Tourist/Visitor
5.37037037037037,-0.21290665639628753,Tourist/Visitor
5.37962962962963,-0.19606217889753347,Tourist/Visitor
5.388888888888889,-0.17644389003298794,Tourist/Visitor
5.398148148148148,-0.15564089717346274,Tourist/Visitor
5.407407407407407,-0.1328451966016748,Tourist/Visitor
5.416666666666667,-0.10957760499962431,Tourist/Visitor
5.425925925925926,-0.08787534675376023,Tourist/Visitor
5.435185185185185,-0.0668536632951179,Tourist/Visitor
5.444444444444445,-0.04833668320038105,Tourist/Visitor
5.453703703703703,-0.03422856806891463,Tourist/Visitor
5.462962962962963,-0.02238738707499949,Tourist/Visitor
5.472222222222222,-0.014052394605357496,Tourist/Visitor
5.481481481481482,-0.01096389443640868,Tourist/Visitor
5.4907407407407405,-0.009692865907751407,Tourist/Visitor
5.5,-0.010248373805176682,Tourist/Visitor
5.5092592592592595,-0.015276909131878824,Tourist/Visitor
5.518518518518518,-0.021928221783711777,Tourist/Visitor
5.527777777777778,-0.029872957115060154,Tourist/Visitor
5.537037037037037,-0.042095154709256156,Tourist/Visitor
5.546296296296297,-0.056850630623924064,Tourist/Visitor
5.555555555555555,-0.07311847960314577,Tourist/Visitor
5.564814814814815,-0.0926574616539944,Tourist/Visitor
5.574074074074074,-0.11357389504646245,Tourist/Visitor
5.583333333333333,-0.13452342356280655,Tourist/Visitor
5.592592592592593,-0.15639826585129818,Tourist/Visitor
5.601851851851852,-0.1770883179345757,Tourist/Visitor
5.611111111111111,-0.19565084675302763,Tourist/Visitor
5.62037037037037,-0.21265469870103243,Tourist/Visitor
5.62962962962963,-0.22647818253907379,Tourist/Visitor
5.638888888888889,-0.23646334815010744,Tourist/Visitor
5.648148148148148,-0.2436228700137641,Tourist/Visitor
5.657407407407407,-0.24731804704022725,Tourist/Visitor
5.666666666666667,-0.24706283834584666,Tourist/Visitor
5.675925925925926,-0.24407081646487597,Tourist/Visitor
5.685185185185185,-0.23830900152570694,Tourist/Visitor
5.694444444444445,-0.22957655914513492,Tourist/Visitor
5.703703703703703,-0.21905251076599094,Tourist/Visitor
5.712962962962963,-0.20647587082989832,Tourist/Visitor
5.722222222222222,-0.19211114849932667,Tourist/Visitor
5.731481481481482,-0.17713159346294763,Tourist/Visitor
5.7407407407407405,-0.16142699169316582,Tourist/Visitor
5.75,-0.1455915813799297,Tourist/Visitor
5.7592592592592595,-0.13021954206125516,Tourist/Visitor
5.768518518518518,-0.11505385091552493,Tourist/Visitor
5.777777777777778,-0.10014615960957282,Tourist/Visitor
5.787037037037037,-0.08579889793453765,Tourist/Visitor
5.796296296296297,-0.07115813955462247,Tourist/Visitor
5.805555555555555,-0.055700050009698285,Tourist/Visitor
5.814814814814815,-0.03952807086587435,Tourist/Visitor
5.824074074074074,-0.021765801560296987,Tourist/Visitor
5.833333333333333,-0.0011980984944809645,Tourist/Visitor
5.842592592592593,0.022371118918412463,Tourist/Visitor
5.851851851851852,0.05003542286104087,Tourist/Visitor
5.861111111111111,0.08129437018127306,Tourist/Visitor
5.87037037037037,0.11571189702588881,Tourist/Visitor
5.87962962962963,0.15428872421700934,Tourist/Visitor
5.888888888888889,0.19627771912928377,Tourist/Visitor
5.898148148148148,0.24045472374229496,Tourist/Visitor
5.907407407407407,0.28833988723925524,Tourist/Visitor
5.916666666666667,0.33891477087212984,Tourist/Visitor
5.925925925925926,0.3900980852748258,Tourist/Visitor
5.935185185185185,0.44277525096871,Tourist/Visitor
5.944444444444445,0.4947644662857213,Tourist/Visitor
5.953703703703703,0.5429826630590626,Tourist/Visitor
5.962962962962963,0.5884115550662289,Tourist/Visitor
5.972222222222222,0.6277019023093172,Tourist/Visitor
5.981481481481482,0.6557458157762719,Tourist/Visitor
5.9907407407407405,0.6749886350922938,Tourist/Visitor
6.0,0.6832403755707813,Tourist/Visitor
6.0092592592592595,0.6743009305353326,Tourist/Visitor
6.018518518518518,0.6544951396334331,Tourist/Visitor
6.027777777777778,0.625757393683186,Tourist/Visitor
6.037037037037037,0.5859044807101834,Tourist/Visitor
6.046296296296297,0.5400103905921801,Tourist/Visitor
6.055555555555555,0.4913246693564458,Tourist/Visitor
6.064814814814815,0.4390928199961595,Tourist/Visitor
6.074074074074074,0.38654455366774393,Tourist/Visitor
6.083333333333333,0.3358035535387585,Tourist/Visitor
6.092592592592593,0.2860343650566591,Tourist/Visitor
6.101851851851852,0.23929667402519603,Tourist/Visitor
6.111111111111111,0.19661833432827497,Tourist/Visitor
6.12037037037037,0.1564605855150512,Tourist/Visitor
6.12962962962963,0.1200197621514239,Tourist/Visitor
6.138888888888889,0.08760826318908829,Tourist/Visitor
6.148148148148148,0.05815027533260086,Tourist/Visitor
6.157407407407407,0.032422023117182674,Tourist/Visitor
6.166666666666667,0.010422117525459781,Tourist/Visitor
6.175925925925926,-0.009095393189260387,Tourist/Visitor
6.185185185185185,-0.02599347919400251,Tourist/Visitor
6.194444444444445,-0.041267563839392965,Tourist/Visitor
6.203703703703703,-0.05582395539542693,Tourist/Visitor
6.212962962962963,-0.06964027637442656,Tourist/Visitor
6.222222222222222,-0.08314447571600242,Tourist/Visitor
6.231481481481482,-0.09722985520340334,Tourist/Visitor
6.2407407407407405,-0.1114585332184372,Tourist/Visitor
6.25,-0.1259035530725539,Tourist/Visitor
6.2592592592592595,-0.1407025830608473,Tourist/Visitor
6.268518518518518,-0.15502183781199766,Tourist/Visitor
6.277777777777778,-0.16862446121910926,Tourist/Visitor
6.287037037037037,-0.18151243525717975,Tourist/Visitor
6.296296296296297,-0.19229909078513804,Tourist/Visitor
6.305555555555555,-0.20093408947183683,Tourist/Visitor
6.314814814814815,-0.20779942324762277,Tourist/Visitor
6.324074074074074,-0.21128911105298667,Tourist/Visitor
6.333333333333333,-0.21222775947198866,Tourist/Visitor
6.342592592592593,-0.21030572844446915,Tourist/Visitor
6.351851851851852,-0.2041756318424286,Tourist/Visitor
6.361111111111111,-0.19494459527629082,Tourist/Visitor
6.37037037037037,-0.1828754487802114,Tourist/Visitor
6.37962962962963,-0.166883758129093,Tourist/Visitor
6.388888888888889,-0.14816343115688854,Tourist/Visitor
6.398148148148148,-0.12814940798070454,Tourist/Visitor
6.407407407407407,-0.10624476409036854,Tourist/Visitor
6.416666666666667,-0.08385317937414465,Tourist/Visitor
6.425925925925926,-0.06312800048212382,Tourist/Visitor
6.435185185185185,-0.04312297199731806,Tourist/Visitor
6.444444444444445,-0.025538439362252995,Tourist/Visitor
6.453703703703703,-0.01229455444689334,Tourist/Visitor
6.462962962962963,-0.0012326572249528745,Tourist/Visitor
6.472222222222222,0.006624849449869166,Tourist/Visitor
6.481481481481482,0.009487388532303827,Tourist/Visitor
6.4907407407407405,0.011138674701966033,Tourist/Visitor
6.5,0.011345035667143117,Tourist/Visitor
6.5092592592592595,0.007396251167414408,Tourist/Visitor
6.518518518518518,0.0021892010869689386,Tourist/Visitor
6.527777777777778,-0.0039863593337518275,Tourist/Visitor
6.537037037037037,-0.01448890153716478,Tourist/Visitor
6.546296296296297,-0.027647548446243668,Tourist/Visitor
6.555555555555555,-0.04250962762456474,Tourist/Visitor
6.564814814814815,-0.06101162003034958,Tourist/Visitor
6.574074074074074,-0.08113545234729129,Tourist/Visitor
6.583333333333333,-0.10169897213963129,Tourist/Visitor
6.592592592592593,-0.123256227035909,Tourist/Visitor
6.601851851851852,-0.14391164103258683,Tourist/Visitor
6.611111111111111,-0.1624004821785571,Tourist/Visitor
6.62037037037037,-0.17931352168761208,Tourist/Visitor
6.62962962962963,-0.19307092668179057,Tourist/Visitor
6.638888888888889,-0.20299459873475773,Tourist/Visitor
6.648148148148148,-0.2099990301907567,Tourist/Visitor
6.657407407407407,-0.21344017386378938,Tourist/Visitor
6.666666666666667,-0.21293766980035117,Tourist/Visitor
6.675925925925926,-0.20961363762536023,Tourist/Visitor
6.685185185185185,-0.20353619786554278,Tourist/Visitor
6.694444444444445,-0.19442779135910093,Tourist/Visitor
6.703703703703703,-0.18358466508420232,Tourist/Visitor
6.712962962962963,-0.17066815230651391,Tourist/Visitor
6.722222222222222,-0.155917718522944,Tourist/Visitor
6.731481481481482,-0.1405734765578027,Tourist/Visitor
6.7407407407407405,-0.12445190902275549,Tourist/Visitor
6.75,-0.10800699398732333,Tourist/Visitor
6.7592592592592595,-0.09189042425992687,Tourist/Visitor
6.768518518518518,-0.07573002046467121,Tourist/Visitor
6.777777777777778,-0.05967053758618766,Tourist/Visitor
6.787037037037037,-0.04383814725761517,Tourist/Visitor
6.796296296296297,-0.027456138768089264,Tourist/Visitor
6.805555555555555,-0.010189715277114087,Tourist/Visitor
6.814814814814815,0.007898111932171822,Tourist/Visitor
6.824074074074074,0.027835008793284346,Tourist/Visitor
6.833333333333333,0.05054641121527,Tourist/Visitor
6.842592592592593,0.07617410593147614,Tourist/Visitor
6.851851851851852,0.10587260219434344,Tourist/Visitor
6.861111111111111,0.1392789854642426,Tourist/Visitor
6.87037037037037,0.1757324403803787,Tourist/Visitor
6.87962962962963,0.2164320886991027,Tourist/Visitor
6.888888888888889,0.2605398712573351,Tourist/Visitor
6.898148148148148,0.3069111115887072,Tourist/Visitor
6.907407407407407,0.35709573090595,Tourist/Visitor
6.916666666666667,0.4100355972702961,Tourist/Visitor
6.925925925925926,0.4636652568535466,Tourist/Visitor
6.935185185185185,0.5188828167983881,Tourist/Visitor
6.944444444444445,0.5734425857852452,Tourist/Visitor
6.953703703703703,0.6239912669695757,Tourist/Visitor
6.962962962962963,0.6716274411667748,Tourist/Visitor
6.972222222222222,0.7126407516410294,Tourist/Visitor
6.981481481481482,0.7416122530856221,Tourist/Visitor
6.9907407407407405,0.7610711610550196,Tourist/Visitor
7.0,0.7687760966290405,Tourist/Visitor
7.0092592592592595,0.7579908530302953,Tourist/Visitor
7.018518518518518,0.7355185399030009,Tourist/Visitor
7.027777777777778,0.7036943600934795,Tourist/Visitor
7.037037037037037,0.6600185727780052,Tourist/Visitor
7.046296296296297,0.6099923192819426,Tourist/Visitor
7.055555555555555,0.5573258886848986,Tourist/Visitor
7.064814814814815,0.5010347013503387,Tourist/Visitor
7.074074074074074,0.44465332831588655,Tourist/Visitor
7.083333333333333,0.3903200176532511,Tourist/Visitor
7.092592592592593,0.33716653499558163,Tourist/Visitor
7.101851851851852,0.28737094265329405,Tourist/Visitor
7.111111111111111,0.24178698551260674,Tourist/Visitor
7.12037037037037,0.19889173102911056,Tourist/Visitor
7.12962962962963,0.160021312495054,Tourist/Visitor
7.138888888888889,0.12527833298744748,Tourist/Visitor
7.148148148148148,0.09360586638720993,Tourist/Visitor
7.157407407407407,0.06576476362796903,Tourist/Visitor
7.166666666666667,0.04170044609695037,Tourist/Visitor
7.175925925925926,0.0200832269613991,Tourist/Visitor
7.185185185185185,0.0011400676424115337,Tourist/Visitor
7.194444444444445,-0.016240936307682266,Tourist/Visitor
7.203703703703703,-0.032943782618369576,Tourist/Visitor
7.212962962962963,-0.04893006126930917,Tourist/Visitor
7.222222222222222,-0.06466549218828214,Tourist/Visitor
7.231481481481482,-0.0809153649610665,Tourist/Visitor
7.2407407407407405,-0.0973424625022887,Tourist/Visitor
7.25,-0.11392571458894511,Tourist/Visitor
7.2592592592592595,-0.13091455946760405,Tourist/Visitor
7.268518518518518,-0.1475521573975147,Tourist/Visitor
7.277777777777778,-0.16336267471042729,Tourist/Visitor
7.287037037037037,-0.17841441160314017,Tourist/Visitor
7.296296296296297,-0.19136430851749037,Tourist/Visitor
7.305555555555555,-0.20223174861964388,Tourist/Visitor
7.314814814814815,-0.2111202607165386,Tourist/Visitor
7.324074074074074,-0.2166394970399919,Tourist/Visitor
7.333333333333333,-0.21956442460037368,Tourist/Visitor
7.342592592592593,-0.2196157365855721,Tourist/Visitor
7.351851851851852,-0.21533319613047391,Tourist/Visitor
7.361111111111111,-0.20800588299010883,Tourist/Visitor
7.37037037037037,-0.19781448423468564,Tourist/Visitor
7.37962962962963,-0.18366336017124973,Tourist/Visitor
7.388888888888889,-0.16664044152572638,Tourist/Visitor
7.398148148148148,-0.1482165979993964,Tourist/Visitor
7.407407407407407,-0.1276855190208327,Tourist/Visitor
7.416666666666667,-0.10636934942579947,Tourist/Visitor
7.425925925925926,-0.08610867583558549,Tourist/Visitor
7.435185185185185,-0.06623399600878427,Tourist/Visitor
7.444444444444445,-0.048112875355100254,Tourist/Visitor
7.453703703703703,-0.033507170293762496,Tourist/Visitor
7.462962962962963,-0.020382925993294394,Tourist/Visitor
7.472222222222222,-0.009881051530376267,Tourist/Visitor
7.481481481481482,-0.0036176304722435578,Tourist/Visitor
7.4907407407407405,0.0018857623751541242,Tourist/Visitor
7.5,0.006011092123408028,Tourist/Visitor
7.5092592592592595,0.006035447163890379,Tourist/Visitor
7.518518518518518,0.004778803317754028,Tourist/Visitor
7.527777777777778,0.0022060352343639586,Tourist/Visitor
7.537037037037037,-0.005236965289582837,Tourist/Visitor
7.546296296296297,-0.015918208295645327,Tourist/Visitor
7.555555555555555,-0.02873891671462316,Tourist/Visitor
7.564814814814815,-0.04588003599767866,Tourist/Visitor
7.574074074074074,-0.06527734976698028,Tourist/Visitor
7.583333333333333,-0.08554467548559519,Tourist/Visitor
7.592592592592593,-0.10729669777574036,Tourist/Visitor
7.601851851851852,-0.12841029859221134,Tourist/Visitor
7.611111111111111,-0.14760571824248372,Tourist/Visitor
7.62037037037037,-0.1654215908946824,Tourist/Visitor
7.62962962962963,-0.18012025540295595,Tourist/Visitor
7.638888888888889,-0.1909204200029715,Tourist/Visitor
7.648148148148148,-0.19872634391292615,Tourist/Visitor
7.657407407407407,-0.20306572562337696,Tourist/Visitor
7.666666666666667,-0.20337861668608895,Tourist/Visitor
7.675925925925926,-0.20084736504821535,Tourist/Visitor
7.685185185185185,-0.1955700793733001,Tourist/Visitor
7.694444444444445,-0.18721028347519278,Tourist/Visitor
7.703703703703703,-0.1770589553600754,Tourist/Visitor
7.712962962962963,-0.16477460308790284,Tourist/Visitor
7.722222222222222,-0.15065869633196635,Tourist/Visitor
7.731481481481482,-0.13605370434338399,Tourist/Visitor
7.7407407407407405,-0.12060613589629042,Tourist/Visitor
7.75,-0.1048535320822613,Tourist/Visitor
7.7592592592592595,-0.08959323460864194,Tourist/Visitor
7.768518518518518,-0.07438648727086018,Tourist/Visitor
7.777777777777778,-0.05931844291889699,Tourist/Visitor
7.787037037037037,-0.04456739391389643,Tourist/Visitor
7.796296296296297,-0.02934113781765031,Tourist/Visitor
7.805555555555555,-0.01333943417574163,Tourist/Visitor
7.814814814814815,0.003600280172947558,Tourist/Visitor
7.824074074074074,0.022266657058690093,Tourist/Visitor
7.833333333333333,0.043528989683837595,Tourist/Visitor
7.842592592592593,0.0678118896706351,Tourist/Visitor
7.851851851851852,0.09607084333006945,Tourist/Visitor
7.861111111111111,0.1278722776838809,Tourist/Visitor
7.87037037037037,0.16252398799811632,Tourist/Visitor
7.87962962962963,0.2012975275799234,Tourist/Visitor
7.888888888888889,0.2433470280087411,Tourist/Visitor
7.898148148148148,0.28741453777453385,Tourist/Visitor
7.907407407407407,0.3350195674644116,Tourist/Visitor
7.916666666666667,0.38521081218303377,Tourist/Visitor
7.925925925925926,0.43591228566263496,Tourist/Visitor
7.935185185185185,0.4878513790833894,Tourist/Visitor
7.944444444444445,0.5391197899526925,Tourist/Visitor
7.953703703703703,0.5863904460279236,Tourist/Visitor
7.962962962962963,0.6307155633197074,Tourist/Visitor
7.972222222222222,0.6687345500695631,Tourist/Visitor
7.981481481481482,0.6956177083098031,Tourist/Visitor
7.9907407407407405,0.7134764891733211,Tourist/Visitor
0.009259259259259259,0.9810362157235611,Concession/Student
0.018518518518518517,0.9392848724276496,Concession/Student
0.027777777777777776,0.8799164808873566,Concession/Student
0.037037037037037035,0.7976411374401042,Concession/Student
0.046296296296296294,0.702427277581626,Concession/Student
0.05555555555555555,0.603307309184231,Concession/Student
0.06481481481481481,0.49901923589664565,Concession/Student
0.07407407407407407,0.39447222818833944,Concession/Student
0.08333333333333333,0.29474081627220416,Concession/Student
0.09259259259259259,0.19902967434672642,Concession/Student
0.10185185185185185,0.10991423495579246,Concession/Student
0.1111111111111111,0.02959790565238346,Concession/Student
0.12037037037037036,-0.04400260400170564,Concession/Student
0.12962962962962962,-0.10962250270328272,Concession/Student
0.1388888888888889,-0.16556623107515733,Concession/Student
0.14814814814814814,-0.2134734851406331,Concession/Student
0.1574074074074074,-0.2533697994226898,Concession/Student
0.16666666666666666,-0.2843272161987725,Concession/Student
0.17592592592592593,-0.30863173861055915,Concession/Student
0.18518518518518517,-0.32719591177138807,Concession/Student
0.19444444444444445,-0.34140252677151117,Concession/Student
0.2037037037037037,-0.35249283498145334,Concession/Student
0.21296296296296297,-0.3601617866273556,Concession/Student
0.2222222222222222,-0.36553857256015826,Concession/Student
0.23148148148148148,-0.36970274265729475,Concession/Student
0.24074074074074073,-0.3720156363007351,Concession/Student
0.25,-0.37320280352941426,Concession/Student
0.25925925925925924,-0.37375362813309615,Concession/Student
0.26851851851851855,-0.37255476138915156,Concession/Student
0.2777777777777778,-0.369731358250918,Concession/Student
0.28703703703703703,-0.36530345964071276,Concession/Student
0.2962962962962963,-0.3579861280009987,Concession/Student
0.3055555555555556,-0.3474503936624913,Concession/Student
0.3148148148148148,-0.3336396010362931,Concession/Student
0.32407407407407407,-0.31470430612524847,Concession/Student
0.3333333333333333,-0.29205313781620296,Concession/Student
0.3425925925925926,-0.2652167322816847,Concession/Student
0.35185185185185186,-0.23189556443772294,Concession/Student
0.3611111111111111,-0.19466830635851115,Concession/Student
0.37037037037037035,-0.1539418177052055,Concession/Student
0.37962962962962965,-0.1082075952970961,Concession/Student
0.3888888888888889,-0.05918720952409658,Concession/Student
0.39814814814814814,-0.008860642923593459,Concession/Student
0.4074074074074074,0.04301573925793707,Concession/Student
0.4166666666666667,0.09417489423523871,Concession/Student
0.42592592592592593,0.14230569936509008,Concession/Student
0.4351851851851852,0.1881608621618617,Concession/Student
0.4444444444444444,0.22911446928745655,Concession/Student
0.4537037037037037,0.2632996045917142,Concession/Student
0.46296296296296297,0.2936103294237204,Concession/Student
0.4722222222222222,0.31805541559977263,Concession/Student
0.48148148148148145,0.3340724971548038,Concession/Student
0.49074074074074076,0.34834362173084676,Concession/Student
0.5,0.35976278547133506,Concession/Student
0.5092592592592593,0.3620407841597085,Concession/Student
0.5185185185185185,0.3613456080662435,Concession/Student
0.5277777777777778,0.35723845892403,Concession/Student
0.5370370370370371,0.3422629877677647,Concession/Student
0.5462962962962963,0.31936337707747114,Concession/Student
0.5555555555555556,0.2902553583910373,Concession/Student
0.5648148148148148,0.25167859762600625,Concession/Student
0.5740740740740741,0.20598451416225272,Concession/Student
0.5833333333333334,0.15621705650910178,Concession/Student
0.5925925925925926,0.1019898145866493,Concession/Student
0.6018518518518519,0.046105447352783886,Concession/Student
0.6111111111111112,-0.008845422089480947,Concession/Student
0.6203703703703703,-0.06262072051762106,Concession/Student
0.6296296296296297,-0.11288887144018435,Concession/Student
0.6388888888888888,-0.15793018668964798,Concession/Student
0.6481481481481481,-0.19895113350270738,Concession/Student
0.6574074074074074,-0.23538308754701925,Concession/Student
0.6666666666666666,-0.26501988378333374,Concession/Student
0.6759259259259259,-0.29009020711339595,Concession/Student
0.6851851851851852,-0.3109439321951123,Concession/Student
0.6944444444444444,-0.326518167341112,Concession/Student
0.7037037037037037,-0.33868900382028233,Concession/Student
0.7129629629629629,-0.34752404134669623,Concession/Student
0.7222222222222222,-0.3534833043673721,Concession/Student
0.7314814814814815,-0.35784705122122484,Concession/Student
0.7407407407407407,-0.3606823373431953,Concession/Student
0.75,-0.36192943409676703,Concession/Student
0.7592592592592593,-0.36263712908183615,Concession/Student
0.7685185185185185,-0.36225310060198174,Concession/Student
0.7777777777777778,-0.360233749560313,Concession/Student
0.7870370370370371,-0.3570305530789411,Concession/Student
0.7962962962962963,-0.3514765771812833,Concession/Student
0.8055555555555556,-0.34257734027842673,Concession/Student
0.8148148148148148,-0.330495492749457,Concession/Student
0.8240740740740741,-0.3141365728766283,Concession/Student
0.8333333333333334,-0.2920809887424684,Concession/Student
0.8425925925925926,-0.2632824091024699,Concession/Student
0.8518518518518519,-0.22573518884881416,Concession/Student
0.8611111111111112,-0.18066225992771606,Concession/Student
0.8703703703703703,-0.12795348583090943,Concession/Student
0.8796296296296297,-0.06627567607870495,Concession/Student
0.8888888888888888,0.002412605837789764,Concession/Student
0.8981481481481481,0.0766258922539593,Concession/Student
0.9074074074074074,0.15819056742318038,Concession/Student
0.9166666666666666,0.244959267397608,Concession/Student
0.9259259259259259,0.33432515966536513,Concession/Student
0.9351851851851852,0.42712733698621463,Concession/Student
0.9444444444444444,0.5190363730855356,Concession/Student
0.9537037037037037,0.6056286759169107,Concession/Student
0.9629629629629629,0.6883815022398593,Concession/Student
0.9722222222222222,0.7599802798657442,Concession/Student
0.9814814814814815,0.811759102980425,Concession/Student
0.9907407407407407,0.8483476386945448,Concession/Student
1.0,0.8651752747544065,Concession/Student
1.0092592592592593,0.850173657042672,Concession/Student
1.0185185185185186,0.8151559295872648,Concession/Student
1.0277777777777777,0.7649466112997102,Concession/Student
1.037037037037037,0.6947108950794858,Concession/Student
1.0462962962962963,0.6130047744399061,Concession/Student
1.0555555555555556,0.5274443123577723,Concession/Student
1.0648148148148149,0.4365499811854459,Concession/Student
1.0740740740740742,0.3447715453466838,Concession/Student
1.0833333333333333,0.25662325524126967,Concession/Student
1.0925925925925926,0.1713229814940536,Concession/Student
1.1018518518518519,0.09137738166301547,Concession/Student
1.1111111111111112,0.0188925864320459,Concession/Student
1.1203703703703705,-0.04793974181498451,Concession/Student
1.1296296296296295,-0.10770289960574318,Concession/Student
1.1388888888888888,-0.1587944654248163,Concession/Student
1.1481481481481481,-0.20259337404386787,Concession/Student
1.1574074074074074,-0.23898891879082107,Concession/Student
1.1666666666666667,-0.267153891457197,Concession/Student
1.1759259259259258,-0.28908625942979704,Concession/Student
1.1851851851851851,-0.3057296844472628,Concession/Student
1.1944444444444444,-0.31837496924952,Concession/Student
1.2037037037037037,-0.32823143313364467,Concession/Student
1.212962962962963,-0.3350354405311173,Concession/Student
1.2222222222222223,-0.3398193647993465,Concession/Student
1.2314814814814814,-0.3437251255688874,Concession/Student
1.2407407407407407,-0.3460974415983429,Concession/Student
1.25,-0.3475239280713063,Concession/Student
1.2592592592592593,-0.3484904960269968,Concession/Student
1.2685185185185186,-0.3478527554512907,Concession/Student
1.2777777777777777,-0.34574630317826005,Concession/Student
1.287037037037037,-0.34214989649765687,Concession/Student
1.2962962962962963,-0.3357505027348311,Concession/Student
1.3055555555555556,-0.32632432513562976,Concession/Student
1.3148148148148149,-0.31379691275699867,Concession/Student
1.3240740740740742,-0.2964071427897034,Concession/Student
1.3333333333333333,-0.2755638315493151,Concession/Student
1.3425925925925926,-0.25087210993658837,Concession/Student
1.3518518518518519,-0.22012981126492207,Concession/Student
1.3611111111111112,-0.18588218029507753,Concession/Student
1.3703703703703705,-0.1485515943200257,Concession/Student
1.3796296296296295,-0.10655879806704728,Concession/Student
1.3888888888888888,-0.061656251552780844,Concession/Student
1.3981481481481481,-0.015654168479402014,Concession/Student
1.4074074074074074,0.031822905986035425,Concession/Student
1.4166666666666667,0.07881700562244116,Concession/Student
1.4259259259259258,0.1231309443871712,Concession/Student
1.4351851851851851,0.1656653364040907,Concession/Student
1.4444444444444444,0.20408892919032773,Concession/Student
1.4537037037037037,0.23651167718537924,Concession/Student
1.462962962962963,0.26548123882997454,Concession/Student
1.4722222222222223,0.28916478754008723,Concession/Student
1.4814814814814814,0.304983236163964,Concession/Student
1.4907407407407407,0.31864356017171425,Concession/Student
1.5,0.3291392724953942,Concession/Student
1.5092592592592593,0.3309299159672201,Concession/Student
1.5185185185185186,0.32944412641566956,Concession/Student
1.5277777777777777,0.3243407539734376,Concession/Student
1.537037037037037,0.30915007985313375,Concession/Student
1.5462962962962963,0.2867880128075997,Concession/Student
1.5555555555555556,0.2588981217299273,Concession/Student
1.5648148148148149,0.22263151556384897,Concession/Student
1.5740740740740742,0.18022600455938595,Concession/Student
1.5833333333333333,0.13450229598154476,Concession/Student
1.5925925925925926,0.08494308209448773,Concession/Student
1.6018518518518519,0.034073281100201164,Concession/Student
1.6111111111111112,-0.01576574319782554,Concession/Student
1.6203703703703705,-0.06446251612524322,Concession/Student
1.6296296296296295,-0.10997225326234498,Concession/Student
1.6388888888888888,-0.15065033941357295,Concession/Student
1.6481481481481481,-0.18769493806871498,Concession/Student
1.6574074074074074,-0.22058399729079664,Concession/Student
1.6666666666666667,-0.24720833721680052,Concession/Student
1.6759259259259258,-0.2696480189416489,Concession/Student
1.6851851851851851,-0.2882831538110805,Concession/Student
1.6944444444444444,-0.3020440559692462,Concession/Student
1.7037037037037037,-0.3126776028703266,Concession/Student
1.712962962962963,-0.3203059716590057,Concession/Student
1.7222222222222223,-0.32523661153266553,Concession/Student
1.7314814814814814,-0.32880224860534146,Concession/Student
1.7407407407407407,-0.331030366987227,Concession/Student
1.75,-0.3319323503652551,Concession/Student
1.7592592592592593,-0.3324520202019002,Concession/Student
1.7685185185185186,-0.3321834863493342,Concession/Student
1.7777777777777777,-0.330555142314799,Concession/Student
1.787037037037037,-0.3279748691019089,Concession/Student
1.7962962962962963,-0.3233412184313285,Concession/Student
1.8055555555555556,-0.31566283228605946,Concession/Student
1.8148148148148149,-0.3050235938184828,Concession/Student
1.8240740740740742,-0.29030529661069526,Concession/Student
1.8333333333333333,-0.2702837691573762,Concession/Student
1.8425925925925926,-0.24377731452105766,Concession/Student
1.8518518518518519,-0.20897824062591872,Concession/Student
1.8611111111111112,-0.16720271816536766,Concession/Student
1.8703703703703705,-0.11843580680208092,Concession/Student
1.8796296296296295,-0.06148067705192034,Concession/Student
1.8888888888888888,0.0016516351779275308,Concession/Student
1.8981481481481481,0.06936340683013045,Concession/Student
1.9074074074074074,0.1432633804555664,Concession/Student
1.9166666666666667,0.22129448417222605,Concession/Student
1.9259259259259258,0.3008657517658005,Concession/Student
1.9351851851851851,0.3828500205907804,Concession/Student
1.9444444444444444,0.4634971261405479,Concession/Student
1.9537037037037037,0.5387129717724752,Concession/Student
1.962962962962963,0.6100647461357759,Concession/Student
1.9722222222222223,0.6716645217830084,Concession/Student
1.9814814814814814,0.7160215699076508,Concession/Student
1.9907407407407407,0.7471615303266225,Concession/Student
2.0,0.7613645779430247,Concession/Student
2.009259259259259,0.7483306965581833,Concession/Student
2.0185185185185186,0.7181262825202094,Concession/Student
2.0277777777777777,0.6746220915543315,Concession/Student
2.037037037037037,0.6136998627788872,Concession/Student
2.0462962962962963,0.5426388834084643,Concession/Student
2.0555555555555554,0.46761311552196627,Concession/Student
2.064814814814815,0.38715431563396563,Concession/Student
2.074074074074074,0.3052383929668392,Concession/Student
2.0833333333333335,0.2259464011523914,Concession/Student
2.0925925925925926,0.14844984437670236,Concession/Student
2.1018518518518516,0.07522025429684821,Concession/Student
2.111111111111111,0.008370798155002291,Concession/Student
2.1203703703703702,-0.05362948555020315,Concession/Student
2.1296296296296298,-0.10934962760932028,Concession/Student
2.138888888888889,-0.15707314944658093,Concession/Student
2.1481481481481484,-0.19796351153979366,Concession/Student
2.1574074074074074,-0.23187038756627404,Concession/Student
2.1666666666666665,-0.2578208028010786,Concession/Student
2.175925925925926,-0.2777099600757107,Concession/Student
2.185185185185185,-0.29248423123868156,Concession/Student
2.1944444444444446,-0.30339076545138394,Concession/Student
2.2037037037037037,-0.3115897390892112,Concession/Student
2.212962962962963,-0.31692318254287816,Concession/Student
2.2222222222222223,-0.32043567761432934,Concession/Student
2.2314814814814814,-0.32312343146892564,Concession/Student
2.240740740740741,-0.32452626380558863,Concession/Student
2.25,-0.3251701503268341,Concession/Student
2.259259259259259,-0.32541057489302405,Concession/Student
2.2685185185185186,-0.324124313789218,Concession/Student
2.2777777777777777,-0.3214594302179931,Concession/Student
2.287037037037037,-0.31726208765812997,Concession/Student
2.2962962962962963,-0.31021748913719277,Concession/Student
2.3055555555555554,-0.3001819457880538,Concession/Student
2.314814814814815,-0.2870902550915423,Concession/Student
2.324074074074074,-0.2691981868333754,Concession/Student
2.3333333333333335,-0.24806371234441243,Concession/Student
2.3425925925925926,-0.2232354651498971,Concession/Student
2.3518518518518516,-0.19254937537445146,Concession/Student
2.361111111111111,-0.15868869783609793,Concession/Student
2.3703703703703702,-0.1220063179069968,Concession/Student
2.3796296296296298,-0.08086647711410443,Concession/Student
2.388888888888889,-0.03709021687352181,Concession/Student
2.3981481481481484,0.00749238034490146,Concession/Student
2.4074074074074074,0.053309261308685116,Concession/Student
2.4166666666666665,0.09850449202058689,Concession/Student
2.425925925925926,0.14081220303304484,Concession/Student
2.435185185185185,0.18118191267119205,Concession/Student
2.4444444444444446,0.21722710812540377,Concession/Student
2.4537037037037037,0.2470966440701109,Concession/Student
2.462962962962963,0.27318467360992715,Concession/Student
2.4722222222222223,0.29371553982846504,Concession/Student
2.4814814814814814,0.30616680684743375,Concession/Student
2.490740740740741,0.3158686816761949,Concession/Student
2.5,0.3221177982204132,Concession/Student
2.509259259259259,0.3199767564668553,Concession/Student
2.5185185185185186,0.3144650433867496,Concession/Student
2.5277777777777777,0.30559145790101383,Concession/Student
2.537037037037037,0.28786983437526753,Concession/Student
2.5462962962962963,0.2640023703145374,Concession/Student
2.5555555555555554,0.2356546296531416,Concession/Student
2.564814814814815,0.20017220579949535,Concession/Student
2.574074074074074,0.1597279211403943,Concession/Student
2.5833333333333335,0.11682520500562112,Concession/Student
2.5925925925925926,0.07057696026398365,Concession/Student
2.6018518518518516,0.02329505653951335,Concession/Student
2.611111111111111,-0.022892939841389643,Concession/Student
2.6203703703703702,-0.06815032389410336,Concession/Student
2.6296296296296298,-0.11060168474686413,Concession/Student
2.638888888888889,-0.14865193237120292,Concession/Student
2.6481481481481484,-0.18353888128819768,Concession/Student
2.6574074074074074,-0.2147201920770016,Concession/Student
2.6666666666666665,-0.24011573512417542,Concession/Student
2.675925925925926,-0.2616632772417342,Concession/Student
2.685185185185185,-0.27969187920922617,Concession/Student
2.6944444444444446,-0.29306526483696455,Concession/Student
2.7037037037037037,-0.3034519442140562,Concession/Student
2.712962962962963,-0.3108690254407305,Concession/Student
2.7222222222222223,-0.31557389446718576,Concession/Student
2.7314814814814814,-0.3188639710852428,Concession/Student
2.740740740740741,-0.32084253130621365,Concession/Student
2.75,-0.32142673195280635,Concession/Student
2.759259259259259,-0.321610521725223,Concession/Student
2.7685185185185186,-0.321067839210173,Concession/Student
2.7777777777777777,-0.3192893499464949,Concession/Student
2.787037037037037,-0.3165662735987093,Concession/Student
2.7962962962962963,-0.3119162041638432,Concession/Student
2.8055555555555554,-0.30437696888793414,Concession/Student
2.814814814814815,-0.2939475240054768,Concession/Student
2.824074074074074,-0.27953757223548104,Concession/Student
2.8333333333333335,-0.2600164489284838,Concession/Student
2.8425925925925926,-0.23403959073167113,Concession/Student
2.8518518518518516,-0.1998818526517343,Concession/Student
2.861111111111111,-0.15888551996765118,Concession/Student
2.8703703703703702,-0.11099301841945446,Concession/Student
2.8796296296296298,-0.05509714390296585,Concession/Student
2.888888888888889,0.00666209146170348,Concession/Student
2.8981481481481484,0.07276900159037113,Concession/Student
2.9074074074074074,0.14470148221804183,Concession/Student
2.9166666666666665,0.22031777019245677,Concession/Student
2.925925925925926,0.2971147974581907,Concession/Student
2.935185185185185,0.3758158402361617,Concession/Student
2.9444444444444446,0.45279386262451793,Concession/Student
2.9537037037037037,0.5242176170841729,Concession/Student
2.962962962962963,0.5915321105721686,Concession/Student
2.9722222222222223,0.6492152899594091,Concession/Student
2.9814814814814814,0.6904726879533519,Concession/Student
2.990740740740741,0.7190505123689733,Concession/Student
3.0,0.7314204329005979,Concession/Student
3.009259259259259,0.718085815266423,Concession/Student
3.0185185185185186,0.6886761303096882,Concession/Student
3.0277777777777777,0.6465607436288829,Concession/Student
3.037037037037037,0.5880275752510956,Concession/Student
3.0462962962962963,0.5200262207621364,Concession/Student
3.0555555555555554,0.4480285044597221,Concession/Student
3.064814814814815,0.37072965328341706,Concession/Student
3.074074074074074,0.29186686668798106,Concession/Student
3.0833333333333335,0.21522447419890028,Concession/Student
3.0925925925925926,0.14002679584412656,Concession/Student
3.1018518518518516,0.06872998757306889,Concession/Student
3.111111111111111,0.003393652209334471,Concession/Student
3.1203703703703702,-0.05746248512534544,Concession/Student
3.1296296296296298,-0.1123291148637214,Concession/Student
3.138888888888889,-0.15933756314313477,Concession/Student
3.1481481481481484,-0.1995862366035229,Concession/Student
3.1574074074074074,-0.23296211728417043,Concession/Student
3.1666666666666665,-0.2583809346276203,Concession/Student
3.175925925925926,-0.2776994394052131,Concession/Student
3.185185185185185,-0.2919516036637067,Concession/Student
3.1944444444444446,-0.30235430096790256,Concession/Student
3.2037037037037037,-0.31005082322348443,Concession/Student
3.212962962962963,-0.3149700114632233,Concession/Student
3.2222222222222223,-0.3181251604295644,Concession/Student
3.2314814814814814,-0.3204405419366542,Concession/Student
3.240740740740741,-0.3215543215475378,Concession/Student
3.25,-0.3219908585485738,Concession/Student
3.259259259259259,-0.32205122068234193,Concession/Student
3.2685185185185186,-0.32064100581198207,Concession/Student
3.2777777777777777,-0.3179513516847241,Concession/Student
3.287037037037037,-0.31374029608304277,Concession/Student
3.2962962962962963,-0.3067268733988331,Concession/Student
3.3055555555555554,-0.29667968321918425,Concession/Student
3.314814814814815,-0.2835257093066079,Concession/Student
3.324074074074074,-0.26554545819767467,Concession/Student
3.3333333333333335,-0.24411600640376024,Concession/Student
3.3425925925925926,-0.21882419466936265,Concession/Student
3.3518518518518516,-0.18761154739660246,Concession/Student
3.361111111111111,-0.15293826628966792,Concession/Student
3.3703703703703702,-0.11527594214408136,Concession/Student
3.3796296296296298,-0.07310972018714929,Concession/Student
3.388888888888889,-0.02829313989159775,Concession/Student
3.3981481481481484,0.017360373366009683,Concession/Student
3.4074074074074074,0.06416727766224775,Concession/Student
3.4166666666666665,0.11008561402475177,Concession/Student
3.425925925925926,0.15283348202967845,Concession/Student
3.435185185185185,0.19340045632274666,Concession/Student
3.4444444444444446,0.22915733555581727,Concession/Student
3.4537037037037037,0.25826928579461494,Concession/Student
3.462962962962963,0.283117539051869,Concession/Student
3.4722222222222223,0.3019796145824069,Concession/Student
3.4814814814814814,0.31218465096633263,Concession/Student
3.490740740740741,0.3191843010246854,Concession/Student
3.5,0.32261763157909895,Concession/Student
3.509259259259259,0.31762814877587814,Concession/Student
3.5185185185185186,0.30918675704678816,Concession/Student
3.5277777777777777,0.2976675259087799,Concession/Student
3.537037037037037,0.2777990106012333,Concession/Student
3.5462962962962963,0.252369427480598,Concession/Student
3.5555555555555554,0.22294407076047854,Concession/Student
3.564814814814815,0.18713929405449323,Concession/Student
3.574074074074074,0.14701602210915687,Concession/Student
3.5833333333333335,0.1049691080349918,Concession/Student
3.5925925925925926,0.0599402470926845,Concession/Student
3.6018518518518516,0.014165256879875842,Concession/Student
3.611111111111111,-0.03034289749454765,Concession/Student
3.6203703703703702,-0.07396784571692352,Concession/Student
3.6296296296296298,-0.1149163521869709,Concession/Student
3.638888888888889,-0.15147267650266644,Concession/Student
3.6481481481481484,-0.18513395447510292,Concession/Student
3.6574074074074074,-0.21537743241987986,Concession/Student
3.6666666666666665,-0.239935290522853,Concession/Student
3.675925925925926,-0.26081463145779876,Concession/Student
3.685185185185185,-0.27834367419211564,Concession/Student
3.6944444444444446,-0.2912677867243422,Concession/Student
3.7037037037037037,-0.3012852803525007,Concession/Student
3.712962962962963,-0.30832749606007126,Concession/Student
3.7222222222222223,-0.31271210771068786,Concession/Student
3.7314814814814814,-0.3156571226185098,Concession/Student
3.740740740740741,-0.31726421638959384,Concession/Student
3.75,-0.31746004650824344,Concession/Student
3.759259259259259,-0.31721463010762535,Concession/Student
3.7685185185185186,-0.3162227105994033,Concession/Student
3.7777777777777777,-0.31395065258288896,Concession/Student
3.787037037037037,-0.31073127906579084,Concession/Student
3.7962962962962963,-0.3056105472966028,Concession/Student
3.8055555555555554,-0.297655302479149,Concession/Student
3.814814814814815,-0.28692118804033073,Concession/Student
3.824074074074074,-0.2722540676329524,Concession/Student
3.8333333333333335,-0.2525020395600511,Concession/Student
3.8425925925925926,-0.22648124467039507,Concession/Student
3.8518518518518516,-0.19236640871523317,Concession/Student
3.861111111111111,-0.1513744487216279,Concession/Student
3.8703703703703702,-0.1036159556528504,Concession/Student
3.8796296296296298,-0.04781173222987744,Concession/Student
3.888888888888889,0.013921577786218674,Concession/Student
3.8981481481481484,0.0801772081934533,Concession/Student
3.9074074074074074,0.15252882295181458,Concession/Student
3.9166666666666665,0.2287680547377502,Concession/Student
3.925925925925926,0.306428471368133,Concession/Student
3.935185185185185,0.38637421693639223,Concession/Student
3.9444444444444446,0.4646659325525822,Concession/Student
3.9537037037037037,0.5374613722396121,Concession/Student
3.962962962962963,0.6062093437610024,Concession/Student
3.9722222222222223,0.6651061593602087,Concession/Student
3.9814814814814814,0.7070480159118919,Concession/Student
3.990740740740741,0.7359809521150178,Concession/Student
4.0,0.7481866960359003,Concession/Student
4.0092592592592595,0.7339111648370913,Concession/Student
4.018518518518518,0.7030253469557918,Concession/Student
4.027777777777778,0.6591257426677121,Concession/Student
4.037037037037037,0.5983671210606847,Concession/Student
4.046296296296297,0.5279850895440087,Concession/Student
4.055555555555555,0.4536192520879446,Concession/Student
4.064814814814815,0.37394933083936405,Concession/Student
4.074074074074074,0.2929062327653196,Concession/Student
4.083333333333333,0.21432965698204637,Concession/Student
4.092592592592593,0.13736195920039812,Concession/Student
4.101851851851852,0.06457533614493263,Concession/Student
4.111111111111111,-0.001930845534844182,Concession/Student
4.12037037037037,-0.06377481863229867,Concession/Student
4.12962962962963,-0.11941993661935839,Concession/Student
4.138888888888889,-0.16697788027065788,Concession/Student
4.148148148148148,-0.20760046940707796,Concession/Student
4.157407407407407,-0.24123204856821423,Concession/Student
4.166666666666667,-0.26682852157702797,Concession/Student
4.175925925925926,-0.28614805636990526,Concession/Student
4.185185185185185,-0.30035679112980657,Concession/Student
4.194444444444445,-0.31068211303310206,Concession/Student
4.203703703703703,-0.3182135484125919,Concession/Student
4.212962962962963,-0.3228506206154642,Concession/Student
4.222222222222222,-0.3257461137006415,Concession/Student
4.231481481481482,-0.32780825516002415,Concession/Student
4.2407407407407405,-0.3285719952214877,Concession/Student
4.25,-0.3286794157097721,Concession/Student
4.2592592592592595,-0.3284240842706316,Concession/Student
4.268518518518518,-0.32662264740865754,Concession/Student
4.277777777777778,-0.3234695061606691,Concession/Student
4.287037037037037,-0.3187917956856724,Concession/Student
4.296296296296297,-0.3112311152375392,Concession/Student
4.305555555555555,-0.30063036325407816,Concession/Student
4.314814814814815,-0.28684221087333983,Concession/Student
4.324074074074074,-0.26817278295282043,Concession/Student
4.333333333333333,-0.24600484954849447,Concession/Student
4.342592592592593,-0.21986419944102012,Concession/Student
4.351851851851852,-0.18772686808259723,Concession/Student
4.361111111111111,-0.15205648131801952,Concession/Student
4.37037037037037,-0.11330342391346493,Concession/Student
4.37962962962963,-0.0699870218063776,Concession/Student
4.388888888888889,-0.02403028491644152,Concession/Student
4.398148148148148,0.022780651843521852,Concession/Student
4.407407407407407,0.07075702721699255,Concession/Student
4.416666666666667,0.11766502133583825,Concession/Student
4.425925925925926,0.16125141203122753,Concession/Student
4.435185185185185,0.2025094846109051,Concession/Student
4.444444444444445,0.2387790936073652,Concession/Student
4.453703703703703,0.2680425919570134,Concession/Student
4.462962962962963,0.2929315561827644,Concession/Student
4.472222222222222,0.3117549252244342,Concession/Student
4.481481481481482,0.32174868028703485,Concession/Student
4.4907407407407405,0.3285346549981841,Concession/Student
4.5,0.331891646545746,Concession/Student
4.5092592592592595,0.32669171318312046,Concession/Student
4.518518518518518,0.3180884742698619,Concession/Student
4.527777777777778,0.3065034679315632,Concession/Student
4.537037037037037,0.28646541724253816,Concession/Student
4.546296296296297,0.26070889633611877,Concession/Student
4.555555555555555,0.2308442081496559,Concession/Student
4.564814814814815,0.19443293081035307,Concession/Student
4.574074074074074,0.15348190722015712,Concession/Student
4.583333333333333,0.11038239977692177,Concession/Student
4.592592592592593,0.06417133985407528,Concession/Student
4.601851851851852,0.01715317014988429,Concession/Student
4.611111111111111,-0.028700208653650434,Concession/Student
4.62037037037037,-0.07366203582559828,Concession/Student
4.62962962962963,-0.11596981919455362,Concession/Student
4.638888888888889,-0.1538091525309287,Concession/Student
4.648148148148148,-0.18871356712315226,Concession/Student
4.657407407407407,-0.2201186618782392,Concession/Student
4.666666666666667,-0.24572495408178366,Concession/Student
4.675925925925926,-0.2675454946756408,Concession/Student
4.685185185185185,-0.2859187575862396,Concession/Student
4.694444444444445,-0.29956741889243255,Concession/Student
4.703703703703703,-0.3101830845660889,Concession/Student
4.712962962962963,-0.317752402352441,Concession/Student
4.722222222222222,-0.3225435893052089,Concession/Student
4.731481481481482,-0.3258540771896202,Concession/Student
4.7407407407407405,-0.3277817886251263,Concession/Student
4.75,-0.32827745381139745,Concession/Student
4.7592592592592595,-0.32835169645952783,Concession/Student
4.768518518518518,-0.327704138745949,Concession/Student
4.777777777777778,-0.32584869248547604,Concession/Student
4.787037037037037,-0.32316035134591026,Concession/Student
4.796296296296297,-0.3184702794639386,Concession/Student
4.805555555555555,-0.31103804521142703,Concession/Student
4.814814814814815,-0.3008141158418144,Concession/Student
4.824074074074074,-0.28665227088849143,Concession/Student
4.833333333333333,-0.26734766039062013,Concession/Student
4.842592592592593,-0.2416153875775914,Concession/Student
4.851851851851852,-0.20768618192035837,Concession/Student
4.861111111111111,-0.16673699283848062,Concession/Student
4.87037037037037,-0.11879352595939709,Concession/Student
4.87962962962963,-0.06261759844849121,Concession/Student
4.888888888888889,-0.0002824168252963736,Concession/Student
4.898148148148148,0.06677047303816816,Concession/Student
4.907407407407407,0.1401007781761654,Concession/Student
4.916666666666667,0.21752236004874823,Concession/Student
4.925925925925926,0.296510865660783,Concession/Student
4.935185185185185,0.37796023131188594,Concession/Student
4.944444444444445,0.4577968258355967,Concession/Student
4.953703703703703,0.5321253008943849,Concession/Student
4.962962962962963,0.6024483038981647,Concession/Student
4.972222222222222,0.6626783444548218,Concession/Student
4.981481481481482,0.7055248140606226,Concession/Student
4.9907407407407405,0.7351708864820485,Concession/Student
5.0,0.7476462835891532,Concession/Student
5.0092592592592595,0.7329704557419829,Concession/Student
5.018518518518518,0.701473346132548,Concession/Student
5.027777777777778,0.6568188695271476,Concession/Student
5.037037037037037,0.5949913315022236,Concession/Student
5.046296296296297,0.5236017343231112,Concession/Student
5.055555555555555,0.44850862615091386,Concession/Student
5.064814814814815,0.36829924617309995,Concession/Student
5.074074074074074,0.28709363027994644,Concession/Student
5.083333333333333,0.20871558475640375,Concession/Student
5.092592592592593,0.1322521965297715,Concession/Student
5.101851851851852,0.06024029990726036,Concession/Student
5.111111111111111,-0.005354155741066887,Concession/Student
5.12037037037037,-0.06623492507210904,Concession/Student
5.12962962962963,-0.12094112645829656,Concession/Student
5.138888888888889,-0.16776786290562096,Concession/Student
5.148148148148148,-0.20800003773442977,Concession/Student
5.157407407407407,-0.2413700323456504,Concession/Student
5.166666666666667,-0.2669577973505344,Concession/Student
5.175925925925926,-0.2866357438247379,Concession/Student
5.185185185185185,-0.30125833669695073,Concession/Student
5.194444444444445,-0.3120724721436315,Concession/Student
5.203703703703703,-0.32018149806051355,Concession/Student
5.212962962962963,-0.325352641738839,Concession/Student
5.222222222222222,-0.32865806084220006,Concession/Student
5.231481481481482,-0.3311193895711116,Concession/Student
5.2407407407407405,-0.33219271065325184,Concession/Student
5.25,-0.33246396514908777,Concession/Student
5.2592592592592595,-0.3322788255773277,Concession/Student
5.268518518518518,-0.33053435596771175,Concession/Student
5.277777777777778,-0.3273342025135005,Concession/Student
5.287037037037037,-0.32260795927248836,Concession/Student
5.296296296296297,-0.3149631831332489,Concession/Student
5.305555555555555,-0.3042115422369125,Concession/Student
5.314814814814815,-0.2902592173227918,Concession/Student
5.324074074074074,-0.2713178107585653,Concession/Student
5.333333333333333,-0.24877658439278125,Concession/Student
5.342592592592593,-0.22213064124634146,Concession/Student
5.351851851851852,-0.18920994692258813,Concession/Student
5.361111111111111,-0.15259900785441902,Concession/Student
5.37037037037037,-0.11268182532122048,Concession/Student
5.37962962962963,-0.06786748299818675,Concession/Student
5.388888888888889,-0.02016531406472045,Concession/Student
5.398148148148148,0.028399661336080847,Concession/Student
5.407407407407407,0.07814945697556117,Concession/Student
5.416666666666667,0.12670403331682797,Concession/Student
5.425925925925926,0.17150380966149503,Concession/Student
5.435185185185185,0.21342974851214352,Concession/Student
5.444444444444445,0.2496079127034785,Concession/Student
5.453703703703703,0.2777699802972077,Concession/Student
5.462962962962963,0.30075503457827735,Concession/Student
5.472222222222222,0.3169122663796006,Concession/Student
5.481481481481482,0.3234123450827684,Concession/Student
5.4907407407407405,0.3263919247850308,Concession/Student
5.5,0.32598225873686604,Concession/Student
5.5092592592592595,0.31687262627084817,Concession/Student
5.518518518518518,0.3045236752763691,Concession/Student
5.527777777777778,0.2896928573217177,Concession/Student
5.537037037037037,0.2666515375578014,Concession/Student
5.546296296296297,0.2381664462575895,Concession/Student
5.555555555555555,0.20591651882625084,Concession/Student
5.564814814814815,0.16747456041159423,Concession/Student
5.574074074074074,0.1247728381975753,Concession/Student
5.583333333333333,0.08015418494036614,Concession/Student
5.592592592592593,0.03278798942580738,Concession/Student
5.601851851851852,-0.015059020125488577,Concession/Student
5.611111111111111,-0.061451919770897194,Concession/Student
5.62037037037037,-0.10658976690568708,Concession/Student
5.62962962962963,-0.14865386993337215,Concession/Student
5.638888888888889,-0.18612276508351042,Concession/Student
5.648148148148148,-0.22033992780437814,Concession/Student
5.657407407407407,-0.25071707901685636,Concession/Student
5.666666666666667,-0.2753005263168532,Concession/Student
5.675925925925926,-0.2960250586663086,Concession/Student
5.685185185185185,-0.3131612208153059,Concession/Student
5.694444444444445,-0.3256774392745955,Concession/Student
5.703703703703703,-0.3353125253699428,Concession/Student
5.712962962962963,-0.34196788789703025,Concession/Student
5.722222222222222,-0.3460327692987131,Concession/Student
5.731481481481482,-0.348747052238767,Concession/Student
5.7407407407407405,-0.35010450851069813,Concession/Student
5.75,-0.35007759836459396,Concession/Student
5.7592592592592595,-0.34967091117839144,Concession/Student
5.768518518518518,-0.3484364252603339,Concession/Student
5.777777777777778,-0.3458165586587662,Concession/Student
5.787037037037037,-0.3422850023612153,Concession/Student
5.796296296296297,-0.33667147775981504,Concession/Student
5.805555555555555,-0.3280906145479632,Concession/Student
5.814814814814815,-0.3166756763694402,Concession/Student
5.824074074074074,-0.30114084094666516,Concession/Student
5.833333333333333,-0.2801996133727218,Concession/Student
5.842592592592593,-0.25260986370716715,Concession/Student
5.851851851851852,-0.21642437996981928,Concession/Student
5.861111111111111,-0.17289549396919707,Concession/Student
5.87037037037037,-0.12187577600276459,Concession/Student
5.87962962962963,-0.062021208760614684,Concession/Student
5.888888888888889,0.004548725137605666,Concession/Student
5.898148148148148,0.0764886464046917,Concession/Student
5.907407407407407,0.155457772049671,Concession/Student
5.916666666666667,0.23921664687230443,Concession/Student
5.925925925925926,0.32521681779752165,Concession/Student
5.935185185185185,0.41441133671192854,Concession/Student
5.944444444444445,0.5023648119954757,Concession/Student
5.953703703703703,0.5848857033155698,Concession/Student
5.962962962962963,0.6634458684090946,Concession/Student
5.972222222222222,0.7309691683624855,Concession/Student
5.981481481481482,0.779160044042996,Concession/Student
5.9907407407407405,0.8125953946163953,Concession/Student
6.0,0.826740720516659,Concession/Student
6.0092592592592595,0.8101912226821246,Concession/Student
6.018518518518518,0.7744633788948786,Concession/Student
6.027777777777778,0.7240448325671722,Concession/Student
6.037037037037037,0.6543985922701037,Concession/Student
6.046296296296297,0.5740005674172795,Concession/Student
6.055555555555555,0.48987559272426995,Concession/Student
6.064814814814815,0.4006285217388046,Concession/Student
6.074074074074074,0.310722379844199,Concession/Student
6.083333333333333,0.2244276375671503,Concession/Student
6.092592592592593,0.14084694654647642,Concession/Student
6.101851851851852,0.06250371048598898,Concession/Student
6.111111111111111,-0.008428566467849266,Concession/Student
6.12037037037037,-0.07388744519273081,Concession/Student
6.12962962962963,-0.1323948070514675,Concession/Student
6.138888888888889,-0.18237219491228895,Concession/Student
6.148148148148148,-0.22512641443997777,Concession/Student
6.157407407407407,-0.26055835063870164,Concession/Student
6.166666666666667,-0.2877542657874897,Concession/Student
6.175925925925926,-0.3087371660175629,Concession/Student
6.185185185185185,-0.32438065481739664,Concession/Student
6.194444444444445,-0.33600331150160107,Concession/Student
6.203703703703703,-0.34473287562992055,Concession/Student
6.212962962962963,-0.35032243445180256,Concession/Student
6.222222222222222,-0.3538616760889346,Concession/Student
6.231481481481482,-0.3565005884210858,Concession/Student
6.2407407407407405,-0.35753498128441946,Concession/Student
6.25,-0.35762957236713827,Concession/Student
6.2592592592592595,-0.3572055264621107,Concession/Student
6.268518518518518,-0.3550783764644794,Concession/Student
6.277777777777778,-0.35138958282879135,Concession/Student
6.287037037037037,-0.3460481585912603,Concession/Student
6.296296296296297,-0.33769752278974413,Concession/Student
6.305555555555555,-0.32614184835821636,Concession/Student
6.314814814814815,-0.3111894704595468,Concession/Student
6.324074074074074,-0.291068704351964,Concession/Student
6.333333333333333,-0.26722654199712914,Concession/Student
6.342592592592593,-0.23916141732062332,Concession/Student
6.351851851851852,-0.20460678874891303,Concession/Student
6.361111111111111,-0.1662323231393978,Concession/Student
6.37037037037037,-0.12444793027827135,Concession/Student
6.37962962962963,-0.07763032880065299,Concession/Student
6.388888888888889,-0.02775978442915524,Concession/Student
6.398148148148148,0.023042383516405363,Concession/Student
6.407407407407407,0.07498861113303,Concession/Student
6.416666666666667,0.1256494110287157,Concession/Student
6.425925925925926,0.1724323539589662,Concession/Student
6.435185185185185,0.21604593809911785,Concession/Student
6.444444444444445,0.2536695869392677,Concession/Student
6.453703703703703,0.28305326486017046,Concession/Student
6.462962962962963,0.3072590541421215,Concession/Student
6.472222222222222,0.32443986990956136,Concession/Student
6.481481481481482,0.33185689235063964,Concession/Student
6.4907407407407405,0.3362660762964328,Concession/Student
6.5,0.3374977087360185,Concession/Student
6.5092592592592595,0.32988813094692115,Concession/Student
6.518518518518518,0.31928050481784315,Concession/Student
6.527777777777778,0.3063227154342425,Concession/Student
6.537037037037037,0.28457132698198634,Concession/Student
6.546296296296297,0.2566766591715645,Concession/Student
6.555555555555555,0.2244556806281528,Concession/Student
6.564814814814815,0.18520529608966413,Concession/Student
6.574074074074074,0.1408455232080481,Concession/Student
6.583333333333333,0.09393830278089323,Concession/Student
6.592592592592593,0.04380461929872444,Concession/Student
6.601851851851852,-0.0071758589092281895,Concession/Student
6.611111111111111,-0.056793993412749676,Concession/Student
6.62037037037037,-0.1051083365644173,Concession/Student
6.62962962962963,-0.15021552523584591,Concession/Student
6.638888888888889,-0.19055379140475398,Concession/Student
6.648148148148148,-0.22737977197432072,Concession/Student
6.657407407407407,-0.26008885454445063,Concession/Student
6.666666666666667,-0.2866718771974905,Concession/Student
6.675925925925926,-0.3091479330066373,Concession/Student
6.685185185185185,-0.3278164948561281,Concession/Student
6.694444444444445,-0.34162280328684796,Concession/Student
6.703703703703703,-0.3523386750361911,Concession/Student
6.712962962962963,-0.35993973262189854,Concession/Student
6.722222222222222,-0.3647569314709082,Concession/Student
6.731481481481482,-0.3680701036987438,Concession/Student
6.7407407407407405,-0.3698703019229466,Concession/Student
6.75,-0.37004502003691175,Concession/Student
6.7592592592592595,-0.36964351303525883,Concession/Student
6.768518518518518,-0.3681882007854613,Concession/Student
6.777777777777778,-0.3650580909775874,Concession/Student
6.787037037037037,-0.36075249211324484,Concession/Student
6.796296296296297,-0.35412720507649553,Concession/Student
6.805555555555555,-0.34424899099188067,Concession/Student
6.814814814814815,-0.3312734069555637,Concession/Student
6.824074074074074,-0.31397483712453256,Concession/Student
6.833333333333333,-0.2910511421990704,Concession/Student
6.842592592592593,-0.2612170990102065,Concession/Student
6.851851851851852,-0.22256018717553105,Concession/Student
6.861111111111111,-0.17624860449427152,Concession/Student
6.87037037037037,-0.1221084483240066,Concession/Student
6.87962962962963,-0.05872321373587029,Concession/Student
6.888888888888889,0.011725950808939376,Concession/Student
6.898148148148148,0.08794604260508829,Concession/Student
6.907407407407407,0.17175810552422827,Concession/Student
6.916666666666667,0.26081284790034626,Concession/Student
6.925925925925926,0.3525838196150413,Concession/Student
6.935185185185185,0.4479541441602147,Concession/Student
6.944444444444445,0.5422546719209835,Concession/Student
6.953703703703703,0.6310487093502989,Concession/Student
6.962962962962963,0.7158308589609783,Concession/Student
6.972222222222222,0.7886832037585613,Concession/Student
6.981481481481482,0.840797127748825,Concession/Student
6.9907407407407405,0.8770603100473495,Concession/Student
7.0,0.892372366005434,Concession/Student
7.0092592592592595,0.8744897863709503,Concession/Student
7.018518518518518,0.8357931105080715,Concession/Student
7.027777777777778,0.7812802439059843,Concession/Student
7.037037037037037,0.7061267577768096,Concession/Student
7.046296296296297,0.619325986267054,Concession/Student
7.055555555555555,0.528864493229453,Concession/Student
7.064814814814815,0.4334344093842901,Concession/Student
7.074074074074074,0.33762297791663787,Concession/Student
7.083333333333333,0.24598684390536762,Concession/Student
7.092592592592593,0.1577935877417034,Concession/Student
7.101851851851852,0.07548588922737806,Concession/Student
7.111111111111111,0.0012127971428438037,Concession/Student
7.12037037037037,-0.06698711364958164,Concession/Student
7.12962962962963,-0.12775885376989685,Concession/Student
7.138888888888889,-0.17952675185918643,Concession/Student
7.148148148148148,-0.22376882456355482,Concession/Student
7.157407407407407,-0.2604053940619416,Concession/Student
7.166666666666667,-0.28855625284809894,Concession/Student
7.175925925925926,-0.31041069077973277,Concession/Student
7.185185185185185,-0.32687159783945097,Concession/Student
7.194444444444445,-0.3392175002542505,Concession/Student
7.203703703703703,-0.3486901281436708,Concession/Student
7.212962962962963,-0.3550592224455409,Concession/Student
7.222222222222222,-0.3594219694165843,Concession/Student
7.231481481481482,-0.36282786471266587,Concession/Student
7.2407407407407405,-0.36471095738665826,Concession/Student
7.25,-0.36564565903000135,Concession/Student
7.2592592592592595,-0.3660886560203837,Concession/Student
7.268518518518518,-0.36485119329691457,Concession/Student
7.277777777777778,-0.3620264145239883,Concession/Student
7.287037037037037,-0.35756768439039616,Concession/Student
7.296296296296297,-0.3501419387545549,Concession/Student
7.305555555555555,-0.3394834323752525,Concession/Student
7.314814814814815,-0.32550869177349934,Concession/Student
7.324074074074074,-0.3064103761973822,Concession/Student
7.333333333333333,-0.28366164548036094,Concession/Student
7.342592592592593,-0.2567886465603164,Concession/Student
7.351851851851852,-0.22350083516004,Concession/Student
7.361111111111111,-0.18655775194999794,Concession/Student
7.37037037037037,-0.14632681537277767,Concession/Student
7.37962962962963,-0.10122906073059569,Concession/Student
7.388888888888889,-0.05312247957397231,Concession/Student
7.398148148148148,-0.00394678160263219,Concession/Student
7.407407407407407,0.046514862515808705,Concession/Student
7.416666666666667,0.09610340944904358,Concession/Student
7.425925925925926,0.14250219012268975,Concession/Student
7.435185185185185,0.18640438727747455,Concession/Student
7.444444444444445,0.22530131881108123,Concession/Student
7.453703703703703,0.25718543576388486,Concession/Student
7.462962962962963,0.284839996108897,Concession/Student
7.472222222222222,0.3064243542390072,Concession/Student
7.481481481481482,0.31941065383259065,Concession/Student
7.4907407407407405,0.3301420714408027,Concession/Student
7.5,0.33768676549592785,Concession/Student
7.5092592592592595,0.3363964844397,Concession/Student
7.518518518518518,0.33208093693188945,Concession/Student
7.527777777777778,0.3246226074849907,Concession/Student
7.537037037037037,0.3072835187331691,Concession/Student
7.546296296296297,0.2828316985694756,Concession/Student
7.555555555555555,0.25305790833093905,Concession/Student
7.564814814814815,0.21501559737998258,Concession/Student
7.574074074074074,0.1707891246894147,Concession/Student
7.583333333333333,0.12324792204335293,Concession/Student
7.592592592592593,0.07182754265420023,Concession/Student
7.601851851851852,0.019091006602422727,Concession/Student
7.611111111111111,-0.03258210016381036,Concession/Student
7.62037037037037,-0.08309212092694356,Concession/Student
7.62962962962963,-0.1303213959589657,Concession/Student
7.638888888888889,-0.17262450694912826,Concession/Student
7.648148148148148,-0.2111627305644029,Concession/Student
7.657407407407407,-0.24539720250826483,Concession/Student
7.666666666666667,-0.27323583057072226,Concession/Student
7.675925925925926,-0.29669234857661514,Concession/Student
7.685185185185185,-0.3161601375614971,Concession/Student
7.694444444444445,-0.33055514988522733,Concession/Student
7.703703703703703,-0.34170794944468047,Concession/Student
7.712962962962963,-0.3496467030907102,Concession/Student
7.722222222222222,-0.35472984695783716,Concession/Student
7.731481481481482,-0.35830407447292983,Concession/Student
7.7407407407407405,-0.36036142188297343,Concession/Student
7.75,-0.3608017220234797,Concession/Student
7.7592592592592595,-0.3607681926099778,Concession/Student
7.768518518518518,-0.35974779851831235,Concession/Student
7.777777777777778,-0.3570824907548215,Concession/Student
7.787037037037037,-0.3533136563759949,Concession/Student
7.796296296296297,-0.3472589211365115,Concession/Student
7.805555555555555,-0.3379623246842761,Concession/Student
7.814814814814815,-0.32556146475802045,Concession/Student
7.824074074074074,-0.3089222598140792,Concession/Student
7.833333333333333,-0.2866955885853931,Concession/Student
7.842592592592593,-0.25764372689282866,Concession/Student
7.851851851851852,-0.21993484444521857,Concession/Student
7.861111111111111,-0.17478412056000897,Concession/Student
7.87037037037037,-0.1221268892031697,Concession/Student
7.87962962962963,-0.06056944583920958,Concession/Student
7.888888888888889,0.007675153144609992,Concession/Student
7.898148148148148,0.08113490245686364,Concession/Student
7.907407407407407,0.16160774089107682,Concession/Student
7.916666666666667,0.24682221188716866,Concession/Student
7.925925925925926,0.33418940991312407,Concession/Student
7.935185185185185,0.4246583571453206,Concession/Student
7.944444444444445,0.5138363945610952,Concession/Student
7.953703703703703,0.5974456636623765,Concession/Student
7.962962962962963,0.6769238109305378,Concession/Student
7.972222222222222,0.7452384788623149,Concession/Student
7.981481481481482,0.7941084781958683,Concession/Student
7.9907407407407405,0.8280268128897447,Concession/Student
